#pragma once
/*
    #version:1# (machine generated, don't edit!)

    Generated by sokol-shdc (https://github.com/floooh/sokol-tools)

    Cmdline:
        sokol-shdc --input E:/box/box3d/samples/shaders/shapes/cube.glsl --output E:/box/box3d/samples/shaders/generated/cube.glsl.h --slang hlsl5:metal_macos:glsl430

    Overview:
    =========
    Shader program: 'cube':
        Get shader desc: cube_shader_desc(sg_query_backend());
        Vertex Shader: vs
        Fragment Shader: fs
        Attributes:
            ATTR_cube_in_pos => 0
    Bindings:
        Uniform block 'ub_draw':
            C struct: ub_draw_t
            Bind slot: UB_ub_draw => 2
        Uniform block 'ub_frame':
            C struct: ub_frame_t
            Bind slot: UB_ub_frame => 0
        Uniform block 'ub_pass':
            C struct: ub_pass_t
            Bind slot: UB_ub_pass => 1
        Storage buffer 'cube_instances':
            C struct: cube_instance_t
            Bind slot: VIEW_cube_instances => 0
            Readonly: true
        Texture 'tex_shadow':
            Image type: SG_IMAGETYPE_ARRAY
            Sample type: SG_IMAGESAMPLETYPE_DEPTH
            Multisampled: false
            Bind slot: VIEW_tex_shadow => 1
        Texture 'tex_ao':
            Image type: SG_IMAGETYPE_2D
            Sample type: SG_IMAGESAMPLETYPE_FLOAT
            Multisampled: false
            Bind slot: VIEW_tex_ao => 4
        Texture 'tex_ibl_spec':
            Image type: SG_IMAGETYPE_CUBE
            Sample type: SG_IMAGESAMPLETYPE_FLOAT
            Multisampled: false
            Bind slot: VIEW_tex_ibl_spec => 2
        Texture 'tex_brdf_lut':
            Image type: SG_IMAGETYPE_2D
            Sample type: SG_IMAGESAMPLETYPE_FLOAT
            Multisampled: false
            Bind slot: VIEW_tex_brdf_lut => 3
        Sampler 'smp_shadow':
            Type: SG_SAMPLERTYPE_COMPARISON
            Bind slot: SMP_smp_shadow => 0
        Sampler 'smp_ao':
            Type: SG_SAMPLERTYPE_FILTERING
            Bind slot: SMP_smp_ao => 3
        Sampler 'smp_ibl_spec':
            Type: SG_SAMPLERTYPE_FILTERING
            Bind slot: SMP_smp_ibl_spec => 1
        Sampler 'smp_brdf_lut':
            Type: SG_SAMPLERTYPE_FILTERING
            Bind slot: SMP_smp_brdf_lut => 2
*/
#if !defined(SOKOL_GFX_INCLUDED)
#error "Please include sokol_gfx.h before cube.glsl.h"
#endif
#if !defined(SOKOL_SHDC_ALIGN)
#if defined(_MSC_VER)
#define SOKOL_SHDC_ALIGN(a) __declspec(align(a))
#else
#define SOKOL_SHDC_ALIGN(a) __attribute__((aligned(a)))
#endif
#endif
#define ATTR_cube_in_pos (0)
#define UB_ub_draw (2)
#define UB_ub_frame (0)
#define UB_ub_pass (1)
#define VIEW_cube_instances (0)
#define VIEW_tex_shadow (1)
#define VIEW_tex_ao (4)
#define VIEW_tex_ibl_spec (2)
#define VIEW_tex_brdf_lut (3)
#define SMP_smp_shadow (0)
#define SMP_smp_ao (3)
#define SMP_smp_ibl_spec (1)
#define SMP_smp_brdf_lut (2)
#pragma pack(push,1)
SOKOL_SHDC_ALIGN(16) typedef struct ub_draw_t {
    int inst_base[4];
} ub_draw_t;
#pragma pack(pop)
#pragma pack(push,1)
SOKOL_SHDC_ALIGN(16) typedef struct ub_frame_t {
    Mat4 view;
    Mat4 proj;
    Mat4 view_proj;
    Mat4 inv_view_proj;
    Vec4 camera_pos;
    Vec4 viewport;
} ub_frame_t;
#pragma pack(pop)
#pragma pack(push,1)
SOKOL_SHDC_ALIGN(16) typedef struct ub_pass_t {
    Vec4 sun_dir_view;
    Vec4 sun_color;
    int flags[4];
    Vec4 cascade_far_view_z;
    Vec4 cascade_texel_world;
    Vec4 cascade_depth_bias;
    Vec4 shadow_params;
    Mat4 cascade_matrices[4];
    Mat4 view;
    Vec4 camera_pos_world;
    Vec4 sh[9];
    Vec4 ibl_params;
} ub_pass_t;
#pragma pack(pop)
#pragma pack(push,1)
SOKOL_SHDC_ALIGN(16) typedef struct cube_instance_t {
    Vec4 xform_row0;
    Vec4 xform_row1;
    Vec4 xform_row2;
    Vec4 base_color;
    Vec4 material;
} cube_instance_t;
#pragma pack(pop)
/*
    #version 430

    struct cube_instance
    {
        vec4 xform_row0;
        vec4 xform_row1;
        vec4 xform_row2;
        vec4 base_color;
        vec4 material;
    };

    layout(binding = 0, std430) readonly buffer cube_instances
    {
        cube_instance instances[];
    } _15;

    uniform ivec4 ub_draw[1];
    uniform vec4 ub_frame[18];
    layout(location = 0) in vec3 in_pos;
    layout(location = 0) out vec3 v_view_pos;
    layout(location = 1) out vec3 v_world_pos;
    layout(location = 2) flat out vec4 v_base_color;
    layout(location = 3) flat out vec4 v_material;

    void main()
    {
        int _30 = ub_draw[0].x + gl_InstanceID;
        vec4 _58 = vec4(in_pos, 1.0);
        float _64 = dot(_15.instances[_30].xform_row0, _58);
        float _68 = dot(_15.instances[_30].xform_row1, _58);
        float _72 = dot(_15.instances[_30].xform_row2, _58);
        vec4 _87 = mat4(ub_frame[0], ub_frame[1], ub_frame[2], ub_frame[3]) * vec4(_64, _68, _72, 1.0);
        v_view_pos = _87.xyz;
        v_world_pos = vec3(_64, _68, _72);
        v_base_color = _15.instances[_30].base_color;
        v_material = _15.instances[_30].material;
        gl_Position = mat4(ub_frame[4], ub_frame[5], ub_frame[6], ub_frame[7]) * _87;
    }

*/
static const uint8_t vs_source_glsl430[1126] = {
    0x23,0x76,0x65,0x72,0x73,0x69,0x6f,0x6e,0x20,0x34,0x33,0x30,0x0a,0x0a,0x73,0x74,
    0x72,0x75,0x63,0x74,0x20,0x63,0x75,0x62,0x65,0x5f,0x69,0x6e,0x73,0x74,0x61,0x6e,
    0x63,0x65,0x0a,0x7b,0x0a,0x20,0x20,0x20,0x20,0x76,0x65,0x63,0x34,0x20,0x78,0x66,
    0x6f,0x72,0x6d,0x5f,0x72,0x6f,0x77,0x30,0x3b,0x0a,0x20,0x20,0x20,0x20,0x76,0x65,
    0x63,0x34,0x20,0x78,0x66,0x6f,0x72,0x6d,0x5f,0x72,0x6f,0x77,0x31,0x3b,0x0a,0x20,
    0x20,0x20,0x20,0x76,0x65,0x63,0x34,0x20,0x78,0x66,0x6f,0x72,0x6d,0x5f,0x72,0x6f,
    0x77,0x32,0x3b,0x0a,0x20,0x20,0x20,0x20,0x76,0x65,0x63,0x34,0x20,0x62,0x61,0x73,
    0x65,0x5f,0x63,0x6f,0x6c,0x6f,0x72,0x3b,0x0a,0x20,0x20,0x20,0x20,0x76,0x65,0x63,
    0x34,0x20,0x6d,0x61,0x74,0x65,0x72,0x69,0x61,0x6c,0x3b,0x0a,0x7d,0x3b,0x0a,0x0a,
    0x6c,0x61,0x79,0x6f,0x75,0x74,0x28,0x62,0x69,0x6e,0x64,0x69,0x6e,0x67,0x20,0x3d,
    0x20,0x30,0x2c,0x20,0x73,0x74,0x64,0x34,0x33,0x30,0x29,0x20,0x72,0x65,0x61,0x64,
    0x6f,0x6e,0x6c,0x79,0x20,0x62,0x75,0x66,0x66,0x65,0x72,0x20,0x63,0x75,0x62,0x65,
    0x5f,0x69,0x6e,0x73,0x74,0x61,0x6e,0x63,0x65,0x73,0x0a,0x7b,0x0a,0x20,0x20,0x20,
    0x20,0x63,0x75,0x62,0x65,0x5f,0x69,0x6e,0x73,0x74,0x61,0x6e,0x63,0x65,0x20,0x69,
    0x6e,0x73,0x74,0x61,0x6e,0x63,0x65,0x73,0x5b,0x5d,0x3b,0x0a,0x7d,0x20,0x5f,0x31,
    0x35,0x3b,0x0a,0x0a,0x75,0x6e,0x69,0x66,0x6f,0x72,0x6d,0x20,0x69,0x76,0x65,0x63,
    0x34,0x20,0x75,0x62,0x5f,0x64,0x72,0x61,0x77,0x5b,0x31,0x5d,0x3b,0x0a,0x75,0x6e,
    0x69,0x66,0x6f,0x72,0x6d,0x20,0x76,0x65,0x63,0x34,0x20,0x75,0x62,0x5f,0x66,0x72,
    0x61,0x6d,0x65,0x5b,0x31,0x38,0x5d,0x3b,0x0a,0x6c,0x61,0x79,0x6f,0x75,0x74,0x28,
    0x6c,0x6f,0x63,0x61,0x74,0x69,0x6f,0x6e,0x20,0x3d,0x20,0x30,0x29,0x20,0x69,0x6e,
    0x20,0x76,0x65,0x63,0x33,0x20,0x69,0x6e,0x5f,0x70,0x6f,0x73,0x3b,0x0a,0x6c,0x61,
    0x79,0x6f,0x75,0x74,0x28,0x6c,0x6f,0x63,0x61,0x74,0x69,0x6f,0x6e,0x20,0x3d,0x20,
    0x30,0x29,0x20,0x6f,0x75,0x74,0x20,0x76,0x65,0x63,0x33,0x20,0x76,0x5f,0x76,0x69,
    0x65,0x77,0x5f,0x70,0x6f,0x73,0x3b,0x0a,0x6c,0x61,0x79,0x6f,0x75,0x74,0x28,0x6c,
    0x6f,0x63,0x61,0x74,0x69,0x6f,0x6e,0x20,0x3d,0x20,0x31,0x29,0x20,0x6f,0x75,0x74,
    0x20,0x76,0x65,0x63,0x33,0x20,0x76,0x5f,0x77,0x6f,0x72,0x6c,0x64,0x5f,0x70,0x6f,
    0x73,0x3b,0x0a,0x6c,0x61,0x79,0x6f,0x75,0x74,0x28,0x6c,0x6f,0x63,0x61,0x74,0x69,
    0x6f,0x6e,0x20,0x3d,0x20,0x32,0x29,0x20,0x66,0x6c,0x61,0x74,0x20,0x6f,0x75,0x74,
    0x20,0x76,0x65,0x63,0x34,0x20,0x76,0x5f,0x62,0x61,0x73,0x65,0x5f,0x63,0x6f,0x6c,
    0x6f,0x72,0x3b,0x0a,0x6c,0x61,0x79,0x6f,0x75,0x74,0x28,0x6c,0x6f,0x63,0x61,0x74,
    0x69,0x6f,0x6e,0x20,0x3d,0x20,0x33,0x29,0x20,0x66,0x6c,0x61,0x74,0x20,0x6f,0x75,
    0x74,0x20,0x76,0x65,0x63,0x34,0x20,0x76,0x5f,0x6d,0x61,0x74,0x65,0x72,0x69,0x61,
    0x6c,0x3b,0x0a,0x0a,0x76,0x6f,0x69,0x64,0x20,0x6d,0x61,0x69,0x6e,0x28,0x29,0x0a,
    0x7b,0x0a,0x20,0x20,0x20,0x20,0x69,0x6e,0x74,0x20,0x5f,0x33,0x30,0x20,0x3d,0x20,
    0x75,0x62,0x5f,0x64,0x72,0x61,0x77,0x5b,0x30,0x5d,0x2e,0x78,0x20,0x2b,0x20,0x67,
    0x6c,0x5f,0x49,0x6e,0x73,0x74,0x61,0x6e,0x63,0x65,0x49,0x44,0x3b,0x0a,0x20,0x20,
    0x20,0x20,0x76,0x65,0x63,0x34,0x20,0x5f,0x35,0x38,0x20,0x3d,0x20,0x76,0x65,0x63,
    0x34,0x28,0x69,0x6e,0x5f,0x70,0x6f,0x73,0x2c,0x20,0x31,0x2e,0x30,0x29,0x3b,0x0a,
    0x20,0x20,0x20,0x20,0x66,0x6c,0x6f,0x61,0x74,0x20,0x5f,0x36,0x34,0x20,0x3d,0x20,
    0x64,0x6f,0x74,0x28,0x5f,0x31,0x35,0x2e,0x69,0x6e,0x73,0x74,0x61,0x6e,0x63,0x65,
    0x73,0x5b,0x5f,0x33,0x30,0x5d,0x2e,0x78,0x66,0x6f,0x72,0x6d,0x5f,0x72,0x6f,0x77,
    0x30,0x2c,0x20,0x5f,0x35,0x38,0x29,0x3b,0x0a,0x20,0x20,0x20,0x20,0x66,0x6c,0x6f,
    0x61,0x74,0x20,0x5f,0x36,0x38,0x20,0x3d,0x20,0x64,0x6f,0x74,0x28,0x5f,0x31,0x35,
    0x2e,0x69,0x6e,0x73,0x74,0x61,0x6e,0x63,0x65,0x73,0x5b,0x5f,0x33,0x30,0x5d,0x2e,
    0x78,0x66,0x6f,0x72,0x6d,0x5f,0x72,0x6f,0x77,0x31,0x2c,0x20,0x5f,0x35,0x38,0x29,
    0x3b,0x0a,0x20,0x20,0x20,0x20,0x66,0x6c,0x6f,0x61,0x74,0x20,0x5f,0x37,0x32,0x20,
    0x3d,0x20,0x64,0x6f,0x74,0x28,0x5f,0x31,0x35,0x2e,0x69,0x6e,0x73,0x74,0x61,0x6e,
    0x63,0x65,0x73,0x5b,0x5f,0x33,0x30,0x5d,0x2e,0x78,0x66,0x6f,0x72,0x6d,0x5f,0x72,
    0x6f,0x77,0x32,0x2c,0x20,0x5f,0x35,0x38,0x29,0x3b,0x0a,0x20,0x20,0x20,0x20,0x76,
    0x65,0x63,0x34,0x20,0x5f,0x38,0x37,0x20,0x3d,0x20,0x6d,0x61,0x74,0x34,0x28,0x75,
    0x62,0x5f,0x66,0x72,0x61,0x6d,0x65,0x5b,0x30,0x5d,0x2c,0x20,0x75,0x62,0x5f,0x66,
    0x72,0x61,0x6d,0x65,0x5b,0x31,0x5d,0x2c,0x20,0x75,0x62,0x5f,0x66,0x72,0x61,0x6d,
    0x65,0x5b,0x32,0x5d,0x2c,0x20,0x75,0x62,0x5f,0x66,0x72,0x61,0x6d,0x65,0x5b,0x33,
    0x5d,0x29,0x20,0x2a,0x20,0x76,0x65,0x63,0x34,0x28,0x5f,0x36,0x34,0x2c,0x20,0x5f,
    0x36,0x38,0x2c,0x20,0x5f,0x37,0x32,0x2c,0x20,0x31,0x2e,0x30,0x29,0x3b,0x0a,0x20,
    0x20,0x20,0x20,0x76,0x5f,0x76,0x69,0x65,0x77,0x5f,0x70,0x6f,0x73,0x20,0x3d,0x20,
    0x5f,0x38,0x37,0x2e,0x78,0x79,0x7a,0x3b,0x0a,0x20,0x20,0x20,0x20,0x76,0x5f,0x77,
    0x6f,0x72,0x6c,0x64,0x5f,0x70,0x6f,0x73,0x20,0x3d,0x20,0x76,0x65,0x63,0x33,0x28,
    0x5f,0x36,0x34,0x2c,0x20,0x5f,0x36,0x38,0x2c,0x20,0x5f,0x37,0x32,0x29,0x3b,0x0a,
    0x20,0x20,0x20,0x20,0x76,0x5f,0x62,0x61,0x73,0x65,0x5f,0x63,0x6f,0x6c,0x6f,0x72,
    0x20,0x3d,0x20,0x5f,0x31,0x35,0x2e,0x69,0x6e,0x73,0x74,0x61,0x6e,0x63,0x65,0x73,
    0x5b,0x5f,0x33,0x30,0x5d,0x2e,0x62,0x61,0x73,0x65,0x5f,0x63,0x6f,0x6c,0x6f,0x72,
    0x3b,0x0a,0x20,0x20,0x20,0x20,0x76,0x5f,0x6d,0x61,0x74,0x65,0x72,0x69,0x61,0x6c,
    0x20,0x3d,0x20,0x5f,0x31,0x35,0x2e,0x69,0x6e,0x73,0x74,0x61,0x6e,0x63,0x65,0x73,
    0x5b,0x5f,0x33,0x30,0x5d,0x2e,0x6d,0x61,0x74,0x65,0x72,0x69,0x61,0x6c,0x3b,0x0a,
    0x20,0x20,0x20,0x20,0x67,0x6c,0x5f,0x50,0x6f,0x73,0x69,0x74,0x69,0x6f,0x6e,0x20,
    0x3d,0x20,0x6d,0x61,0x74,0x34,0x28,0x75,0x62,0x5f,0x66,0x72,0x61,0x6d,0x65,0x5b,
    0x34,0x5d,0x2c,0x20,0x75,0x62,0x5f,0x66,0x72,0x61,0x6d,0x65,0x5b,0x35,0x5d,0x2c,
    0x20,0x75,0x62,0x5f,0x66,0x72,0x61,0x6d,0x65,0x5b,0x36,0x5d,0x2c,0x20,0x75,0x62,
    0x5f,0x66,0x72,0x61,0x6d,0x65,0x5b,0x37,0x5d,0x29,0x20,0x2a,0x20,0x5f,0x38,0x37,
    0x3b,0x0a,0x7d,0x0a,0x0a,0x00,
};
/*
    #version 430

    struct ub_pass
    {
        vec4 sun_dir_view;
        vec4 sun_color;
        ivec4 flags;
        vec4 cascade_far_view_z;
        vec4 cascade_texel_world;
        vec4 cascade_depth_bias;
        vec4 shadow_params;
        mat4 cascade_matrices[4];
        mat4 view;
        vec4 camera_pos_world;
        vec4 sh[9];
        vec4 ibl_params;
    };

    uniform ub_pass _1073;

    layout(binding = 0) uniform sampler2D tex_ao_smp_ao;
    layout(binding = 1) uniform sampler2DArrayShadow tex_shadow_smp_shadow;
    layout(binding = 2) uniform samplerCube tex_ibl_spec_smp_ibl_spec;
    layout(binding = 3) uniform sampler2D tex_brdf_lut_smp_brdf_lut;

    layout(location = 0) in vec3 v_view_pos;
    layout(location = 0) out vec4 out_color;
    layout(location = 1) in vec3 v_world_pos;
    layout(location = 2) flat in vec4 v_base_color;
    layout(location = 3) flat in vec4 v_material;

    int selectShadowCascade(vec4 far_view_z, float view_z)
    {
        int cascade = 3;
        for (int i = 0; i < 3; i++)
        {
            if (view_z < far_view_z[i])
            {
                cascade = i;
                break;
            }
        }
        return cascade;
    }

    vec3 shadowCascadeTint(int cascade)
    {
        if (cascade == 0)
        {
            return vec3(1.0, 0.4000000059604644775390625, 0.4000000059604644775390625);
        }
        if (cascade == 1)
        {
            return vec3(0.4000000059604644775390625, 1.0, 0.4000000059604644775390625);
        }
        if (cascade == 2)
        {
            return vec3(0.4000000059604644775390625, 0.4000000059604644775390625, 1.0);
        }
        return vec3(1.0, 0.89999997615814208984375, 0.300000011920928955078125);
    }

    float sampleShadowTap(vec2 uv, float layer, float ref_z, sampler2DArrayShadow SPIRV_Cross_Combinedtexsmp)
    {
        return texture(SPIRV_Cross_Combinedtexsmp, vec4(vec4(uv, layer, ref_z).xyz, ref_z));
    }

    float sampleShadowPCF(int cascade, vec3 light_uv, float bias, float scale, float inv_size, sampler2DArrayShadow SPIRV_Cross_Combinedtexsmp)
    {
        float _617 = float(cascade);
        float _622 = light_uv.z - bias;
        vec2 _627 = light_uv.xy * (1.0 / inv_size);
        vec2 _632 = floor(_627 + vec2(0.5));
        float _639 = (_627.x + 0.5) - _632.x;
        float _646 = (_627.y + 0.5) - _632.y;
        vec2 _651 = (_632 - vec2(0.5)) * inv_size;
        float _655 = inv_size * scale;
        float _658 = 5.0 * _639;
        float _660 = _658 - 6.0;
        float _664 = 11.0 * _639;
        float _666 = _664 - 28.0;
        float _672 = (-17.0) - _664;
        float _677 = (-1.0) - _658;
        float _681 = 4.0 * _639;
        float _685 = ((_681 - 5.0) / _660) - 3.0;
        float _693 = ((_681 - 16.0) / _666) - 1.0;
        float _702 = (((-5.0) - (7.0 * _639)) / _672) + 1.0;
        float _708 = ((-_639) / _677) + 3.0;
        float _711 = 5.0 * _646;
        float _712 = _711 - 6.0;
        float _715 = 11.0 * _646;
        float _716 = _715 - 28.0;
        float _721 = (-17.0) - _715;
        float _726 = (-1.0) - _711;
        float _729 = 4.0 * _646;
        float _733 = ((_729 - 5.0) / _712) - 3.0;
        float _740 = ((_729 - 16.0) / _716) - 1.0;
        float _748 = (((-5.0) - (7.0 * _646)) / _721) + 1.0;
        float _754 = ((-_646) / _726) + 3.0;
        float sum = 0.0;
        vec2 param = _651 + (vec2(_685, _733) * _655);
        float param_1 = _617;
        float param_2 = _622;
        sum += ((_660 * _712) * sampleShadowTap(param, param_1, param_2, SPIRV_Cross_Combinedtexsmp));
        vec2 param_3 = _651 + (vec2(_693, _733) * _655);
        float param_4 = _617;
        float param_5 = _622;
        sum += ((_666 * _712) * sampleShadowTap(param_3, param_4, param_5, SPIRV_Cross_Combinedtexsmp));
        vec2 param_6 = _651 + (vec2(_702, _733) * _655);
        float param_7 = _617;
        float param_8 = _622;
        sum += ((_672 * _712) * sampleShadowTap(param_6, param_7, param_8, SPIRV_Cross_Combinedtexsmp));
        vec2 param_9 = _651 + (vec2(_708, _733) * _655);
        float param_10 = _617;
        float param_11 = _622;
        sum += ((_677 * _712) * sampleShadowTap(param_9, param_10, param_11, SPIRV_Cross_Combinedtexsmp));
        vec2 param_12 = _651 + (vec2(_685, _740) * _655);
        float param_13 = _617;
        float param_14 = _622;
        sum += ((_660 * _716) * sampleShadowTap(param_12, param_13, param_14, SPIRV_Cross_Combinedtexsmp));
        vec2 param_15 = _651 + (vec2(_693, _740) * _655);
        float param_16 = _617;
        float param_17 = _622;
        sum += ((_666 * _716) * sampleShadowTap(param_15, param_16, param_17, SPIRV_Cross_Combinedtexsmp));
        vec2 param_18 = _651 + (vec2(_702, _740) * _655);
        float param_19 = _617;
        float param_20 = _622;
        sum += ((_672 * _716) * sampleShadowTap(param_18, param_19, param_20, SPIRV_Cross_Combinedtexsmp));
        vec2 param_21 = _651 + (vec2(_708, _740) * _655);
        float param_22 = _617;
        float param_23 = _622;
        sum += ((_677 * _716) * sampleShadowTap(param_21, param_22, param_23, SPIRV_Cross_Combinedtexsmp));
        vec2 param_24 = _651 + (vec2(_685, _748) * _655);
        float param_25 = _617;
        float param_26 = _622;
        sum += ((_660 * _721) * sampleShadowTap(param_24, param_25, param_26, SPIRV_Cross_Combinedtexsmp));
        vec2 param_27 = _651 + (vec2(_693, _748) * _655);
        float param_28 = _617;
        float param_29 = _622;
        sum += ((_666 * _721) * sampleShadowTap(param_27, param_28, param_29, SPIRV_Cross_Combinedtexsmp));
        vec2 param_30 = _651 + (vec2(_702, _748) * _655);
        float param_31 = _617;
        float param_32 = _622;
        sum += ((_672 * _721) * sampleShadowTap(param_30, param_31, param_32, SPIRV_Cross_Combinedtexsmp));
        vec2 param_33 = _651 + (vec2(_708, _748) * _655);
        float param_34 = _617;
        float param_35 = _622;
        sum += ((_677 * _721) * sampleShadowTap(param_33, param_34, param_35, SPIRV_Cross_Combinedtexsmp));
        vec2 param_36 = _651 + (vec2(_685, _754) * _655);
        float param_37 = _617;
        float param_38 = _622;
        sum += ((_660 * _726) * sampleShadowTap(param_36, param_37, param_38, SPIRV_Cross_Combinedtexsmp));
        vec2 param_39 = _651 + (vec2(_693, _754) * _655);
        float param_40 = _617;
        float param_41 = _622;
        sum += ((_666 * _726) * sampleShadowTap(param_39, param_40, param_41, SPIRV_Cross_Combinedtexsmp));
        vec2 param_42 = _651 + (vec2(_702, _754) * _655);
        float param_43 = _617;
        float param_44 = _622;
        sum += ((_672 * _726) * sampleShadowTap(param_42, param_43, param_44, SPIRV_Cross_Combinedtexsmp));
        vec2 param_45 = _651 + (vec2(_708, _754) * _655);
        float param_46 = _617;
        float param_47 = _622;
        float _1058 = sum;
        float _1059 = _1058 + ((_677 * _726) * sampleShadowTap(param_45, param_46, param_47, SPIRV_Cross_Combinedtexsmp));
        sum = _1059;
        return _1059 * 0.000369822490029036998748779296875;
    }

    float sampleCascade(int cascade, vec3 world_pos, vec3 world_normal, float n_dot_l)
    {
        float _1088 = clamp(_1073.cascade_texel_world.x / _1073.cascade_texel_world[cascade], 0.25, 1.0);
        float _1098 = 3.0 * _1088;
        vec4 _1120 = _1073.cascade_matrices[cascade] * vec4(world_pos + (world_normal * ((((_1098 + 0.5) * 1.41420996189117431640625) * sqrt(max(1.0 - (n_dot_l * n_dot_l), 0.0))) * _1073.cascade_texel_world[cascade])), 1.0);
        vec3 _1128 = _1120.xyz / vec3(_1120.w);
        float _1144 = _1128.z;
        vec3 _1145 = vec3((_1128.x * 0.5) + 0.5, ((_1128.y * _1073.shadow_params.x) * 0.5) + 0.5, _1144);
        bool _1148 = _1144 < 0.0;
        bool _1155;
        if (!_1148)
        {
            _1155 = _1144 > 1.0;
        }
        else
        {
            _1155 = _1148;
        }
        if (_1155)
        {
            return 1.0;
        }
        float _1165 = (_1098 + 1.0) * _1073.shadow_params.y;
        vec2 _1167 = _1145.xy;
        bool _1173 = any(lessThan(_1167, vec2(-_1165)));
        bool _1184;
        if (!_1173)
        {
            _1184 = any(greaterThan(_1167, vec2(1.0 + _1165)));
        }
        else
        {
            _1184 = _1173;
        }
        if (_1184)
        {
            return 1.0;
        }
        int param = cascade;
        vec3 param_1 = _1145;
        float param_2 = _1073.cascade_depth_bias[cascade];
        float param_3 = _1088;
        float param_4 = _1073.shadow_params.y;
        return sampleShadowPCF(param, param_1, param_2, param_3, param_4, tex_shadow_smp_shadow);
    }

    float sampleShadowCascaded(vec3 world_pos, vec3 world_normal, float n_dot_l, float view_z)
    {
        vec4 param = _1073.cascade_far_view_z;
        float param_1 = view_z;
        int _1211 = selectShadowCascade(param, param_1);
        int param_2 = _1211;
        vec3 param_3 = world_pos;
        vec3 param_4 = world_normal;
        float param_5 = n_dot_l;
        float shadow = sampleCascade(param_2, param_3, param_4, param_5);
        if (_1211 < 3)
        {
            float _1233;
            if (_1211 == 0)
            {
                _1233 = 0.0;
            }
            else
            {
                _1233 = _1073.cascade_far_view_z[_1211 - 1];
            }
            float _1246 = mix(_1073.cascade_far_view_z[_1211], _1233, 0.100000001490116119384765625);
            if (view_z > _1246)
            {
                int param_6 = _1211 + 1;
                vec3 param_7 = world_pos;
                vec3 param_8 = world_normal;
                float param_9 = n_dot_l;
                shadow = mix(shadow, sampleCascade(param_6, param_7, param_8, param_9), (view_z - _1246) / (_1073.cascade_far_view_z[_1211] - _1246));
            }
        }
        return shadow;
    }

    float pbrDistributionGGX(float n_dot_h, float alpha)
    {
        float _135 = alpha * alpha;
        float _144 = ((n_dot_h * n_dot_h) * (_135 - 1.0)) + 1.0;
        return _135 / ((3.1415927410125732421875 * _144) * _144);
    }

    float pbrVisibilitySmithCorrelated(float n_dot_v, float n_dot_l, float alpha)
    {
        float _157 = alpha * alpha;
        float _164 = 1.0 - _157;
        return 0.5 / (((n_dot_l * sqrt(((n_dot_v * n_dot_v) * _164) + _157)) + (n_dot_v * sqrt(((n_dot_l * n_dot_l) * _164) + _157))) + 9.9999997473787516355514526367188e-06);
    }

    vec3 pbrFresnelSchlick(float v_dot_h, vec3 f0)
    {
        float _193 = 1.0 - v_dot_h;
        float _197 = _193 * _193;
        return f0 + ((vec3(1.0) - f0) * ((_197 * _197) * _193));
    }

    vec3 brdf_evaluate(vec3 N, vec3 V, vec3 L, vec3 sun_radiance, vec3 base_color, float metallic, float roughness)
    {
        float _216 = max(dot(N, L), 0.0);
        vec3 _227 = normalize(V + L);
        float _241 = max(roughness, 0.04500000178813934326171875);
        float _245 = _241 * _241;
        float param = max(dot(N, _227), 0.0);
        float param_1 = _245;
        float param_2 = max(dot(N, V), 9.9999997473787516355514526367188e-05);
        float param_3 = _216;
        float param_4 = _245;
        float param_5 = max(dot(V, _227), 0.0);
        vec3 param_6 = mix(vec3(0.039999999105930328369140625), base_color, vec3(metallic));
        vec3 _272 = pbrFresnelSchlick(param_5, param_6);
        return ((((((vec3(1.0) - _272) * (1.0 - metallic)) * base_color) * vec3(0.3183098733425140380859375)) + (_272 * (pbrDistributionGGX(param, param_1) * pbrVisibilitySmithCorrelated(param_2, param_3, param_4)))) * sun_radiance) * _216;
    }

    vec3 pbrEvaluateShIrradiance(vec3 N, vec4 sh[9])
    {
        vec3 _426 = ((((((((sh[0].xyz * 0.2820948064327239990234375) + (sh[1].xyz * ((-0.48860251903533935546875) * N.y))) + (sh[2].xyz * (0.48860251903533935546875 * N.z))) + (sh[3].xyz * ((-0.48860251903533935546875) * N.x))) + (sh[4].xyz * ((1.09254848957061767578125 * N.x) * N.y))) + (sh[5].xyz * (((-1.09254848957061767578125) * N.y) * N.z))) + (sh[6].xyz * (0.3153915703296661376953125 * (((3.0 * N.z) * N.z) - 1.0)))) + (sh[7].xyz * (((-1.09254848957061767578125) * N.x) * N.z))) + (sh[8].xyz * (0.546274244785308837890625 * ((N.x * N.x) - (N.y * N.y))));
        return _426;
    }

    vec3 pbrEvaluateIbl(vec3 N_world, vec3 V_world, vec3 base_color, float metallic, float roughness, vec4 sh[9], float max_lod, samplerCube SPIRV_Cross_Combinedtex_spec_cubesmp_spec_cube, sampler2D SPIRV_Cross_Combinedtex_brdf_lutsmp_brdf_lut)
    {
        float _433 = clamp(dot(N_world, V_world), 9.9999997473787516355514526367188e-05, 1.0);
        vec3 _443 = mix(vec3(0.039999999105930328369140625), base_color, vec3(metallic));
        vec3 param = N_world;
        vec4 param_1[9] = sh;
        vec4 _507 = texture(SPIRV_Cross_Combinedtex_brdf_lutsmp_brdf_lut, vec2(_433, roughness));
        return (((((vec3(1.0) - (_443 + ((max(vec3(1.0 - roughness), _443) - _443) * pow(max(0.0, 1.0 - _433), 5.0)))) * (1.0 - metallic)) * base_color) * max(pbrEvaluateShIrradiance(param, param_1), vec3(0.0))) * vec3(0.3183098733425140380859375)) + (textureLod(SPIRV_Cross_Combinedtex_spec_cubesmp_spec_cube, reflect(-V_world, N_world), roughness * max_lod).xyz * ((_443 * _507.x) + vec3(_507.y)));
    }

    vec3 pbrEvaluateAmbient(bool iblEnabled, vec3 N_world, vec3 V_world, vec3 base_color, float metallic, float roughness, float flat_strength, vec4 sh[9], float max_lod, samplerCube SPIRV_Cross_Combinedtex_spec_cubesmp_spec_cube, sampler2D SPIRV_Cross_Combinedtex_brdf_lutsmp_brdf_lut)
    {
        vec3 result = base_color * flat_strength;
        if (iblEnabled)
        {
            vec3 param = N_world;
            vec3 param_1 = V_world;
            vec3 param_2 = base_color;
            float param_3 = metallic;
            float param_4 = roughness;
            vec4 param_5[9] = sh;
            float param_6 = max_lod;
            result = pbrEvaluateIbl(param, param_1, param_2, param_3, param_4, param_5, param_6, SPIRV_Cross_Combinedtex_spec_cubesmp_spec_cube, SPIRV_Cross_Combinedtex_brdf_lutsmp_brdf_lut);
        }
        return result;
    }

    void main()
    {
        vec3 _1280 = dFdx(v_view_pos);
        vec3 _1283 = dFdy(v_view_pos);
        vec3 _1292 = normalize(cross(_1283 * (-_1073.shadow_params.x), _1280));
        float _1297 = -v_view_pos.z;
        if (_1073.flags.x == 1)
        {
            float _1308 = clamp(v_view_pos.z * (-0.0199999995529651641845703125), 0.0, 1.0);
            out_color = vec4(_1308, _1308, _1308, 1.0);
            return;
        }
        if (_1073.flags.x == 2)
        {
            vec4 param = _1073.cascade_far_view_z;
            float param_1 = _1297;
            int _1325 = selectShadowCascade(param, param_1);
            vec4 _1336 = _1073.cascade_matrices[_1325] * vec4(v_world_pos, 1.0);
            vec3 _1343 = _1336.xyz / vec3(_1336.w);
            vec3 _1360 = vec3((_1343.x * 0.5) + 0.5, ((_1343.y * _1073.shadow_params.x) * 0.5) + 0.5, _1343.z);
            bool _1365 = any(lessThan(_1360, vec3(0.0)));
            bool _1372;
            if (!_1365)
            {
                _1372 = any(greaterThan(_1360, vec3(1.0)));
            }
            else
            {
                _1372 = _1365;
            }
            vec3 tint = vec3(1.0);
            if (!_1372)
            {
                int param_2 = _1325;
                tint = shadowCascadeTint(param_2);
            }
            out_color = vec4(tint, 1.0);
            return;
        }
        if (_1073.flags.x == 3)
        {
            out_color = vec4((_1292 * 0.5) + vec3(0.5), 1.0);
            return;
        }
        vec4 _1421 = textureLod(tex_ao_smp_ao, gl_FragCoord.xy / vec2(textureSize(tex_ao_smp_ao, 0)), 0.0);
        float _1422 = _1421.x;
        if (_1073.flags.x == 4)
        {
            out_color = vec4(_1422, _1422, _1422, 1.0);
            return;
        }
        vec3 _1452 = normalize(transpose(mat3(_1073.view[0].xyz, _1073.view[1].xyz, _1073.view[2].xyz)) * _1292);
        vec3 _1457 = normalize(_1073.sun_dir_view.xyz);
        vec3 param_3 = v_world_pos;
        vec3 param_4 = _1452;
        float param_5 = max(dot(_1292, _1457), 0.0);
        float param_6 = _1297;
        vec3 param_7 = _1292;
        vec3 param_8 = normalize(-v_view_pos);
        vec3 param_9 = _1457;
        vec3 param_10 = _1073.sun_color.xyz * sampleShadowCascaded(param_3, param_4, param_5, param_6);
        vec3 param_11 = v_base_color.xyz;
        float param_12 = v_material.x;
        float param_13 = v_material.y;
        bool param_14 = _1073.ibl_params.y > 0.5;
        vec3 param_15 = _1452;
        vec3 param_16 = normalize(_1073.camera_pos_world.xyz - v_world_pos);
        vec3 param_17 = v_base_color.xyz;
        float param_18 = v_material.x;
        float param_19 = v_material.y;
        float param_20 = _1073.sun_color.w;
        vec4 param_21[9];
        param_21[0] = _1073.sh[0];
        param_21[1] = _1073.sh[1];
        param_21[2] = _1073.sh[2];
        param_21[3] = _1073.sh[3];
        param_21[4] = _1073.sh[4];
        param_21[5] = _1073.sh[5];
        param_21[6] = _1073.sh[6];
        param_21[7] = _1073.sh[7];
        param_21[8] = _1073.sh[8];
        float param_22 = _1073.ibl_params.x;
        out_color = vec4((brdf_evaluate(param_7, param_8, param_9, param_10, param_11, param_12, param_13) + (pbrEvaluateAmbient(param_14, param_15, param_16, param_17, param_18, param_19, param_20, param_21, param_22, tex_ibl_spec_smp_ibl_spec, tex_brdf_lut_smp_brdf_lut) * _1422)) * v_base_color.w, v_base_color.w);
    }

*/
static const uint8_t fs_source_glsl430[16144] = {
    0x23,0x76,0x65,0x72,0x73,0x69,0x6f,0x6e,0x20,0x34,0x33,0x30,0x0a,0x0a,0x73,0x74,
    0x72,0x75,0x63,0x74,0x20,0x75,0x62,0x5f,0x70,0x61,0x73,0x73,0x0a,0x7b,0x0a,0x20,
    0x20,0x20,0x20,0x76,0x65,0x63,0x34,0x20,0x73,0x75,0x6e,0x5f,0x64,0x69,0x72,0x5f,
    0x76,0x69,0x65,0x77,0x3b,0x0a,0x20,0x20,0x20,0x20,0x76,0x65,0x63,0x34,0x20,0x73,
    0x75,0x6e,0x5f,0x63,0x6f,0x6c,0x6f,0x72,0x3b,0x0a,0x20,0x20,0x20,0x20,0x69,0x76,
    0x65,0x63,0x34,0x20,0x66,0x6c,0x61,0x67,0x73,0x3b,0x0a,0x20,0x20,0x20,0x20,0x76,
    0x65,0x63,0x34,0x20,0x63,0x61,0x73,0x63,0x61,0x64,0x65,0x5f,0x66,0x61,0x72,0x5f,
    0x76,0x69,0x65,0x77,0x5f,0x7a,0x3b,0x0a,0x20,0x20,0x20,0x20,0x76,0x65,0x63,0x34,
    0x20,0x63,0x61,0x73,0x63,0x61,0x64,0x65,0x5f,0x74,0x65,0x78,0x65,0x6c,0x5f,0x77,
    0x6f,0x72,0x6c,0x64,0x3b,0x0a,0x20,0x20,0x20,0x20,0x76,0x65,0x63,0x34,0x20,0x63,
    0x61,0x73,0x63,0x61,0x64,0x65,0x5f,0x64,0x65,0x70,0x74,0x68,0x5f,0x62,0x69,0x61,
    0x73,0x3b,0x0a,0x20,0x20,0x20,0x20,0x76,0x65,0x63,0x34,0x20,0x73,0x68,0x61,0x64,
    0x6f,0x77,0x5f,0x70,0x61,0x72,0x61,0x6d,0x73,0x3b,0x0a,0x20,0x20,0x20,0x20,0x6d,
    0x61,0x74,0x34,0x20,0x63,0x61,0x73,0x63,0x61,0x64,0x65,0x5f,0x6d,0x61,0x74,0x72,
    0x69,0x63,0x65,0x73,0x5b,0x34,0x5d,0x3b,0x0a,0x20,0x20,0x20,0x20,0x6d,0x61,0x74,
    0x34,0x20,0x76,0x69,0x65,0x77,0x3b,0x0a,0x20,0x20,0x20,0x20,0x76,0x65,0x63,0x34,
    0x20,0x63,0x61,0x6d,0x65,0x72,0x61,0x5f,0x70,0x6f,0x73,0x5f,0x77,0x6f,0x72,0x6c,
    0x64,0x3b,0x0a,0x20,0x20,0x20,0x20,0x76,0x65,0x63,0x34,0x20,0x73,0x68,0x5b,0x39,
    0x5d,0x3b,0x0a,0x20,0x20,0x20,0x20,0x76,0x65,0x63,0x34,0x20,0x69,0x62,0x6c,0x5f,
    0x70,0x61,0x72,0x61,0x6d,0x73,0x3b,0x0a,0x7d,0x3b,0x0a,0x0a,0x75,0x6e,0x69,0x66,
    0x6f,0x72,0x6d,0x20,0x75,0x62,0x5f,0x70,0x61,0x73,0x73,0x20,0x5f,0x31,0x30,0x37,
    0x33,0x3b,0x0a,0x0a,0x6c,0x61,0x79,0x6f,0x75,0x74,0x28,0x62,0x69,0x6e,0x64,0x69,
    0x6e,0x67,0x20,0x3d,0x20,0x30,0x29,0x20,0x75,0x6e,0x69,0x66,0x6f,0x72,0x6d,0x20,
    0x73,0x61,0x6d,0x70,0x6c,0x65,0x72,0x32,0x44,0x20,0x74,0x65,0x78,0x5f,0x61,0x6f,
    0x5f,0x73,0x6d,0x70,0x5f,0x61,0x6f,0x3b,0x0a,0x6c,0x61,0x79,0x6f,0x75,0x74,0x28,
    0x62,0x69,0x6e,0x64,0x69,0x6e,0x67,0x20,0x3d,0x20,0x31,0x29,0x20,0x75,0x6e,0x69,
    0x66,0x6f,0x72,0x6d,0x20,0x73,0x61,0x6d,0x70,0x6c,0x65,0x72,0x32,0x44,0x41,0x72,
    0x72,0x61,0x79,0x53,0x68,0x61,0x64,0x6f,0x77,0x20,0x74,0x65,0x78,0x5f,0x73,0x68,
    0x61,0x64,0x6f,0x77,0x5f,0x73,0x6d,0x70,0x5f,0x73,0x68,0x61,0x64,0x6f,0x77,0x3b,
    0x0a,0x6c,0x61,0x79,0x6f,0x75,0x74,0x28,0x62,0x69,0x6e,0x64,0x69,0x6e,0x67,0x20,
    0x3d,0x20,0x32,0x29,0x20,0x75,0x6e,0x69,0x66,0x6f,0x72,0x6d,0x20,0x73,0x61,0x6d,
    0x70,0x6c,0x65,0x72,0x43,0x75,0x62,0x65,0x20,0x74,0x65,0x78,0x5f,0x69,0x62,0x6c,
    0x5f,0x73,0x70,0x65,0x63,0x5f,0x73,0x6d,0x70,0x5f,0x69,0x62,0x6c,0x5f,0x73,0x70,
    0x65,0x63,0x3b,0x0a,0x6c,0x61,0x79,0x6f,0x75,0x74,0x28,0x62,0x69,0x6e,0x64,0x69,
    0x6e,0x67,0x20,0x3d,0x20,0x33,0x29,0x20,0x75,0x6e,0x69,0x66,0x6f,0x72,0x6d,0x20,
    0x73,0x61,0x6d,0x70,0x6c,0x65,0x72,0x32,0x44,0x20,0x74,0x65,0x78,0x5f,0x62,0x72,
    0x64,0x66,0x5f,0x6c,0x75,0x74,0x5f,0x73,0x6d,0x70,0x5f,0x62,0x72,0x64,0x66,0x5f,
    0x6c,0x75,0x74,0x3b,0x0a,0x0a,0x6c,0x61,0x79,0x6f,0x75,0x74,0x28,0x6c,0x6f,0x63,
    0x61,0x74,0x69,0x6f,0x6e,0x20,0x3d,0x20,0x30,0x29,0x20,0x69,0x6e,0x20,0x76,0x65,
    0x63,0x33,0x20,0x76,0x5f,0x76,0x69,0x65,0x77,0x5f,0x70,0x6f,0x73,0x3b,0x0a,0x6c,
    0x61,0x79,0x6f,0x75,0x74,0x28,0x6c,0x6f,0x63,0x61,0x74,0x69,0x6f,0x6e,0x20,0x3d,
    0x20,0x30,0x29,0x20,0x6f,0x75,0x74,0x20,0x76,0x65,0x63,0x34,0x20,0x6f,0x75,0x74,
    0x5f,0x63,0x6f,0x6c,0x6f,0x72,0x3b,0x0a,0x6c,0x61,0x79,0x6f,0x75,0x74,0x28,0x6c,
    0x6f,0x63,0x61,0x74,0x69,0x6f,0x6e,0x20,0x3d,0x20,0x31,0x29,0x20,0x69,0x6e,0x20,
    0x76,0x65,0x63,0x33,0x20,0x76,0x5f,0x77,0x6f,0x72,0x6c,0x64,0x5f,0x70,0x6f,0x73,
    0x3b,0x0a,0x6c,0x61,0x79,0x6f,0x75,0x74,0x28,0x6c,0x6f,0x63,0x61,0x74,0x69,0x6f,
    0x6e,0x20,0x3d,0x20,0x32,0x29,0x20,0x66,0x6c,0x61,0x74,0x20,0x69,0x6e,0x20,0x76,
    0x65,0x63,0x34,0x20,0x76,0x5f,0x62,0x61,0x73,0x65,0x5f,0x63,0x6f,0x6c,0x6f,0x72,
    0x3b,0x0a,0x6c,0x61,0x79,0x6f,0x75,0x74,0x28,0x6c,0x6f,0x63,0x61,0x74,0x69,0x6f,
    0x6e,0x20,0x3d,0x20,0x33,0x29,0x20,0x66,0x6c,0x61,0x74,0x20,0x69,0x6e,0x20,0x76,
    0x65,0x63,0x34,0x20,0x76,0x5f,0x6d,0x61,0x74,0x65,0x72,0x69,0x61,0x6c,0x3b,0x0a,
    0x0a,0x69,0x6e,0x74,0x20,0x73,0x65,0x6c,0x65,0x63,0x74,0x53,0x68,0x61,0x64,0x6f,
    0x77,0x43,0x61,0x73,0x63,0x61,0x64,0x65,0x28,0x76,0x65,0x63,0x34,0x20,0x66,0x61,
    0x72,0x5f,0x76,0x69,0x65,0x77,0x5f,0x7a,0x2c,0x20,0x66,0x6c,0x6f,0x61,0x74,0x20,
    0x76,0x69,0x65,0x77,0x5f,0x7a,0x29,0x0a,0x7b,0x0a,0x20,0x20,0x20,0x20,0x69,0x6e,
    0x74,0x20,0x63,0x61,0x73,0x63,0x61,0x64,0x65,0x20,0x3d,0x20,0x33,0x3b,0x0a,0x20,
    0x20,0x20,0x20,0x66,0x6f,0x72,0x20,0x28,0x69,0x6e,0x74,0x20,0x69,0x20,0x3d,0x20,
    0x30,0x3b,0x20,0x69,0x20,0x3c,0x20,0x33,0x3b,0x20,0x69,0x2b,0x2b,0x29,0x0a,0x20,
    0x20,0x20,0x20,0x7b,0x0a,0x20,0x20,0x20,0x20,0x20,0x20,0x20,0x20,0x69,0x66,0x20,
    0x28,0x76,0x69,0x65,0x77,0x5f,0x7a,0x20,0x3c,0x20,0x66,0x61,0x72,0x5f,0x76,0x69,
    0x65,0x77,0x5f,0x7a,0x5b,0x69,0x5d,0x29,0x0a,0x20,0x20,0x20,0x20,0x20,0x20,0x20,
    0x20,0x7b,0x0a,0x20,0x20,0x20,0x20,0x20,0x20,0x20,0x20,0x20,0x20,0x20,0x20,0x63,
    0x61,0x73,0x63,0x61,0x64,0x65,0x20,0x3d,0x20,0x69,0x3b,0x0a,0x20,0x20,0x20,0x20,
    0x20,0x20,0x20,0x20,0x20,0x20,0x20,0x20,0x62,0x72,0x65,0x61,0x6b,0x3b,0x0a,0x20,
    0x20,0x20,0x20,0x20,0x20,0x20,0x20,0x7d,0x0a,0x20,0x20,0x20,0x20,0x7d,0x0a,0x20,
    0x20,0x20,0x20,0x72,0x65,0x74,0x75,0x72,0x6e,0x20,0x63,0x61,0x73,0x63,0x61,0x64,
    0x65,0x3b,0x0a,0x7d,0x0a,0x0a,0x76,0x65,0x63,0x33,0x20,0x73,0x68,0x61,0x64,0x6f,
    0x77,0x43,0x61,0x73,0x63,0x61,0x64,0x65,0x54,0x69,0x6e,0x74,0x28,0x69,0x6e,0x74,
    0x20,0x63,0x61,0x73,0x63,0x61,0x64,0x65,0x29,0x0a,0x7b,0x0a,0x20,0x20,0x20,0x20,
    0x69,0x66,0x20,0x28,0x63,0x61,0x73,0x63,0x61,0x64,0x65,0x20,0x3d,0x3d,0x20,0x30,
    0x29,0x0a,0x20,0x20,0x20,0x20,0x7b,0x0a,0x20,0x20,0x20,0x20,0x20,0x20,0x20,0x20,
    0x72,0x65,0x74,0x75,0x72,0x6e,0x20,0x76,0x65,0x63,0x33,0x28,0x31,0x2e,0x30,0x2c,
    0x20,0x30,0x2e,0x34,0x30,0x30,0x30,0x30,0x30,0x30,0x30,0x35,0x39,0x36,0x30,0x34,
    0x36,0x34,0x34,0x37,0x37,0x35,0x33,0x39,0x30,0x36,0x32,0x35,0x2c,0x20,0x30,0x2e,
    0x34,0x30,0x30,0x30,0x30,0x30,0x30,0x30,0x35,0x39,0x36,0x30,0x34,0x36,0x34,0x34,
    0x37,0x37,0x35,0x33,0x39,0x30,0x36,0x32,0x35,0x29,0x3b,0x0a,0x20,0x20,0x20,0x20,
    0x7d,0x0a,0x20,0x20,0x20,0x20,0x69,0x66,0x20,0x28,0x63,0x61,0x73,0x63,0x61,0x64,
    0x65,0x20,0x3d,0x3d,0x20,0x31,0x29,0x0a,0x20,0x20,0x20,0x20,0x7b,0x0a,0x20,0x20,
    0x20,0x20,0x20,0x20,0x20,0x20,0x72,0x65,0x74,0x75,0x72,0x6e,0x20,0x76,0x65,0x63,
    0x33,0x28,0x30,0x2e,0x34,0x30,0x30,0x30,0x30,0x30,0x30,0x30,0x35,0x39,0x36,0x30,
    0x34,0x36,0x34,0x34,0x37,0x37,0x35,0x33,0x39,0x30,0x36,0x32,0x35,0x2c,0x20,0x31,
    0x2e,0x30,0x2c,0x20,0x30,0x2e,0x34,0x30,0x30,0x30,0x30,0x30,0x30,0x30,0x35,0x39,
    0x36,0x30,0x34,0x36,0x34,0x34,0x37,0x37,0x35,0x33,0x39,0x30,0x36,0x32,0x35,0x29,
    0x3b,0x0a,0x20,0x20,0x20,0x20,0x7d,0x0a,0x20,0x20,0x20,0x20,0x69,0x66,0x20,0x28,
    0x63,0x61,0x73,0x63,0x61,0x64,0x65,0x20,0x3d,0x3d,0x20,0x32,0x29,0x0a,0x20,0x20,
    0x20,0x20,0x7b,0x0a,0x20,0x20,0x20,0x20,0x20,0x20,0x20,0x20,0x72,0x65,0x74,0x75,
    0x72,0x6e,0x20,0x76,0x65,0x63,0x33,0x28,0x30,0x2e,0x34,0x30,0x30,0x30,0x30,0x30,
    0x30,0x30,0x35,0x39,0x36,0x30,0x34,0x36,0x34,0x34,0x37,0x37,0x35,0x33,0x39,0x30,
    0x36,0x32,0x35,0x2c,0x20,0x30,0x2e,0x34,0x30,0x30,0x30,0x30,0x30,0x30,0x30,0x35,
    0x39,0x36,0x30,0x34,0x36,0x34,0x34,0x37,0x37,0x35,0x33,0x39,0x30,0x36,0x32,0x35,
    0x2c,0x20,0x31,0x2e,0x30,0x29,0x3b,0x0a,0x20,0x20,0x20,0x20,0x7d,0x0a,0x20,0x20,
    0x20,0x20,0x72,0x65,0x74,0x75,0x72,0x6e,0x20,0x76,0x65,0x63,0x33,0x28,0x31,0x2e,
    0x30,0x2c,0x20,0x30,0x2e,0x38,0x39,0x39,0x39,0x39,0x39,0x39,0x37,0x36,0x31,0x35,
    0x38,0x31,0x34,0x32,0x30,0x38,0x39,0x38,0x34,0x33,0x37,0x35,0x2c,0x20,0x30,0x2e,
    0x33,0x30,0x30,0x30,0x30,0x30,0x30,0x31,0x31,0x39,0x32,0x30,0x39,0x32,0x38,0x39,
    0x35,0x35,0x30,0x37,0x38,0x31,0x32,0x35,0x29,0x3b,0x0a,0x7d,0x0a,0x0a,0x66,0x6c,
    0x6f,0x61,0x74,0x20,0x73,0x61,0x6d,0x70,0x6c,0x65,0x53,0x68,0x61,0x64,0x6f,0x77,
    0x54,0x61,0x70,0x28,0x76,0x65,0x63,0x32,0x20,0x75,0x76,0x2c,0x20,0x66,0x6c,0x6f,
    0x61,0x74,0x20,0x6c,0x61,0x79,0x65,0x72,0x2c,0x20,0x66,0x6c,0x6f,0x61,0x74,0x20,
    0x72,0x65,0x66,0x5f,0x7a,0x2c,0x20,0x73,0x61,0x6d,0x70,0x6c,0x65,0x72,0x32,0x44,
    0x41,0x72,0x72,0x61,0x79,0x53,0x68,0x61,0x64,0x6f,0x77,0x20,0x53,0x50,0x49,0x52,
    0x56,0x5f,0x43,0x72,0x6f,0x73,0x73,0x5f,0x43,0x6f,0x6d,0x62,0x69,0x6e,0x65,0x64,
    0x74,0x65,0x78,0x73,0x6d,0x70,0x29,0x0a,0x7b,0x0a,0x20,0x20,0x20,0x20,0x72,0x65,
    0x74,0x75,0x72,0x6e,0x20,0x74,0x65,0x78,0x74,0x75,0x72,0x65,0x28,0x53,0x50,0x49,
    0x52,0x56,0x5f,0x43,0x72,0x6f,0x73,0x73,0x5f,0x43,0x6f,0x6d,0x62,0x69,0x6e,0x65,
    0x64,0x74,0x65,0x78,0x73,0x6d,0x70,0x2c,0x20,0x76,0x65,0x63,0x34,0x28,0x76,0x65,
    0x63,0x34,0x28,0x75,0x76,0x2c,0x20,0x6c,0x61,0x79,0x65,0x72,0x2c,0x20,0x72,0x65,
    0x66,0x5f,0x7a,0x29,0x2e,0x78,0x79,0x7a,0x2c,0x20,0x72,0x65,0x66,0x5f,0x7a,0x29,
    0x29,0x3b,0x0a,0x7d,0x0a,0x0a,0x66,0x6c,0x6f,0x61,0x74,0x20,0x73,0x61,0x6d,0x70,
    0x6c,0x65,0x53,0x68,0x61,0x64,0x6f,0x77,0x50,0x43,0x46,0x28,0x69,0x6e,0x74,0x20,
    0x63,0x61,0x73,0x63,0x61,0x64,0x65,0x2c,0x20,0x76,0x65,0x63,0x33,0x20,0x6c,0x69,
    0x67,0x68,0x74,0x5f,0x75,0x76,0x2c,0x20,0x66,0x6c,0x6f,0x61,0x74,0x20,0x62,0x69,
    0x61,0x73,0x2c,0x20,0x66,0x6c,0x6f,0x61,0x74,0x20,0x73,0x63,0x61,0x6c,0x65,0x2c,
    0x20,0x66,0x6c,0x6f,0x61,0x74,0x20,0x69,0x6e,0x76,0x5f,0x73,0x69,0x7a,0x65,0x2c,
    0x20,0x73,0x61,0x6d,0x70,0x6c,0x65,0x72,0x32,0x44,0x41,0x72,0x72,0x61,0x79,0x53,
    0x68,0x61,0x64,0x6f,0x77,0x20,0x53,0x50,0x49,0x52,0x56,0x5f,0x43,0x72,0x6f,0x73,
    0x73,0x5f,0x43,0x6f,0x6d,0x62,0x69,0x6e,0x65,0x64,0x74,0x65,0x78,0x73,0x6d,0x70,
    0x29,0x0a,0x7b,0x0a,0x20,0x20,0x20,0x20,0x66,0x6c,0x6f,0x61,0x74,0x20,0x5f,0x36,
    0x31,0x37,0x20,0x3d,0x20,0x66,0x6c,0x6f,0x61,0x74,0x28,0x63,0x61,0x73,0x63,0x61,
    0x64,0x65,0x29,0x3b,0x0a,0x20,0x20,0x20,0x20,0x66,0x6c,0x6f,0x61,0x74,0x20,0x5f,
    0x36,0x32,0x32,0x20,0x3d,0x20,0x6c,0x69,0x67,0x68,0x74,0x5f,0x75,0x76,0x2e,0x7a,
    0x20,0x2d,0x20,0x62,0x69,0x61,0x73,0x3b,0x0a,0x20,0x20,0x20,0x20,0x76,0x65,0x63,
    0x32,0x20,0x5f,0x36,0x32,0x37,0x20,0x3d,0x20,0x6c,0x69,0x67,0x68,0x74,0x5f,0x75,
    0x76,0x2e,0x78,0x79,0x20,0x2a,0x20,0x28,0x31,0x2e,0x30,0x20,0x2f,0x20,0x69,0x6e,
    0x76,0x5f,0x73,0x69,0x7a,0x65,0x29,0x3b,0x0a,0x20,0x20,0x20,0x20,0x76,0x65,0x63,
    0x32,0x20,0x5f,0x36,0x33,0x32,0x20,0x3d,0x20,0x66,0x6c,0x6f,0x6f,0x72,0x28,0x5f,
    0x36,0x32,0x37,0x20,0x2b,0x20,0x76,0x65,0x63,0x32,0x28,0x30,0x2e,0x35,0x29,0x29,
    0x3b,0x0a,0x20,0x20,0x20,0x20,0x66,0x6c,0x6f,0x61,0x74,0x20,0x5f,0x36,0x33,0x39,
    0x20,0x3d,0x20,0x28,0x5f,0x36,0x32,0x37,0x2e,0x78,0x20,0x2b,0x20,0x30,0x2e,0x35,
    0x29,0x20,0x2d,0x20,0x5f,0x36,0x33,0x32,0x2e,0x78,0x3b,0x0a,0x20,0x20,0x20,0x20,
    0x66,0x6c,0x6f,0x61,0x74,0x20,0x5f,0x36,0x34,0x36,0x20,0x3d,0x20,0x28,0x5f,0x36,
    0x32,0x37,0x2e,0x79,0x20,0x2b,0x20,0x30,0x2e,0x35,0x29,0x20,0x2d,0x20,0x5f,0x36,
    0x33,0x32,0x2e,0x79,0x3b,0x0a,0x20,0x20,0x20,0x20,0x76,0x65,0x63,0x32,0x20,0x5f,
    0x36,0x35,0x31,0x20,0x3d,0x20,0x28,0x5f,0x36,0x33,0x32,0x20,0x2d,0x20,0x76,0x65,
    0x63,0x32,0x28,0x30,0x2e,0x35,0x29,0x29,0x20,0x2a,0x20,0x69,0x6e,0x76,0x5f,0x73,
    0x69,0x7a,0x65,0x3b,0x0a,0x20,0x20,0x20,0x20,0x66,0x6c,0x6f,0x61,0x74,0x20,0x5f,
    0x36,0x35,0x35,0x20,0x3d,0x20,0x69,0x6e,0x76,0x5f,0x73,0x69,0x7a,0x65,0x20,0x2a,
    0x20,0x73,0x63,0x61,0x6c,0x65,0x3b,0x0a,0x20,0x20,0x20,0x20,0x66,0x6c,0x6f,0x61,
    0x74,0x20,0x5f,0x36,0x35,0x38,0x20,0x3d,0x20,0x35,0x2e,0x30,0x20,0x2a,0x20,0x5f,
    0x36,0x33,0x39,0x3b,0x0a,0x20,0x20,0x20,0x20,0x66,0x6c,0x6f,0x61,0x74,0x20,0x5f,
    0x36,0x36,0x30,0x20,0x3d,0x20,0x5f,0x36,0x35,0x38,0x20,0x2d,0x20,0x36,0x2e,0x30,
    0x3b,0x0a,0x20,0x20,0x20,0x20,0x66,0x6c,0x6f,0x61,0x74,0x20,0x5f,0x36,0x36,0x34,
    0x20,0x3d,0x20,0x31,0x31,0x2e,0x30,0x20,0x2a,0x20,0x5f,0x36,0x33,0x39,0x3b,0x0a,
    0x20,0x20,0x20,0x20,0x66,0x6c,0x6f,0x61,0x74,0x20,0x5f,0x36,0x36,0x36,0x20,0x3d,
    0x20,0x5f,0x36,0x36,0x34,0x20,0x2d,0x20,0x32,0x38,0x2e,0x30,0x3b,0x0a,0x20,0x20,
    0x20,0x20,0x66,0x6c,0x6f,0x61,0x74,0x20,0x5f,0x36,0x37,0x32,0x20,0x3d,0x20,0x28,
    0x2d,0x31,0x37,0x2e,0x30,0x29,0x20,0x2d,0x20,0x5f,0x36,0x36,0x34,0x3b,0x0a,0x20,
    0x20,0x20,0x20,0x66,0x6c,0x6f,0x61,0x74,0x20,0x5f,0x36,0x37,0x37,0x20,0x3d,0x20,
    0x28,0x2d,0x31,0x2e,0x30,0x29,0x20,0x2d,0x20,0x5f,0x36,0x35,0x38,0x3b,0x0a,0x20,
    0x20,0x20,0x20,0x66,0x6c,0x6f,0x61,0x74,0x20,0x5f,0x36,0x38,0x31,0x20,0x3d,0x20,
    0x34,0x2e,0x30,0x20,0x2a,0x20,0x5f,0x36,0x33,0x39,0x3b,0x0a,0x20,0x20,0x20,0x20,
    0x66,0x6c,0x6f,0x61,0x74,0x20,0x5f,0x36,0x38,0x35,0x20,0x3d,0x20,0x28,0x28,0x5f,
    0x36,0x38,0x31,0x20,0x2d,0x20,0x35,0x2e,0x30,0x29,0x20,0x2f,0x20,0x5f,0x36,0x36,
    0x30,0x29,0x20,0x2d,0x20,0x33,0x2e,0x30,0x3b,0x0a,0x20,0x20,0x20,0x20,0x66,0x6c,
    0x6f,0x61,0x74,0x20,0x5f,0x36,0x39,0x33,0x20,0x3d,0x20,0x28,0x28,0x5f,0x36,0x38,
    0x31,0x20,0x2d,0x20,0x31,0x36,0x2e,0x30,0x29,0x20,0x2f,0x20,0x5f,0x36,0x36,0x36,
    0x29,0x20,0x2d,0x20,0x31,0x2e,0x30,0x3b,0x0a,0x20,0x20,0x20,0x20,0x66,0x6c,0x6f,
    0x61,0x74,0x20,0x5f,0x37,0x30,0x32,0x20,0x3d,0x20,0x28,0x28,0x28,0x2d,0x35,0x2e,
    0x30,0x29,0x20,0x2d,0x20,0x28,0x37,0x2e,0x30,0x20,0x2a,0x20,0x5f,0x36,0x33,0x39,
    0x29,0x29,0x20,0x2f,0x20,0x5f,0x36,0x37,0x32,0x29,0x20,0x2b,0x20,0x31,0x2e,0x30,
    0x3b,0x0a,0x20,0x20,0x20,0x20,0x66,0x6c,0x6f,0x61,0x74,0x20,0x5f,0x37,0x30,0x38,
    0x20,0x3d,0x20,0x28,0x28,0x2d,0x5f,0x36,0x33,0x39,0x29,0x20,0x2f,0x20,0x5f,0x36,
    0x37,0x37,0x29,0x20,0x2b,0x20,0x33,0x2e,0x30,0x3b,0x0a,0x20,0x20,0x20,0x20,0x66,
    0x6c,0x6f,0x61,0x74,0x20,0x5f,0x37,0x31,0x31,0x20,0x3d,0x20,0x35,0x2e,0x30,0x20,
    0x2a,0x20,0x5f,0x36,0x34,0x36,0x3b,0x0a,0x20,0x20,0x20,0x20,0x66,0x6c,0x6f,0x61,
    0x74,0x20,0x5f,0x37,0x31,0x32,0x20,0x3d,0x20,0x5f,0x37,0x31,0x31,0x20,0x2d,0x20,
    0x36,0x2e,0x30,0x3b,0x0a,0x20,0x20,0x20,0x20,0x66,0x6c,0x6f,0x61,0x74,0x20,0x5f,
    0x37,0x31,0x35,0x20,0x3d,0x20,0x31,0x31,0x2e,0x30,0x20,0x2a,0x20,0x5f,0x36,0x34,
    0x36,0x3b,0x0a,0x20,0x20,0x20,0x20,0x66,0x6c,0x6f,0x61,0x74,0x20,0x5f,0x37,0x31,
    0x36,0x20,0x3d,0x20,0x5f,0x37,0x31,0x35,0x20,0x2d,0x20,0x32,0x38,0x2e,0x30,0x3b,
    0x0a,0x20,0x20,0x20,0x20,0x66,0x6c,0x6f,0x61,0x74,0x20,0x5f,0x37,0x32,0x31,0x20,
    0x3d,0x20,0x28,0x2d,0x31,0x37,0x2e,0x30,0x29,0x20,0x2d,0x20,0x5f,0x37,0x31,0x35,
    0x3b,0x0a,0x20,0x20,0x20,0x20,0x66,0x6c,0x6f,0x61,0x74,0x20,0x5f,0x37,0x32,0x36,
    0x20,0x3d,0x20,0x28,0x2d,0x31,0x2e,0x30,0x29,0x20,0x2d,0x20,0x5f,0x37,0x31,0x31,
    0x3b,0x0a,0x20,0x20,0x20,0x20,0x66,0x6c,0x6f,0x61,0x74,0x20,0x5f,0x37,0x32,0x39,
    0x20,0x3d,0x20,0x34,0x2e,0x30,0x20,0x2a,0x20,0x5f,0x36,0x34,0x36,0x3b,0x0a,0x20,
    0x20,0x20,0x20,0x66,0x6c,0x6f,0x61,0x74,0x20,0x5f,0x37,0x33,0x33,0x20,0x3d,0x20,
    0x28,0x28,0x5f,0x37,0x32,0x39,0x20,0x2d,0x20,0x35,0x2e,0x30,0x29,0x20,0x2f,0x20,
    0x5f,0x37,0x31,0x32,0x29,0x20,0x2d,0x20,0x33,0x2e,0x30,0x3b,0x0a,0x20,0x20,0x20,
    0x20,0x66,0x6c,0x6f,0x61,0x74,0x20,0x5f,0x37,0x34,0x30,0x20,0x3d,0x20,0x28,0x28,
    0x5f,0x37,0x32,0x39,0x20,0x2d,0x20,0x31,0x36,0x2e,0x30,0x29,0x20,0x2f,0x20,0x5f,
    0x37,0x31,0x36,0x29,0x20,0x2d,0x20,0x31,0x2e,0x30,0x3b,0x0a,0x20,0x20,0x20,0x20,
    0x66,0x6c,0x6f,0x61,0x74,0x20,0x5f,0x37,0x34,0x38,0x20,0x3d,0x20,0x28,0x28,0x28,
    0x2d,0x35,0x2e,0x30,0x29,0x20,0x2d,0x20,0x28,0x37,0x2e,0x30,0x20,0x2a,0x20,0x5f,
    0x36,0x34,0x36,0x29,0x29,0x20,0x2f,0x20,0x5f,0x37,0x32,0x31,0x29,0x20,0x2b,0x20,
    0x31,0x2e,0x30,0x3b,0x0a,0x20,0x20,0x20,0x20,0x66,0x6c,0x6f,0x61,0x74,0x20,0x5f,
    0x37,0x35,0x34,0x20,0x3d,0x20,0x28,0x28,0x2d,0x5f,0x36,0x34,0x36,0x29,0x20,0x2f,
    0x20,0x5f,0x37,0x32,0x36,0x29,0x20,0x2b,0x20,0x33,0x2e,0x30,0x3b,0x0a,0x20,0x20,
    0x20,0x20,0x66,0x6c,0x6f,0x61,0x74,0x20,0x73,0x75,0x6d,0x20,0x3d,0x20,0x30,0x2e,
    0x30,0x3b,0x0a,0x20,0x20,0x20,0x20,0x76,0x65,0x63,0x32,0x20,0x70,0x61,0x72,0x61,
    0x6d,0x20,0x3d,0x20,0x5f,0x36,0x35,0x31,0x20,0x2b,0x20,0x28,0x76,0x65,0x63,0x32,
    0x28,0x5f,0x36,0x38,0x35,0x2c,0x20,0x5f,0x37,0x33,0x33,0x29,0x20,0x2a,0x20,0x5f,
    0x36,0x35,0x35,0x29,0x3b,0x0a,0x20,0x20,0x20,0x20,0x66,0x6c,0x6f,0x61,0x74,0x20,
    0x70,0x61,0x72,0x61,0x6d,0x5f,0x31,0x20,0x3d,0x20,0x5f,0x36,0x31,0x37,0x3b,0x0a,
    0x20,0x20,0x20,0x20,0x66,0x6c,0x6f,0x61,0x74,0x20,0x70,0x61,0x72,0x61,0x6d,0x5f,
    0x32,0x20,0x3d,0x20,0x5f,0x36,0x32,0x32,0x3b,0x0a,0x20,0x20,0x20,0x20,0x73,0x75,
    0x6d,0x20,0x2b,0x3d,0x20,0x28,0x28,0x5f,0x36,0x36,0x30,0x20,0x2a,0x20,0x5f,0x37,
    0x31,0x32,0x29,0x20,0x2a,0x20,0x73,0x61,0x6d,0x70,0x6c,0x65,0x53,0x68,0x61,0x64,
    0x6f,0x77,0x54,0x61,0x70,0x28,0x70,0x61,0x72,0x61,0x6d,0x2c,0x20,0x70,0x61,0x72,
    0x61,0x6d,0x5f,0x31,0x2c,0x20,0x70,0x61,0x72,0x61,0x6d,0x5f,0x32,0x2c,0x20,0x53,
    0x50,0x49,0x52,0x56,0x5f,0x43,0x72,0x6f,0x73,0x73,0x5f,0x43,0x6f,0x6d,0x62,0x69,
    0x6e,0x65,0x64,0x74,0x65,0x78,0x73,0x6d,0x70,0x29,0x29,0x3b,0x0a,0x20,0x20,0x20,
    0x20,0x76,0x65,0x63,0x32,0x20,0x70,0x61,0x72,0x61,0x6d,0x5f,0x33,0x20,0x3d,0x20,
    0x5f,0x36,0x35,0x31,0x20,0x2b,0x20,0x28,0x76,0x65,0x63,0x32,0x28,0x5f,0x36,0x39,
    0x33,0x2c,0x20,0x5f,0x37,0x33,0x33,0x29,0x20,0x2a,0x20,0x5f,0x36,0x35,0x35,0x29,
    0x3b,0x0a,0x20,0x20,0x20,0x20,0x66,0x6c,0x6f,0x61,0x74,0x20,0x70,0x61,0x72,0x61,
    0x6d,0x5f,0x34,0x20,0x3d,0x20,0x5f,0x36,0x31,0x37,0x3b,0x0a,0x20,0x20,0x20,0x20,
    0x66,0x6c,0x6f,0x61,0x74,0x20,0x70,0x61,0x72,0x61,0x6d,0x5f,0x35,0x20,0x3d,0x20,
    0x5f,0x36,0x32,0x32,0x3b,0x0a,0x20,0x20,0x20,0x20,0x73,0x75,0x6d,0x20,0x2b,0x3d,
    0x20,0x28,0x28,0x5f,0x36,0x36,0x36,0x20,0x2a,0x20,0x5f,0x37,0x31,0x32,0x29,0x20,
    0x2a,0x20,0x73,0x61,0x6d,0x70,0x6c,0x65,0x53,0x68,0x61,0x64,0x6f,0x77,0x54,0x61,
    0x70,0x28,0x70,0x61,0x72,0x61,0x6d,0x5f,0x33,0x2c,0x20,0x70,0x61,0x72,0x61,0x6d,
    0x5f,0x34,0x2c,0x20,0x70,0x61,0x72,0x61,0x6d,0x5f,0x35,0x2c,0x20,0x53,0x50,0x49,
    0x52,0x56,0x5f,0x43,0x72,0x6f,0x73,0x73,0x5f,0x43,0x6f,0x6d,0x62,0x69,0x6e,0x65,
    0x64,0x74,0x65,0x78,0x73,0x6d,0x70,0x29,0x29,0x3b,0x0a,0x20,0x20,0x20,0x20,0x76,
    0x65,0x63,0x32,0x20,0x70,0x61,0x72,0x61,0x6d,0x5f,0x36,0x20,0x3d,0x20,0x5f,0x36,
    0x35,0x31,0x20,0x2b,0x20,0x28,0x76,0x65,0x63,0x32,0x28,0x5f,0x37,0x30,0x32,0x2c,
    0x20,0x5f,0x37,0x33,0x33,0x29,0x20,0x2a,0x20,0x5f,0x36,0x35,0x35,0x29,0x3b,0x0a,
    0x20,0x20,0x20,0x20,0x66,0x6c,0x6f,0x61,0x74,0x20,0x70,0x61,0x72,0x61,0x6d,0x5f,
    0x37,0x20,0x3d,0x20,0x5f,0x36,0x31,0x37,0x3b,0x0a,0x20,0x20,0x20,0x20,0x66,0x6c,
    0x6f,0x61,0x74,0x20,0x70,0x61,0x72,0x61,0x6d,0x5f,0x38,0x20,0x3d,0x20,0x5f,0x36,
    0x32,0x32,0x3b,0x0a,0x20,0x20,0x20,0x20,0x73,0x75,0x6d,0x20,0x2b,0x3d,0x20,0x28,
    0x28,0x5f,0x36,0x37,0x32,0x20,0x2a,0x20,0x5f,0x37,0x31,0x32,0x29,0x20,0x2a,0x20,
    0x73,0x61,0x6d,0x70,0x6c,0x65,0x53,0x68,0x61,0x64,0x6f,0x77,0x54,0x61,0x70,0x28,
    0x70,0x61,0x72,0x61,0x6d,0x5f,0x36,0x2c,0x20,0x70,0x61,0x72,0x61,0x6d,0x5f,0x37,
    0x2c,0x20,0x70,0x61,0x72,0x61,0x6d,0x5f,0x38,0x2c,0x20,0x53,0x50,0x49,0x52,0x56,
    0x5f,0x43,0x72,0x6f,0x73,0x73,0x5f,0x43,0x6f,0x6d,0x62,0x69,0x6e,0x65,0x64,0x74,
    0x65,0x78,0x73,0x6d,0x70,0x29,0x29,0x3b,0x0a,0x20,0x20,0x20,0x20,0x76,0x65,0x63,
    0x32,0x20,0x70,0x61,0x72,0x61,0x6d,0x5f,0x39,0x20,0x3d,0x20,0x5f,0x36,0x35,0x31,
    0x20,0x2b,0x20,0x28,0x76,0x65,0x63,0x32,0x28,0x5f,0x37,0x30,0x38,0x2c,0x20,0x5f,
    0x37,0x33,0x33,0x29,0x20,0x2a,0x20,0x5f,0x36,0x35,0x35,0x29,0x3b,0x0a,0x20,0x20,
    0x20,0x20,0x66,0x6c,0x6f,0x61,0x74,0x20,0x70,0x61,0x72,0x61,0x6d,0x5f,0x31,0x30,
    0x20,0x3d,0x20,0x5f,0x36,0x31,0x37,0x3b,0x0a,0x20,0x20,0x20,0x20,0x66,0x6c,0x6f,
    0x61,0x74,0x20,0x70,0x61,0x72,0x61,0x6d,0x5f,0x31,0x31,0x20,0x3d,0x20,0x5f,0x36,
    0x32,0x32,0x3b,0x0a,0x20,0x20,0x20,0x20,0x73,0x75,0x6d,0x20,0x2b,0x3d,0x20,0x28,
    0x28,0x5f,0x36,0x37,0x37,0x20,0x2a,0x20,0x5f,0x37,0x31,0x32,0x29,0x20,0x2a,0x20,
    0x73,0x61,0x6d,0x70,0x6c,0x65,0x53,0x68,0x61,0x64,0x6f,0x77,0x54,0x61,0x70,0x28,
    0x70,0x61,0x72,0x61,0x6d,0x5f,0x39,0x2c,0x20,0x70,0x61,0x72,0x61,0x6d,0x5f,0x31,
    0x30,0x2c,0x20,0x70,0x61,0x72,0x61,0x6d,0x5f,0x31,0x31,0x2c,0x20,0x53,0x50,0x49,
    0x52,0x56,0x5f,0x43,0x72,0x6f,0x73,0x73,0x5f,0x43,0x6f,0x6d,0x62,0x69,0x6e,0x65,
    0x64,0x74,0x65,0x78,0x73,0x6d,0x70,0x29,0x29,0x3b,0x0a,0x20,0x20,0x20,0x20,0x76,
    0x65,0x63,0x32,0x20,0x70,0x61,0x72,0x61,0x6d,0x5f,0x31,0x32,0x20,0x3d,0x20,0x5f,
    0x36,0x35,0x31,0x20,0x2b,0x20,0x28,0x76,0x65,0x63,0x32,0x28,0x5f,0x36,0x38,0x35,
    0x2c,0x20,0x5f,0x37,0x34,0x30,0x29,0x20,0x2a,0x20,0x5f,0x36,0x35,0x35,0x29,0x3b,
    0x0a,0x20,0x20,0x20,0x20,0x66,0x6c,0x6f,0x61,0x74,0x20,0x70,0x61,0x72,0x61,0x6d,
    0x5f,0x31,0x33,0x20,0x3d,0x20,0x5f,0x36,0x31,0x37,0x3b,0x0a,0x20,0x20,0x20,0x20,
    0x66,0x6c,0x6f,0x61,0x74,0x20,0x70,0x61,0x72,0x61,0x6d,0x5f,0x31,0x34,0x20,0x3d,
    0x20,0x5f,0x36,0x32,0x32,0x3b,0x0a,0x20,0x20,0x20,0x20,0x73,0x75,0x6d,0x20,0x2b,
    0x3d,0x20,0x28,0x28,0x5f,0x36,0x36,0x30,0x20,0x2a,0x20,0x5f,0x37,0x31,0x36,0x29,
    0x20,0x2a,0x20,0x73,0x61,0x6d,0x70,0x6c,0x65,0x53,0x68,0x61,0x64,0x6f,0x77,0x54,
    0x61,0x70,0x28,0x70,0x61,0x72,0x61,0x6d,0x5f,0x31,0x32,0x2c,0x20,0x70,0x61,0x72,
    0x61,0x6d,0x5f,0x31,0x33,0x2c,0x20,0x70,0x61,0x72,0x61,0x6d,0x5f,0x31,0x34,0x2c,
    0x20,0x53,0x50,0x49,0x52,0x56,0x5f,0x43,0x72,0x6f,0x73,0x73,0x5f,0x43,0x6f,0x6d,
    0x62,0x69,0x6e,0x65,0x64,0x74,0x65,0x78,0x73,0x6d,0x70,0x29,0x29,0x3b,0x0a,0x20,
    0x20,0x20,0x20,0x76,0x65,0x63,0x32,0x20,0x70,0x61,0x72,0x61,0x6d,0x5f,0x31,0x35,
    0x20,0x3d,0x20,0x5f,0x36,0x35,0x31,0x20,0x2b,0x20,0x28,0x76,0x65,0x63,0x32,0x28,
    0x5f,0x36,0x39,0x33,0x2c,0x20,0x5f,0x37,0x34,0x30,0x29,0x20,0x2a,0x20,0x5f,0x36,
    0x35,0x35,0x29,0x3b,0x0a,0x20,0x20,0x20,0x20,0x66,0x6c,0x6f,0x61,0x74,0x20,0x70,
    0x61,0x72,0x61,0x6d,0x5f,0x31,0x36,0x20,0x3d,0x20,0x5f,0x36,0x31,0x37,0x3b,0x0a,
    0x20,0x20,0x20,0x20,0x66,0x6c,0x6f,0x61,0x74,0x20,0x70,0x61,0x72,0x61,0x6d,0x5f,
    0x31,0x37,0x20,0x3d,0x20,0x5f,0x36,0x32,0x32,0x3b,0x0a,0x20,0x20,0x20,0x20,0x73,
    0x75,0x6d,0x20,0x2b,0x3d,0x20,0x28,0x28,0x5f,0x36,0x36,0x36,0x20,0x2a,0x20,0x5f,
    0x37,0x31,0x36,0x29,0x20,0x2a,0x20,0x73,0x61,0x6d,0x70,0x6c,0x65,0x53,0x68,0x61,
    0x64,0x6f,0x77,0x54,0x61,0x70,0x28,0x70,0x61,0x72,0x61,0x6d,0x5f,0x31,0x35,0x2c,
    0x20,0x70,0x61,0x72,0x61,0x6d,0x5f,0x31,0x36,0x2c,0x20,0x70,0x61,0x72,0x61,0x6d,
    0x5f,0x31,0x37,0x2c,0x20,0x53,0x50,0x49,0x52,0x56,0x5f,0x43,0x72,0x6f,0x73,0x73,
    0x5f,0x43,0x6f,0x6d,0x62,0x69,0x6e,0x65,0x64,0x74,0x65,0x78,0x73,0x6d,0x70,0x29,
    0x29,0x3b,0x0a,0x20,0x20,0x20,0x20,0x76,0x65,0x63,0x32,0x20,0x70,0x61,0x72,0x61,
    0x6d,0x5f,0x31,0x38,0x20,0x3d,0x20,0x5f,0x36,0x35,0x31,0x20,0x2b,0x20,0x28,0x76,
    0x65,0x63,0x32,0x28,0x5f,0x37,0x30,0x32,0x2c,0x20,0x5f,0x37,0x34,0x30,0x29,0x20,
    0x2a,0x20,0x5f,0x36,0x35,0x35,0x29,0x3b,0x0a,0x20,0x20,0x20,0x20,0x66,0x6c,0x6f,
    0x61,0x74,0x20,0x70,0x61,0x72,0x61,0x6d,0x5f,0x31,0x39,0x20,0x3d,0x20,0x5f,0x36,
    0x31,0x37,0x3b,0x0a,0x20,0x20,0x20,0x20,0x66,0x6c,0x6f,0x61,0x74,0x20,0x70,0x61,
    0x72,0x61,0x6d,0x5f,0x32,0x30,0x20,0x3d,0x20,0x5f,0x36,0x32,0x32,0x3b,0x0a,0x20,
    0x20,0x20,0x20,0x73,0x75,0x6d,0x20,0x2b,0x3d,0x20,0x28,0x28,0x5f,0x36,0x37,0x32,
    0x20,0x2a,0x20,0x5f,0x37,0x31,0x36,0x29,0x20,0x2a,0x20,0x73,0x61,0x6d,0x70,0x6c,
    0x65,0x53,0x68,0x61,0x64,0x6f,0x77,0x54,0x61,0x70,0x28,0x70,0x61,0x72,0x61,0x6d,
    0x5f,0x31,0x38,0x2c,0x20,0x70,0x61,0x72,0x61,0x6d,0x5f,0x31,0x39,0x2c,0x20,0x70,
    0x61,0x72,0x61,0x6d,0x5f,0x32,0x30,0x2c,0x20,0x53,0x50,0x49,0x52,0x56,0x5f,0x43,
    0x72,0x6f,0x73,0x73,0x5f,0x43,0x6f,0x6d,0x62,0x69,0x6e,0x65,0x64,0x74,0x65,0x78,
    0x73,0x6d,0x70,0x29,0x29,0x3b,0x0a,0x20,0x20,0x20,0x20,0x76,0x65,0x63,0x32,0x20,
    0x70,0x61,0x72,0x61,0x6d,0x5f,0x32,0x31,0x20,0x3d,0x20,0x5f,0x36,0x35,0x31,0x20,
    0x2b,0x20,0x28,0x76,0x65,0x63,0x32,0x28,0x5f,0x37,0x30,0x38,0x2c,0x20,0x5f,0x37,
    0x34,0x30,0x29,0x20,0x2a,0x20,0x5f,0x36,0x35,0x35,0x29,0x3b,0x0a,0x20,0x20,0x20,
    0x20,0x66,0x6c,0x6f,0x61,0x74,0x20,0x70,0x61,0x72,0x61,0x6d,0x5f,0x32,0x32,0x20,
    0x3d,0x20,0x5f,0x36,0x31,0x37,0x3b,0x0a,0x20,0x20,0x20,0x20,0x66,0x6c,0x6f,0x61,
    0x74,0x20,0x70,0x61,0x72,0x61,0x6d,0x5f,0x32,0x33,0x20,0x3d,0x20,0x5f,0x36,0x32,
    0x32,0x3b,0x0a,0x20,0x20,0x20,0x20,0x73,0x75,0x6d,0x20,0x2b,0x3d,0x20,0x28,0x28,
    0x5f,0x36,0x37,0x37,0x20,0x2a,0x20,0x5f,0x37,0x31,0x36,0x29,0x20,0x2a,0x20,0x73,
    0x61,0x6d,0x70,0x6c,0x65,0x53,0x68,0x61,0x64,0x6f,0x77,0x54,0x61,0x70,0x28,0x70,
    0x61,0x72,0x61,0x6d,0x5f,0x32,0x31,0x2c,0x20,0x70,0x61,0x72,0x61,0x6d,0x5f,0x32,
    0x32,0x2c,0x20,0x70,0x61,0x72,0x61,0x6d,0x5f,0x32,0x33,0x2c,0x20,0x53,0x50,0x49,
    0x52,0x56,0x5f,0x43,0x72,0x6f,0x73,0x73,0x5f,0x43,0x6f,0x6d,0x62,0x69,0x6e,0x65,
    0x64,0x74,0x65,0x78,0x73,0x6d,0x70,0x29,0x29,0x3b,0x0a,0x20,0x20,0x20,0x20,0x76,
    0x65,0x63,0x32,0x20,0x70,0x61,0x72,0x61,0x6d,0x5f,0x32,0x34,0x20,0x3d,0x20,0x5f,
    0x36,0x35,0x31,0x20,0x2b,0x20,0x28,0x76,0x65,0x63,0x32,0x28,0x5f,0x36,0x38,0x35,
    0x2c,0x20,0x5f,0x37,0x34,0x38,0x29,0x20,0x2a,0x20,0x5f,0x36,0x35,0x35,0x29,0x3b,
    0x0a,0x20,0x20,0x20,0x20,0x66,0x6c,0x6f,0x61,0x74,0x20,0x70,0x61,0x72,0x61,0x6d,
    0x5f,0x32,0x35,0x20,0x3d,0x20,0x5f,0x36,0x31,0x37,0x3b,0x0a,0x20,0x20,0x20,0x20,
    0x66,0x6c,0x6f,0x61,0x74,0x20,0x70,0x61,0x72,0x61,0x6d,0x5f,0x32,0x36,0x20,0x3d,
    0x20,0x5f,0x36,0x32,0x32,0x3b,0x0a,0x20,0x20,0x20,0x20,0x73,0x75,0x6d,0x20,0x2b,
    0x3d,0x20,0x28,0x28,0x5f,0x36,0x36,0x30,0x20,0x2a,0x20,0x5f,0x37,0x32,0x31,0x29,
    0x20,0x2a,0x20,0x73,0x61,0x6d,0x70,0x6c,0x65,0x53,0x68,0x61,0x64,0x6f,0x77,0x54,
    0x61,0x70,0x28,0x70,0x61,0x72,0x61,0x6d,0x5f,0x32,0x34,0x2c,0x20,0x70,0x61,0x72,
    0x61,0x6d,0x5f,0x32,0x35,0x2c,0x20,0x70,0x61,0x72,0x61,0x6d,0x5f,0x32,0x36,0x2c,
    0x20,0x53,0x50,0x49,0x52,0x56,0x5f,0x43,0x72,0x6f,0x73,0x73,0x5f,0x43,0x6f,0x6d,
    0x62,0x69,0x6e,0x65,0x64,0x74,0x65,0x78,0x73,0x6d,0x70,0x29,0x29,0x3b,0x0a,0x20,
    0x20,0x20,0x20,0x76,0x65,0x63,0x32,0x20,0x70,0x61,0x72,0x61,0x6d,0x5f,0x32,0x37,
    0x20,0x3d,0x20,0x5f,0x36,0x35,0x31,0x20,0x2b,0x20,0x28,0x76,0x65,0x63,0x32,0x28,
    0x5f,0x36,0x39,0x33,0x2c,0x20,0x5f,0x37,0x34,0x38,0x29,0x20,0x2a,0x20,0x5f,0x36,
    0x35,0x35,0x29,0x3b,0x0a,0x20,0x20,0x20,0x20,0x66,0x6c,0x6f,0x61,0x74,0x20,0x70,
    0x61,0x72,0x61,0x6d,0x5f,0x32,0x38,0x20,0x3d,0x20,0x5f,0x36,0x31,0x37,0x3b,0x0a,
    0x20,0x20,0x20,0x20,0x66,0x6c,0x6f,0x61,0x74,0x20,0x70,0x61,0x72,0x61,0x6d,0x5f,
    0x32,0x39,0x20,0x3d,0x20,0x5f,0x36,0x32,0x32,0x3b,0x0a,0x20,0x20,0x20,0x20,0x73,
    0x75,0x6d,0x20,0x2b,0x3d,0x20,0x28,0x28,0x5f,0x36,0x36,0x36,0x20,0x2a,0x20,0x5f,
    0x37,0x32,0x31,0x29,0x20,0x2a,0x20,0x73,0x61,0x6d,0x70,0x6c,0x65,0x53,0x68,0x61,
    0x64,0x6f,0x77,0x54,0x61,0x70,0x28,0x70,0x61,0x72,0x61,0x6d,0x5f,0x32,0x37,0x2c,
    0x20,0x70,0x61,0x72,0x61,0x6d,0x5f,0x32,0x38,0x2c,0x20,0x70,0x61,0x72,0x61,0x6d,
    0x5f,0x32,0x39,0x2c,0x20,0x53,0x50,0x49,0x52,0x56,0x5f,0x43,0x72,0x6f,0x73,0x73,
    0x5f,0x43,0x6f,0x6d,0x62,0x69,0x6e,0x65,0x64,0x74,0x65,0x78,0x73,0x6d,0x70,0x29,
    0x29,0x3b,0x0a,0x20,0x20,0x20,0x20,0x76,0x65,0x63,0x32,0x20,0x70,0x61,0x72,0x61,
    0x6d,0x5f,0x33,0x30,0x20,0x3d,0x20,0x5f,0x36,0x35,0x31,0x20,0x2b,0x20,0x28,0x76,
    0x65,0x63,0x32,0x28,0x5f,0x37,0x30,0x32,0x2c,0x20,0x5f,0x37,0x34,0x38,0x29,0x20,
    0x2a,0x20,0x5f,0x36,0x35,0x35,0x29,0x3b,0x0a,0x20,0x20,0x20,0x20,0x66,0x6c,0x6f,
    0x61,0x74,0x20,0x70,0x61,0x72,0x61,0x6d,0x5f,0x33,0x31,0x20,0x3d,0x20,0x5f,0x36,
    0x31,0x37,0x3b,0x0a,0x20,0x20,0x20,0x20,0x66,0x6c,0x6f,0x61,0x74,0x20,0x70,0x61,
    0x72,0x61,0x6d,0x5f,0x33,0x32,0x20,0x3d,0x20,0x5f,0x36,0x32,0x32,0x3b,0x0a,0x20,
    0x20,0x20,0x20,0x73,0x75,0x6d,0x20,0x2b,0x3d,0x20,0x28,0x28,0x5f,0x36,0x37,0x32,
    0x20,0x2a,0x20,0x5f,0x37,0x32,0x31,0x29,0x20,0x2a,0x20,0x73,0x61,0x6d,0x70,0x6c,
    0x65,0x53,0x68,0x61,0x64,0x6f,0x77,0x54,0x61,0x70,0x28,0x70,0x61,0x72,0x61,0x6d,
    0x5f,0x33,0x30,0x2c,0x20,0x70,0x61,0x72,0x61,0x6d,0x5f,0x33,0x31,0x2c,0x20,0x70,
    0x61,0x72,0x61,0x6d,0x5f,0x33,0x32,0x2c,0x20,0x53,0x50,0x49,0x52,0x56,0x5f,0x43,
    0x72,0x6f,0x73,0x73,0x5f,0x43,0x6f,0x6d,0x62,0x69,0x6e,0x65,0x64,0x74,0x65,0x78,
    0x73,0x6d,0x70,0x29,0x29,0x3b,0x0a,0x20,0x20,0x20,0x20,0x76,0x65,0x63,0x32,0x20,
    0x70,0x61,0x72,0x61,0x6d,0x5f,0x33,0x33,0x20,0x3d,0x20,0x5f,0x36,0x35,0x31,0x20,
    0x2b,0x20,0x28,0x76,0x65,0x63,0x32,0x28,0x5f,0x37,0x30,0x38,0x2c,0x20,0x5f,0x37,
    0x34,0x38,0x29,0x20,0x2a,0x20,0x5f,0x36,0x35,0x35,0x29,0x3b,0x0a,0x20,0x20,0x20,
    0x20,0x66,0x6c,0x6f,0x61,0x74,0x20,0x70,0x61,0x72,0x61,0x6d,0x5f,0x33,0x34,0x20,
    0x3d,0x20,0x5f,0x36,0x31,0x37,0x3b,0x0a,0x20,0x20,0x20,0x20,0x66,0x6c,0x6f,0x61,
    0x74,0x20,0x70,0x61,0x72,0x61,0x6d,0x5f,0x33,0x35,0x20,0x3d,0x20,0x5f,0x36,0x32,
    0x32,0x3b,0x0a,0x20,0x20,0x20,0x20,0x73,0x75,0x6d,0x20,0x2b,0x3d,0x20,0x28,0x28,
    0x5f,0x36,0x37,0x37,0x20,0x2a,0x20,0x5f,0x37,0x32,0x31,0x29,0x20,0x2a,0x20,0x73,
    0x61,0x6d,0x70,0x6c,0x65,0x53,0x68,0x61,0x64,0x6f,0x77,0x54,0x61,0x70,0x28,0x70,
    0x61,0x72,0x61,0x6d,0x5f,0x33,0x33,0x2c,0x20,0x70,0x61,0x72,0x61,0x6d,0x5f,0x33,
    0x34,0x2c,0x20,0x70,0x61,0x72,0x61,0x6d,0x5f,0x33,0x35,0x2c,0x20,0x53,0x50,0x49,
    0x52,0x56,0x5f,0x43,0x72,0x6f,0x73,0x73,0x5f,0x43,0x6f,0x6d,0x62,0x69,0x6e,0x65,
    0x64,0x74,0x65,0x78,0x73,0x6d,0x70,0x29,0x29,0x3b,0x0a,0x20,0x20,0x20,0x20,0x76,
    0x65,0x63,0x32,0x20,0x70,0x61,0x72,0x61,0x6d,0x5f,0x33,0x36,0x20,0x3d,0x20,0x5f,
    0x36,0x35,0x31,0x20,0x2b,0x20,0x28,0x76,0x65,0x63,0x32,0x28,0x5f,0x36,0x38,0x35,
    0x2c,0x20,0x5f,0x37,0x35,0x34,0x29,0x20,0x2a,0x20,0x5f,0x36,0x35,0x35,0x29,0x3b,
    0x0a,0x20,0x20,0x20,0x20,0x66,0x6c,0x6f,0x61,0x74,0x20,0x70,0x61,0x72,0x61,0x6d,
    0x5f,0x33,0x37,0x20,0x3d,0x20,0x5f,0x36,0x31,0x37,0x3b,0x0a,0x20,0x20,0x20,0x20,
    0x66,0x6c,0x6f,0x61,0x74,0x20,0x70,0x61,0x72,0x61,0x6d,0x5f,0x33,0x38,0x20,0x3d,
    0x20,0x5f,0x36,0x32,0x32,0x3b,0x0a,0x20,0x20,0x20,0x20,0x73,0x75,0x6d,0x20,0x2b,
    0x3d,0x20,0x28,0x28,0x5f,0x36,0x36,0x30,0x20,0x2a,0x20,0x5f,0x37,0x32,0x36,0x29,
    0x20,0x2a,0x20,0x73,0x61,0x6d,0x70,0x6c,0x65,0x53,0x68,0x61,0x64,0x6f,0x77,0x54,
    0x61,0x70,0x28,0x70,0x61,0x72,0x61,0x6d,0x5f,0x33,0x36,0x2c,0x20,0x70,0x61,0x72,
    0x61,0x6d,0x5f,0x33,0x37,0x2c,0x20,0x70,0x61,0x72,0x61,0x6d,0x5f,0x33,0x38,0x2c,
    0x20,0x53,0x50,0x49,0x52,0x56,0x5f,0x43,0x72,0x6f,0x73,0x73,0x5f,0x43,0x6f,0x6d,
    0x62,0x69,0x6e,0x65,0x64,0x74,0x65,0x78,0x73,0x6d,0x70,0x29,0x29,0x3b,0x0a,0x20,
    0x20,0x20,0x20,0x76,0x65,0x63,0x32,0x20,0x70,0x61,0x72,0x61,0x6d,0x5f,0x33,0x39,
    0x20,0x3d,0x20,0x5f,0x36,0x35,0x31,0x20,0x2b,0x20,0x28,0x76,0x65,0x63,0x32,0x28,
    0x5f,0x36,0x39,0x33,0x2c,0x20,0x5f,0x37,0x35,0x34,0x29,0x20,0x2a,0x20,0x5f,0x36,
    0x35,0x35,0x29,0x3b,0x0a,0x20,0x20,0x20,0x20,0x66,0x6c,0x6f,0x61,0x74,0x20,0x70,
    0x61,0x72,0x61,0x6d,0x5f,0x34,0x30,0x20,0x3d,0x20,0x5f,0x36,0x31,0x37,0x3b,0x0a,
    0x20,0x20,0x20,0x20,0x66,0x6c,0x6f,0x61,0x74,0x20,0x70,0x61,0x72,0x61,0x6d,0x5f,
    0x34,0x31,0x20,0x3d,0x20,0x5f,0x36,0x32,0x32,0x3b,0x0a,0x20,0x20,0x20,0x20,0x73,
    0x75,0x6d,0x20,0x2b,0x3d,0x20,0x28,0x28,0x5f,0x36,0x36,0x36,0x20,0x2a,0x20,0x5f,
    0x37,0x32,0x36,0x29,0x20,0x2a,0x20,0x73,0x61,0x6d,0x70,0x6c,0x65,0x53,0x68,0x61,
    0x64,0x6f,0x77,0x54,0x61,0x70,0x28,0x70,0x61,0x72,0x61,0x6d,0x5f,0x33,0x39,0x2c,
    0x20,0x70,0x61,0x72,0x61,0x6d,0x5f,0x34,0x30,0x2c,0x20,0x70,0x61,0x72,0x61,0x6d,
    0x5f,0x34,0x31,0x2c,0x20,0x53,0x50,0x49,0x52,0x56,0x5f,0x43,0x72,0x6f,0x73,0x73,
    0x5f,0x43,0x6f,0x6d,0x62,0x69,0x6e,0x65,0x64,0x74,0x65,0x78,0x73,0x6d,0x70,0x29,
    0x29,0x3b,0x0a,0x20,0x20,0x20,0x20,0x76,0x65,0x63,0x32,0x20,0x70,0x61,0x72,0x61,
    0x6d,0x5f,0x34,0x32,0x20,0x3d,0x20,0x5f,0x36,0x35,0x31,0x20,0x2b,0x20,0x28,0x76,
    0x65,0x63,0x32,0x28,0x5f,0x37,0x30,0x32,0x2c,0x20,0x5f,0x37,0x35,0x34,0x29,0x20,
    0x2a,0x20,0x5f,0x36,0x35,0x35,0x29,0x3b,0x0a,0x20,0x20,0x20,0x20,0x66,0x6c,0x6f,
    0x61,0x74,0x20,0x70,0x61,0x72,0x61,0x6d,0x5f,0x34,0x33,0x20,0x3d,0x20,0x5f,0x36,
    0x31,0x37,0x3b,0x0a,0x20,0x20,0x20,0x20,0x66,0x6c,0x6f,0x61,0x74,0x20,0x70,0x61,
    0x72,0x61,0x6d,0x5f,0x34,0x34,0x20,0x3d,0x20,0x5f,0x36,0x32,0x32,0x3b,0x0a,0x20,
    0x20,0x20,0x20,0x73,0x75,0x6d,0x20,0x2b,0x3d,0x20,0x28,0x28,0x5f,0x36,0x37,0x32,
    0x20,0x2a,0x20,0x5f,0x37,0x32,0x36,0x29,0x20,0x2a,0x20,0x73,0x61,0x6d,0x70,0x6c,
    0x65,0x53,0x68,0x61,0x64,0x6f,0x77,0x54,0x61,0x70,0x28,0x70,0x61,0x72,0x61,0x6d,
    0x5f,0x34,0x32,0x2c,0x20,0x70,0x61,0x72,0x61,0x6d,0x5f,0x34,0x33,0x2c,0x20,0x70,
    0x61,0x72,0x61,0x6d,0x5f,0x34,0x34,0x2c,0x20,0x53,0x50,0x49,0x52,0x56,0x5f,0x43,
    0x72,0x6f,0x73,0x73,0x5f,0x43,0x6f,0x6d,0x62,0x69,0x6e,0x65,0x64,0x74,0x65,0x78,
    0x73,0x6d,0x70,0x29,0x29,0x3b,0x0a,0x20,0x20,0x20,0x20,0x76,0x65,0x63,0x32,0x20,
    0x70,0x61,0x72,0x61,0x6d,0x5f,0x34,0x35,0x20,0x3d,0x20,0x5f,0x36,0x35,0x31,0x20,
    0x2b,0x20,0x28,0x76,0x65,0x63,0x32,0x28,0x5f,0x37,0x30,0x38,0x2c,0x20,0x5f,0x37,
    0x35,0x34,0x29,0x20,0x2a,0x20,0x5f,0x36,0x35,0x35,0x29,0x3b,0x0a,0x20,0x20,0x20,
    0x20,0x66,0x6c,0x6f,0x61,0x74,0x20,0x70,0x61,0x72,0x61,0x6d,0x5f,0x34,0x36,0x20,
    0x3d,0x20,0x5f,0x36,0x31,0x37,0x3b,0x0a,0x20,0x20,0x20,0x20,0x66,0x6c,0x6f,0x61,
    0x74,0x20,0x70,0x61,0x72,0x61,0x6d,0x5f,0x34,0x37,0x20,0x3d,0x20,0x5f,0x36,0x32,
    0x32,0x3b,0x0a,0x20,0x20,0x20,0x20,0x66,0x6c,0x6f,0x61,0x74,0x20,0x5f,0x31,0x30,
    0x35,0x38,0x20,0x3d,0x20,0x73,0x75,0x6d,0x3b,0x0a,0x20,0x20,0x20,0x20,0x66,0x6c,
    0x6f,0x61,0x74,0x20,0x5f,0x31,0x30,0x35,0x39,0x20,0x3d,0x20,0x5f,0x31,0x30,0x35,
    0x38,0x20,0x2b,0x20,0x28,0x28,0x5f,0x36,0x37,0x37,0x20,0x2a,0x20,0x5f,0x37,0x32,
    0x36,0x29,0x20,0x2a,0x20,0x73,0x61,0x6d,0x70,0x6c,0x65,0x53,0x68,0x61,0x64,0x6f,
    0x77,0x54,0x61,0x70,0x28,0x70,0x61,0x72,0x61,0x6d,0x5f,0x34,0x35,0x2c,0x20,0x70,
    0x61,0x72,0x61,0x6d,0x5f,0x34,0x36,0x2c,0x20,0x70,0x61,0x72,0x61,0x6d,0x5f,0x34,
    0x37,0x2c,0x20,0x53,0x50,0x49,0x52,0x56,0x5f,0x43,0x72,0x6f,0x73,0x73,0x5f,0x43,
    0x6f,0x6d,0x62,0x69,0x6e,0x65,0x64,0x74,0x65,0x78,0x73,0x6d,0x70,0x29,0x29,0x3b,
    0x0a,0x20,0x20,0x20,0x20,0x73,0x75,0x6d,0x20,0x3d,0x20,0x5f,0x31,0x30,0x35,0x39,
    0x3b,0x0a,0x20,0x20,0x20,0x20,0x72,0x65,0x74,0x75,0x72,0x6e,0x20,0x5f,0x31,0x30,
    0x35,0x39,0x20,0x2a,0x20,0x30,0x2e,0x30,0x30,0x30,0x33,0x36,0x39,0x38,0x32,0x32,
    0x34,0x39,0x30,0x30,0x32,0x39,0x30,0x33,0x36,0x39,0x39,0x38,0x37,0x34,0x38,0x37,
    0x37,0x39,0x32,0x39,0x36,0x38,0x37,0x35,0x3b,0x0a,0x7d,0x0a,0x0a,0x66,0x6c,0x6f,
    0x61,0x74,0x20,0x73,0x61,0x6d,0x70,0x6c,0x65,0x43,0x61,0x73,0x63,0x61,0x64,0x65,
    0x28,0x69,0x6e,0x74,0x20,0x63,0x61,0x73,0x63,0x61,0x64,0x65,0x2c,0x20,0x76,0x65,
    0x63,0x33,0x20,0x77,0x6f,0x72,0x6c,0x64,0x5f,0x70,0x6f,0x73,0x2c,0x20,0x76,0x65,
    0x63,0x33,0x20,0x77,0x6f,0x72,0x6c,0x64,0x5f,0x6e,0x6f,0x72,0x6d,0x61,0x6c,0x2c,
    0x20,0x66,0x6c,0x6f,0x61,0x74,0x20,0x6e,0x5f,0x64,0x6f,0x74,0x5f,0x6c,0x29,0x0a,
    0x7b,0x0a,0x20,0x20,0x20,0x20,0x66,0x6c,0x6f,0x61,0x74,0x20,0x5f,0x31,0x30,0x38,
    0x38,0x20,0x3d,0x20,0x63,0x6c,0x61,0x6d,0x70,0x28,0x5f,0x31,0x30,0x37,0x33,0x2e,
    0x63,0x61,0x73,0x63,0x61,0x64,0x65,0x5f,0x74,0x65,0x78,0x65,0x6c,0x5f,0x77,0x6f,
    0x72,0x6c,0x64,0x2e,0x78,0x20,0x2f,0x20,0x5f,0x31,0x30,0x37,0x33,0x2e,0x63,0x61,
    0x73,0x63,0x61,0x64,0x65,0x5f,0x74,0x65,0x78,0x65,0x6c,0x5f,0x77,0x6f,0x72,0x6c,
    0x64,0x5b,0x63,0x61,0x73,0x63,0x61,0x64,0x65,0x5d,0x2c,0x20,0x30,0x2e,0x32,0x35,
    0x2c,0x20,0x31,0x2e,0x30,0x29,0x3b,0x0a,0x20,0x20,0x20,0x20,0x66,0x6c,0x6f,0x61,
    0x74,0x20,0x5f,0x31,0x30,0x39,0x38,0x20,0x3d,0x20,0x33,0x2e,0x30,0x20,0x2a,0x20,
    0x5f,0x31,0x30,0x38,0x38,0x3b,0x0a,0x20,0x20,0x20,0x20,0x76,0x65,0x63,0x34,0x20,
    0x5f,0x31,0x31,0x32,0x30,0x20,0x3d,0x20,0x5f,0x31,0x30,0x37,0x33,0x2e,0x63,0x61,
    0x73,0x63,0x61,0x64,0x65,0x5f,0x6d,0x61,0x74,0x72,0x69,0x63,0x65,0x73,0x5b,0x63,
    0x61,0x73,0x63,0x61,0x64,0x65,0x5d,0x20,0x2a,0x20,0x76,0x65,0x63,0x34,0x28,0x77,
    0x6f,0x72,0x6c,0x64,0x5f,0x70,0x6f,0x73,0x20,0x2b,0x20,0x28,0x77,0x6f,0x72,0x6c,
    0x64,0x5f,0x6e,0x6f,0x72,0x6d,0x61,0x6c,0x20,0x2a,0x20,0x28,0x28,0x28,0x28,0x5f,
    0x31,0x30,0x39,0x38,0x20,0x2b,0x20,0x30,0x2e,0x35,0x29,0x20,0x2a,0x20,0x31,0x2e,
    0x34,0x31,0x34,0x32,0x30,0x39,0x39,0x36,0x31,0x38,0x39,0x31,0x31,0x37,0x34,0x33,
    0x31,0x36,0x34,0x30,0x36,0x32,0x35,0x29,0x20,0x2a,0x20,0x73,0x71,0x72,0x74,0x28,
    0x6d,0x61,0x78,0x28,0x31,0x2e,0x30,0x20,0x2d,0x20,0x28,0x6e,0x5f,0x64,0x6f,0x74,
    0x5f,0x6c,0x20,0x2a,0x20,0x6e,0x5f,0x64,0x6f,0x74,0x5f,0x6c,0x29,0x2c,0x20,0x30,
    0x2e,0x30,0x29,0x29,0x29,0x20,0x2a,0x20,0x5f,0x31,0x30,0x37,0x33,0x2e,0x63,0x61,
    0x73,0x63,0x61,0x64,0x65,0x5f,0x74,0x65,0x78,0x65,0x6c,0x5f,0x77,0x6f,0x72,0x6c,
    0x64,0x5b,0x63,0x61,0x73,0x63,0x61,0x64,0x65,0x5d,0x29,0x29,0x2c,0x20,0x31,0x2e,
    0x30,0x29,0x3b,0x0a,0x20,0x20,0x20,0x20,0x76,0x65,0x63,0x33,0x20,0x5f,0x31,0x31,
    0x32,0x38,0x20,0x3d,0x20,0x5f,0x31,0x31,0x32,0x30,0x2e,0x78,0x79,0x7a,0x20,0x2f,
    0x20,0x76,0x65,0x63,0x33,0x28,0x5f,0x31,0x31,0x32,0x30,0x2e,0x77,0x29,0x3b,0x0a,
    0x20,0x20,0x20,0x20,0x66,0x6c,0x6f,0x61,0x74,0x20,0x5f,0x31,0x31,0x34,0x34,0x20,
    0x3d,0x20,0x5f,0x31,0x31,0x32,0x38,0x2e,0x7a,0x3b,0x0a,0x20,0x20,0x20,0x20,0x76,
    0x65,0x63,0x33,0x20,0x5f,0x31,0x31,0x34,0x35,0x20,0x3d,0x20,0x76,0x65,0x63,0x33,
    0x28,0x28,0x5f,0x31,0x31,0x32,0x38,0x2e,0x78,0x20,0x2a,0x20,0x30,0x2e,0x35,0x29,
    0x20,0x2b,0x20,0x30,0x2e,0x35,0x2c,0x20,0x28,0x28,0x5f,0x31,0x31,0x32,0x38,0x2e,
    0x79,0x20,0x2a,0x20,0x5f,0x31,0x30,0x37,0x33,0x2e,0x73,0x68,0x61,0x64,0x6f,0x77,
    0x5f,0x70,0x61,0x72,0x61,0x6d,0x73,0x2e,0x78,0x29,0x20,0x2a,0x20,0x30,0x2e,0x35,
    0x29,0x20,0x2b,0x20,0x30,0x2e,0x35,0x2c,0x20,0x5f,0x31,0x31,0x34,0x34,0x29,0x3b,
    0x0a,0x20,0x20,0x20,0x20,0x62,0x6f,0x6f,0x6c,0x20,0x5f,0x31,0x31,0x34,0x38,0x20,
    0x3d,0x20,0x5f,0x31,0x31,0x34,0x34,0x20,0x3c,0x20,0x30,0x2e,0x30,0x3b,0x0a,0x20,
    0x20,0x20,0x20,0x62,0x6f,0x6f,0x6c,0x20,0x5f,0x31,0x31,0x35,0x35,0x3b,0x0a,0x20,
    0x20,0x20,0x20,0x69,0x66,0x20,0x28,0x21,0x5f,0x31,0x31,0x34,0x38,0x29,0x0a,0x20,
    0x20,0x20,0x20,0x7b,0x0a,0x20,0x20,0x20,0x20,0x20,0x20,0x20,0x20,0x5f,0x31,0x31,
    0x35,0x35,0x20,0x3d,0x20,0x5f,0x31,0x31,0x34,0x34,0x20,0x3e,0x20,0x31,0x2e,0x30,
    0x3b,0x0a,0x20,0x20,0x20,0x20,0x7d,0x0a,0x20,0x20,0x20,0x20,0x65,0x6c,0x73,0x65,
    0x0a,0x20,0x20,0x20,0x20,0x7b,0x0a,0x20,0x20,0x20,0x20,0x20,0x20,0x20,0x20,0x5f,
    0x31,0x31,0x35,0x35,0x20,0x3d,0x20,0x5f,0x31,0x31,0x34,0x38,0x3b,0x0a,0x20,0x20,
    0x20,0x20,0x7d,0x0a,0x20,0x20,0x20,0x20,0x69,0x66,0x20,0x28,0x5f,0x31,0x31,0x35,
    0x35,0x29,0x0a,0x20,0x20,0x20,0x20,0x7b,0x0a,0x20,0x20,0x20,0x20,0x20,0x20,0x20,
    0x20,0x72,0x65,0x74,0x75,0x72,0x6e,0x20,0x31,0x2e,0x30,0x3b,0x0a,0x20,0x20,0x20,
    0x20,0x7d,0x0a,0x20,0x20,0x20,0x20,0x66,0x6c,0x6f,0x61,0x74,0x20,0x5f,0x31,0x31,
    0x36,0x35,0x20,0x3d,0x20,0x28,0x5f,0x31,0x30,0x39,0x38,0x20,0x2b,0x20,0x31,0x2e,
    0x30,0x29,0x20,0x2a,0x20,0x5f,0x31,0x30,0x37,0x33,0x2e,0x73,0x68,0x61,0x64,0x6f,
    0x77,0x5f,0x70,0x61,0x72,0x61,0x6d,0x73,0x2e,0x79,0x3b,0x0a,0x20,0x20,0x20,0x20,
    0x76,0x65,0x63,0x32,0x20,0x5f,0x31,0x31,0x36,0x37,0x20,0x3d,0x20,0x5f,0x31,0x31,
    0x34,0x35,0x2e,0x78,0x79,0x3b,0x0a,0x20,0x20,0x20,0x20,0x62,0x6f,0x6f,0x6c,0x20,
    0x5f,0x31,0x31,0x37,0x33,0x20,0x3d,0x20,0x61,0x6e,0x79,0x28,0x6c,0x65,0x73,0x73,
    0x54,0x68,0x61,0x6e,0x28,0x5f,0x31,0x31,0x36,0x37,0x2c,0x20,0x76,0x65,0x63,0x32,
    0x28,0x2d,0x5f,0x31,0x31,0x36,0x35,0x29,0x29,0x29,0x3b,0x0a,0x20,0x20,0x20,0x20,
    0x62,0x6f,0x6f,0x6c,0x20,0x5f,0x31,0x31,0x38,0x34,0x3b,0x0a,0x20,0x20,0x20,0x20,
    0x69,0x66,0x20,0x28,0x21,0x5f,0x31,0x31,0x37,0x33,0x29,0x0a,0x20,0x20,0x20,0x20,
    0x7b,0x0a,0x20,0x20,0x20,0x20,0x20,0x20,0x20,0x20,0x5f,0x31,0x31,0x38,0x34,0x20,
    0x3d,0x20,0x61,0x6e,0x79,0x28,0x67,0x72,0x65,0x61,0x74,0x65,0x72,0x54,0x68,0x61,
    0x6e,0x28,0x5f,0x31,0x31,0x36,0x37,0x2c,0x20,0x76,0x65,0x63,0x32,0x28,0x31,0x2e,
    0x30,0x20,0x2b,0x20,0x5f,0x31,0x31,0x36,0x35,0x29,0x29,0x29,0x3b,0x0a,0x20,0x20,
    0x20,0x20,0x7d,0x0a,0x20,0x20,0x20,0x20,0x65,0x6c,0x73,0x65,0x0a,0x20,0x20,0x20,
    0x20,0x7b,0x0a,0x20,0x20,0x20,0x20,0x20,0x20,0x20,0x20,0x5f,0x31,0x31,0x38,0x34,
    0x20,0x3d,0x20,0x5f,0x31,0x31,0x37,0x33,0x3b,0x0a,0x20,0x20,0x20,0x20,0x7d,0x0a,
    0x20,0x20,0x20,0x20,0x69,0x66,0x20,0x28,0x5f,0x31,0x31,0x38,0x34,0x29,0x0a,0x20,
    0x20,0x20,0x20,0x7b,0x0a,0x20,0x20,0x20,0x20,0x20,0x20,0x20,0x20,0x72,0x65,0x74,
    0x75,0x72,0x6e,0x20,0x31,0x2e,0x30,0x3b,0x0a,0x20,0x20,0x20,0x20,0x7d,0x0a,0x20,
    0x20,0x20,0x20,0x69,0x6e,0x74,0x20,0x70,0x61,0x72,0x61,0x6d,0x20,0x3d,0x20,0x63,
    0x61,0x73,0x63,0x61,0x64,0x65,0x3b,0x0a,0x20,0x20,0x20,0x20,0x76,0x65,0x63,0x33,
    0x20,0x70,0x61,0x72,0x61,0x6d,0x5f,0x31,0x20,0x3d,0x20,0x5f,0x31,0x31,0x34,0x35,
    0x3b,0x0a,0x20,0x20,0x20,0x20,0x66,0x6c,0x6f,0x61,0x74,0x20,0x70,0x61,0x72,0x61,
    0x6d,0x5f,0x32,0x20,0x3d,0x20,0x5f,0x31,0x30,0x37,0x33,0x2e,0x63,0x61,0x73,0x63,
    0x61,0x64,0x65,0x5f,0x64,0x65,0x70,0x74,0x68,0x5f,0x62,0x69,0x61,0x73,0x5b,0x63,
    0x61,0x73,0x63,0x61,0x64,0x65,0x5d,0x3b,0x0a,0x20,0x20,0x20,0x20,0x66,0x6c,0x6f,
    0x61,0x74,0x20,0x70,0x61,0x72,0x61,0x6d,0x5f,0x33,0x20,0x3d,0x20,0x5f,0x31,0x30,
    0x38,0x38,0x3b,0x0a,0x20,0x20,0x20,0x20,0x66,0x6c,0x6f,0x61,0x74,0x20,0x70,0x61,
    0x72,0x61,0x6d,0x5f,0x34,0x20,0x3d,0x20,0x5f,0x31,0x30,0x37,0x33,0x2e,0x73,0x68,
    0x61,0x64,0x6f,0x77,0x5f,0x70,0x61,0x72,0x61,0x6d,0x73,0x2e,0x79,0x3b,0x0a,0x20,
    0x20,0x20,0x20,0x72,0x65,0x74,0x75,0x72,0x6e,0x20,0x73,0x61,0x6d,0x70,0x6c,0x65,
    0x53,0x68,0x61,0x64,0x6f,0x77,0x50,0x43,0x46,0x28,0x70,0x61,0x72,0x61,0x6d,0x2c,
    0x20,0x70,0x61,0x72,0x61,0x6d,0x5f,0x31,0x2c,0x20,0x70,0x61,0x72,0x61,0x6d,0x5f,
    0x32,0x2c,0x20,0x70,0x61,0x72,0x61,0x6d,0x5f,0x33,0x2c,0x20,0x70,0x61,0x72,0x61,
    0x6d,0x5f,0x34,0x2c,0x20,0x74,0x65,0x78,0x5f,0x73,0x68,0x61,0x64,0x6f,0x77,0x5f,
    0x73,0x6d,0x70,0x5f,0x73,0x68,0x61,0x64,0x6f,0x77,0x29,0x3b,0x0a,0x7d,0x0a,0x0a,
    0x66,0x6c,0x6f,0x61,0x74,0x20,0x73,0x61,0x6d,0x70,0x6c,0x65,0x53,0x68,0x61,0x64,
    0x6f,0x77,0x43,0x61,0x73,0x63,0x61,0x64,0x65,0x64,0x28,0x76,0x65,0x63,0x33,0x20,
    0x77,0x6f,0x72,0x6c,0x64,0x5f,0x70,0x6f,0x73,0x2c,0x20,0x76,0x65,0x63,0x33,0x20,
    0x77,0x6f,0x72,0x6c,0x64,0x5f,0x6e,0x6f,0x72,0x6d,0x61,0x6c,0x2c,0x20,0x66,0x6c,
    0x6f,0x61,0x74,0x20,0x6e,0x5f,0x64,0x6f,0x74,0x5f,0x6c,0x2c,0x20,0x66,0x6c,0x6f,
    0x61,0x74,0x20,0x76,0x69,0x65,0x77,0x5f,0x7a,0x29,0x0a,0x7b,0x0a,0x20,0x20,0x20,
    0x20,0x76,0x65,0x63,0x34,0x20,0x70,0x61,0x72,0x61,0x6d,0x20,0x3d,0x20,0x5f,0x31,
    0x30,0x37,0x33,0x2e,0x63,0x61,0x73,0x63,0x61,0x64,0x65,0x5f,0x66,0x61,0x72,0x5f,
    0x76,0x69,0x65,0x77,0x5f,0x7a,0x3b,0x0a,0x20,0x20,0x20,0x20,0x66,0x6c,0x6f,0x61,
    0x74,0x20,0x70,0x61,0x72,0x61,0x6d,0x5f,0x31,0x20,0x3d,0x20,0x76,0x69,0x65,0x77,
    0x5f,0x7a,0x3b,0x0a,0x20,0x20,0x20,0x20,0x69,0x6e,0x74,0x20,0x5f,0x31,0x32,0x31,
    0x31,0x20,0x3d,0x20,0x73,0x65,0x6c,0x65,0x63,0x74,0x53,0x68,0x61,0x64,0x6f,0x77,
    0x43,0x61,0x73,0x63,0x61,0x64,0x65,0x28,0x70,0x61,0x72,0x61,0x6d,0x2c,0x20,0x70,
    0x61,0x72,0x61,0x6d,0x5f,0x31,0x29,0x3b,0x0a,0x20,0x20,0x20,0x20,0x69,0x6e,0x74,
    0x20,0x70,0x61,0x72,0x61,0x6d,0x5f,0x32,0x20,0x3d,0x20,0x5f,0x31,0x32,0x31,0x31,
    0x3b,0x0a,0x20,0x20,0x20,0x20,0x76,0x65,0x63,0x33,0x20,0x70,0x61,0x72,0x61,0x6d,
    0x5f,0x33,0x20,0x3d,0x20,0x77,0x6f,0x72,0x6c,0x64,0x5f,0x70,0x6f,0x73,0x3b,0x0a,
    0x20,0x20,0x20,0x20,0x76,0x65,0x63,0x33,0x20,0x70,0x61,0x72,0x61,0x6d,0x5f,0x34,
    0x20,0x3d,0x20,0x77,0x6f,0x72,0x6c,0x64,0x5f,0x6e,0x6f,0x72,0x6d,0x61,0x6c,0x3b,
    0x0a,0x20,0x20,0x20,0x20,0x66,0x6c,0x6f,0x61,0x74,0x20,0x70,0x61,0x72,0x61,0x6d,
    0x5f,0x35,0x20,0x3d,0x20,0x6e,0x5f,0x64,0x6f,0x74,0x5f,0x6c,0x3b,0x0a,0x20,0x20,
    0x20,0x20,0x66,0x6c,0x6f,0x61,0x74,0x20,0x73,0x68,0x61,0x64,0x6f,0x77,0x20,0x3d,
    0x20,0x73,0x61,0x6d,0x70,0x6c,0x65,0x43,0x61,0x73,0x63,0x61,0x64,0x65,0x28,0x70,
    0x61,0x72,0x61,0x6d,0x5f,0x32,0x2c,0x20,0x70,0x61,0x72,0x61,0x6d,0x5f,0x33,0x2c,
    0x20,0x70,0x61,0x72,0x61,0x6d,0x5f,0x34,0x2c,0x20,0x70,0x61,0x72,0x61,0x6d,0x5f,
    0x35,0x29,0x3b,0x0a,0x20,0x20,0x20,0x20,0x69,0x66,0x20,0x28,0x5f,0x31,0x32,0x31,
    0x31,0x20,0x3c,0x20,0x33,0x29,0x0a,0x20,0x20,0x20,0x20,0x7b,0x0a,0x20,0x20,0x20,
    0x20,0x20,0x20,0x20,0x20,0x66,0x6c,0x6f,0x61,0x74,0x20,0x5f,0x31,0x32,0x33,0x33,
    0x3b,0x0a,0x20,0x20,0x20,0x20,0x20,0x20,0x20,0x20,0x69,0x66,0x20,0x28,0x5f,0x31,
    0x32,0x31,0x31,0x20,0x3d,0x3d,0x20,0x30,0x29,0x0a,0x20,0x20,0x20,0x20,0x20,0x20,
    0x20,0x20,0x7b,0x0a,0x20,0x20,0x20,0x20,0x20,0x20,0x20,0x20,0x20,0x20,0x20,0x20,
    0x5f,0x31,0x32,0x33,0x33,0x20,0x3d,0x20,0x30,0x2e,0x30,0x3b,0x0a,0x20,0x20,0x20,
    0x20,0x20,0x20,0x20,0x20,0x7d,0x0a,0x20,0x20,0x20,0x20,0x20,0x20,0x20,0x20,0x65,
    0x6c,0x73,0x65,0x0a,0x20,0x20,0x20,0x20,0x20,0x20,0x20,0x20,0x7b,0x0a,0x20,0x20,
    0x20,0x20,0x20,0x20,0x20,0x20,0x20,0x20,0x20,0x20,0x5f,0x31,0x32,0x33,0x33,0x20,
    0x3d,0x20,0x5f,0x31,0x30,0x37,0x33,0x2e,0x63,0x61,0x73,0x63,0x61,0x64,0x65,0x5f,
    0x66,0x61,0x72,0x5f,0x76,0x69,0x65,0x77,0x5f,0x7a,0x5b,0x5f,0x31,0x32,0x31,0x31,
    0x20,0x2d,0x20,0x31,0x5d,0x3b,0x0a,0x20,0x20,0x20,0x20,0x20,0x20,0x20,0x20,0x7d,
    0x0a,0x20,0x20,0x20,0x20,0x20,0x20,0x20,0x20,0x66,0x6c,0x6f,0x61,0x74,0x20,0x5f,
    0x31,0x32,0x34,0x36,0x20,0x3d,0x20,0x6d,0x69,0x78,0x28,0x5f,0x31,0x30,0x37,0x33,
    0x2e,0x63,0x61,0x73,0x63,0x61,0x64,0x65,0x5f,0x66,0x61,0x72,0x5f,0x76,0x69,0x65,
    0x77,0x5f,0x7a,0x5b,0x5f,0x31,0x32,0x31,0x31,0x5d,0x2c,0x20,0x5f,0x31,0x32,0x33,
    0x33,0x2c,0x20,0x30,0x2e,0x31,0x30,0x30,0x30,0x30,0x30,0x30,0x30,0x31,0x34,0x39,
    0x30,0x31,0x31,0x36,0x31,0x31,0x39,0x33,0x38,0x34,0x37,0x36,0x35,0x36,0x32,0x35,
    0x29,0x3b,0x0a,0x20,0x20,0x20,0x20,0x20,0x20,0x20,0x20,0x69,0x66,0x20,0x28,0x76,
    0x69,0x65,0x77,0x5f,0x7a,0x20,0x3e,0x20,0x5f,0x31,0x32,0x34,0x36,0x29,0x0a,0x20,
    0x20,0x20,0x20,0x20,0x20,0x20,0x20,0x7b,0x0a,0x20,0x20,0x20,0x20,0x20,0x20,0x20,
    0x20,0x20,0x20,0x20,0x20,0x69,0x6e,0x74,0x20,0x70,0x61,0x72,0x61,0x6d,0x5f,0x36,
    0x20,0x3d,0x20,0x5f,0x31,0x32,0x31,0x31,0x20,0x2b,0x20,0x31,0x3b,0x0a,0x20,0x20,
    0x20,0x20,0x20,0x20,0x20,0x20,0x20,0x20,0x20,0x20,0x76,0x65,0x63,0x33,0x20,0x70,
    0x61,0x72,0x61,0x6d,0x5f,0x37,0x20,0x3d,0x20,0x77,0x6f,0x72,0x6c,0x64,0x5f,0x70,
    0x6f,0x73,0x3b,0x0a,0x20,0x20,0x20,0x20,0x20,0x20,0x20,0x20,0x20,0x20,0x20,0x20,
    0x76,0x65,0x63,0x33,0x20,0x70,0x61,0x72,0x61,0x6d,0x5f,0x38,0x20,0x3d,0x20,0x77,
    0x6f,0x72,0x6c,0x64,0x5f,0x6e,0x6f,0x72,0x6d,0x61,0x6c,0x3b,0x0a,0x20,0x20,0x20,
    0x20,0x20,0x20,0x20,0x20,0x20,0x20,0x20,0x20,0x66,0x6c,0x6f,0x61,0x74,0x20,0x70,
    0x61,0x72,0x61,0x6d,0x5f,0x39,0x20,0x3d,0x20,0x6e,0x5f,0x64,0x6f,0x74,0x5f,0x6c,
    0x3b,0x0a,0x20,0x20,0x20,0x20,0x20,0x20,0x20,0x20,0x20,0x20,0x20,0x20,0x73,0x68,
    0x61,0x64,0x6f,0x77,0x20,0x3d,0x20,0x6d,0x69,0x78,0x28,0x73,0x68,0x61,0x64,0x6f,
    0x77,0x2c,0x20,0x73,0x61,0x6d,0x70,0x6c,0x65,0x43,0x61,0x73,0x63,0x61,0x64,0x65,
    0x28,0x70,0x61,0x72,0x61,0x6d,0x5f,0x36,0x2c,0x20,0x70,0x61,0x72,0x61,0x6d,0x5f,
    0x37,0x2c,0x20,0x70,0x61,0x72,0x61,0x6d,0x5f,0x38,0x2c,0x20,0x70,0x61,0x72,0x61,
    0x6d,0x5f,0x39,0x29,0x2c,0x20,0x28,0x76,0x69,0x65,0x77,0x5f,0x7a,0x20,0x2d,0x20,
    0x5f,0x31,0x32,0x34,0x36,0x29,0x20,0x2f,0x20,0x28,0x5f,0x31,0x30,0x37,0x33,0x2e,
    0x63,0x61,0x73,0x63,0x61,0x64,0x65,0x5f,0x66,0x61,0x72,0x5f,0x76,0x69,0x65,0x77,
    0x5f,0x7a,0x5b,0x5f,0x31,0x32,0x31,0x31,0x5d,0x20,0x2d,0x20,0x5f,0x31,0x32,0x34,
    0x36,0x29,0x29,0x3b,0x0a,0x20,0x20,0x20,0x20,0x20,0x20,0x20,0x20,0x7d,0x0a,0x20,
    0x20,0x20,0x20,0x7d,0x0a,0x20,0x20,0x20,0x20,0x72,0x65,0x74,0x75,0x72,0x6e,0x20,
    0x73,0x68,0x61,0x64,0x6f,0x77,0x3b,0x0a,0x7d,0x0a,0x0a,0x66,0x6c,0x6f,0x61,0x74,
    0x20,0x70,0x62,0x72,0x44,0x69,0x73,0x74,0x72,0x69,0x62,0x75,0x74,0x69,0x6f,0x6e,
    0x47,0x47,0x58,0x28,0x66,0x6c,0x6f,0x61,0x74,0x20,0x6e,0x5f,0x64,0x6f,0x74,0x5f,
    0x68,0x2c,0x20,0x66,0x6c,0x6f,0x61,0x74,0x20,0x61,0x6c,0x70,0x68,0x61,0x29,0x0a,
    0x7b,0x0a,0x20,0x20,0x20,0x20,0x66,0x6c,0x6f,0x61,0x74,0x20,0x5f,0x31,0x33,0x35,
    0x20,0x3d,0x20,0x61,0x6c,0x70,0x68,0x61,0x20,0x2a,0x20,0x61,0x6c,0x70,0x68,0x61,
    0x3b,0x0a,0x20,0x20,0x20,0x20,0x66,0x6c,0x6f,0x61,0x74,0x20,0x5f,0x31,0x34,0x34,
    0x20,0x3d,0x20,0x28,0x28,0x6e,0x5f,0x64,0x6f,0x74,0x5f,0x68,0x20,0x2a,0x20,0x6e,
    0x5f,0x64,0x6f,0x74,0x5f,0x68,0x29,0x20,0x2a,0x20,0x28,0x5f,0x31,0x33,0x35,0x20,
    0x2d,0x20,0x31,0x2e,0x30,0x29,0x29,0x20,0x2b,0x20,0x31,0x2e,0x30,0x3b,0x0a,0x20,
    0x20,0x20,0x20,0x72,0x65,0x74,0x75,0x72,0x6e,0x20,0x5f,0x31,0x33,0x35,0x20,0x2f,
    0x20,0x28,0x28,0x33,0x2e,0x31,0x34,0x31,0x35,0x39,0x32,0x37,0x34,0x31,0x30,0x31,
    0x32,0x35,0x37,0x33,0x32,0x34,0x32,0x31,0x38,0x37,0x35,0x20,0x2a,0x20,0x5f,0x31,
    0x34,0x34,0x29,0x20,0x2a,0x20,0x5f,0x31,0x34,0x34,0x29,0x3b,0x0a,0x7d,0x0a,0x0a,
    0x66,0x6c,0x6f,0x61,0x74,0x20,0x70,0x62,0x72,0x56,0x69,0x73,0x69,0x62,0x69,0x6c,
    0x69,0x74,0x79,0x53,0x6d,0x69,0x74,0x68,0x43,0x6f,0x72,0x72,0x65,0x6c,0x61,0x74,
    0x65,0x64,0x28,0x66,0x6c,0x6f,0x61,0x74,0x20,0x6e,0x5f,0x64,0x6f,0x74,0x5f,0x76,
    0x2c,0x20,0x66,0x6c,0x6f,0x61,0x74,0x20,0x6e,0x5f,0x64,0x6f,0x74,0x5f,0x6c,0x2c,
    0x20,0x66,0x6c,0x6f,0x61,0x74,0x20,0x61,0x6c,0x70,0x68,0x61,0x29,0x0a,0x7b,0x0a,
    0x20,0x20,0x20,0x20,0x66,0x6c,0x6f,0x61,0x74,0x20,0x5f,0x31,0x35,0x37,0x20,0x3d,
    0x20,0x61,0x6c,0x70,0x68,0x61,0x20,0x2a,0x20,0x61,0x6c,0x70,0x68,0x61,0x3b,0x0a,
    0x20,0x20,0x20,0x20,0x66,0x6c,0x6f,0x61,0x74,0x20,0x5f,0x31,0x36,0x34,0x20,0x3d,
    0x20,0x31,0x2e,0x30,0x20,0x2d,0x20,0x5f,0x31,0x35,0x37,0x3b,0x0a,0x20,0x20,0x20,
    0x20,0x72,0x65,0x74,0x75,0x72,0x6e,0x20,0x30,0x2e,0x35,0x20,0x2f,0x20,0x28,0x28,
    0x28,0x6e,0x5f,0x64,0x6f,0x74,0x5f,0x6c,0x20,0x2a,0x20,0x73,0x71,0x72,0x74,0x28,
    0x28,0x28,0x6e,0x5f,0x64,0x6f,0x74,0x5f,0x76,0x20,0x2a,0x20,0x6e,0x5f,0x64,0x6f,
    0x74,0x5f,0x76,0x29,0x20,0x2a,0x20,0x5f,0x31,0x36,0x34,0x29,0x20,0x2b,0x20,0x5f,
    0x31,0x35,0x37,0x29,0x29,0x20,0x2b,0x20,0x28,0x6e,0x5f,0x64,0x6f,0x74,0x5f,0x76,
    0x20,0x2a,0x20,0x73,0x71,0x72,0x74,0x28,0x28,0x28,0x6e,0x5f,0x64,0x6f,0x74,0x5f,
    0x6c,0x20,0x2a,0x20,0x6e,0x5f,0x64,0x6f,0x74,0x5f,0x6c,0x29,0x20,0x2a,0x20,0x5f,
    0x31,0x36,0x34,0x29,0x20,0x2b,0x20,0x5f,0x31,0x35,0x37,0x29,0x29,0x29,0x20,0x2b,
    0x20,0x39,0x2e,0x39,0x39,0x39,0x39,0x39,0x39,0x37,0x34,0x37,0x33,0x37,0x38,0x37,
    0x35,0x31,0x36,0x33,0x35,0x35,0x35,0x31,0x34,0x35,0x32,0x36,0x33,0x36,0x37,0x31,
    0x38,0x38,0x65,0x2d,0x30,0x36,0x29,0x3b,0x0a,0x7d,0x0a,0x0a,0x76,0x65,0x63,0x33,
    0x20,0x70,0x62,0x72,0x46,0x72,0x65,0x73,0x6e,0x65,0x6c,0x53,0x63,0x68,0x6c,0x69,
    0x63,0x6b,0x28,0x66,0x6c,0x6f,0x61,0x74,0x20,0x76,0x5f,0x64,0x6f,0x74,0x5f,0x68,
    0x2c,0x20,0x76,0x65,0x63,0x33,0x20,0x66,0x30,0x29,0x0a,0x7b,0x0a,0x20,0x20,0x20,
    0x20,0x66,0x6c,0x6f,0x61,0x74,0x20,0x5f,0x31,0x39,0x33,0x20,0x3d,0x20,0x31,0x2e,
    0x30,0x20,0x2d,0x20,0x76,0x5f,0x64,0x6f,0x74,0x5f,0x68,0x3b,0x0a,0x20,0x20,0x20,
    0x20,0x66,0x6c,0x6f,0x61,0x74,0x20,0x5f,0x31,0x39,0x37,0x20,0x3d,0x20,0x5f,0x31,
    0x39,0x33,0x20,0x2a,0x20,0x5f,0x31,0x39,0x33,0x3b,0x0a,0x20,0x20,0x20,0x20,0x72,
    0x65,0x74,0x75,0x72,0x6e,0x20,0x66,0x30,0x20,0x2b,0x20,0x28,0x28,0x76,0x65,0x63,
    0x33,0x28,0x31,0x2e,0x30,0x29,0x20,0x2d,0x20,0x66,0x30,0x29,0x20,0x2a,0x20,0x28,
    0x28,0x5f,0x31,0x39,0x37,0x20,0x2a,0x20,0x5f,0x31,0x39,0x37,0x29,0x20,0x2a,0x20,
    0x5f,0x31,0x39,0x33,0x29,0x29,0x3b,0x0a,0x7d,0x0a,0x0a,0x76,0x65,0x63,0x33,0x20,
    0x62,0x72,0x64,0x66,0x5f,0x65,0x76,0x61,0x6c,0x75,0x61,0x74,0x65,0x28,0x76,0x65,
    0x63,0x33,0x20,0x4e,0x2c,0x20,0x76,0x65,0x63,0x33,0x20,0x56,0x2c,0x20,0x76,0x65,
    0x63,0x33,0x20,0x4c,0x2c,0x20,0x76,0x65,0x63,0x33,0x20,0x73,0x75,0x6e,0x5f,0x72,
    0x61,0x64,0x69,0x61,0x6e,0x63,0x65,0x2c,0x20,0x76,0x65,0x63,0x33,0x20,0x62,0x61,
    0x73,0x65,0x5f,0x63,0x6f,0x6c,0x6f,0x72,0x2c,0x20,0x66,0x6c,0x6f,0x61,0x74,0x20,
    0x6d,0x65,0x74,0x61,0x6c,0x6c,0x69,0x63,0x2c,0x20,0x66,0x6c,0x6f,0x61,0x74,0x20,
    0x72,0x6f,0x75,0x67,0x68,0x6e,0x65,0x73,0x73,0x29,0x0a,0x7b,0x0a,0x20,0x20,0x20,
    0x20,0x66,0x6c,0x6f,0x61,0x74,0x20,0x5f,0x32,0x31,0x36,0x20,0x3d,0x20,0x6d,0x61,
    0x78,0x28,0x64,0x6f,0x74,0x28,0x4e,0x2c,0x20,0x4c,0x29,0x2c,0x20,0x30,0x2e,0x30,
    0x29,0x3b,0x0a,0x20,0x20,0x20,0x20,0x76,0x65,0x63,0x33,0x20,0x5f,0x32,0x32,0x37,
    0x20,0x3d,0x20,0x6e,0x6f,0x72,0x6d,0x61,0x6c,0x69,0x7a,0x65,0x28,0x56,0x20,0x2b,
    0x20,0x4c,0x29,0x3b,0x0a,0x20,0x20,0x20,0x20,0x66,0x6c,0x6f,0x61,0x74,0x20,0x5f,
    0x32,0x34,0x31,0x20,0x3d,0x20,0x6d,0x61,0x78,0x28,0x72,0x6f,0x75,0x67,0x68,0x6e,
    0x65,0x73,0x73,0x2c,0x20,0x30,0x2e,0x30,0x34,0x35,0x30,0x30,0x30,0x30,0x30,0x31,
    0x37,0x38,0x38,0x31,0x33,0x39,0x33,0x34,0x33,0x32,0x36,0x31,0x37,0x31,0x38,0x37,
    0x35,0x29,0x3b,0x0a,0x20,0x20,0x20,0x20,0x66,0x6c,0x6f,0x61,0x74,0x20,0x5f,0x32,
    0x34,0x35,0x20,0x3d,0x20,0x5f,0x32,0x34,0x31,0x20,0x2a,0x20,0x5f,0x32,0x34,0x31,
    0x3b,0x0a,0x20,0x20,0x20,0x20,0x66,0x6c,0x6f,0x61,0x74,0x20,0x70,0x61,0x72,0x61,
    0x6d,0x20,0x3d,0x20,0x6d,0x61,0x78,0x28,0x64,0x6f,0x74,0x28,0x4e,0x2c,0x20,0x5f,
    0x32,0x32,0x37,0x29,0x2c,0x20,0x30,0x2e,0x30,0x29,0x3b,0x0a,0x20,0x20,0x20,0x20,
    0x66,0x6c,0x6f,0x61,0x74,0x20,0x70,0x61,0x72,0x61,0x6d,0x5f,0x31,0x20,0x3d,0x20,
    0x5f,0x32,0x34,0x35,0x3b,0x0a,0x20,0x20,0x20,0x20,0x66,0x6c,0x6f,0x61,0x74,0x20,
    0x70,0x61,0x72,0x61,0x6d,0x5f,0x32,0x20,0x3d,0x20,0x6d,0x61,0x78,0x28,0x64,0x6f,
    0x74,0x28,0x4e,0x2c,0x20,0x56,0x29,0x2c,0x20,0x39,0x2e,0x39,0x39,0x39,0x39,0x39,
    0x39,0x37,0x34,0x37,0x33,0x37,0x38,0x37,0x35,0x31,0x36,0x33,0x35,0x35,0x35,0x31,
    0x34,0x35,0x32,0x36,0x33,0x36,0x37,0x31,0x38,0x38,0x65,0x2d,0x30,0x35,0x29,0x3b,
    0x0a,0x20,0x20,0x20,0x20,0x66,0x6c,0x6f,0x61,0x74,0x20,0x70,0x61,0x72,0x61,0x6d,
    0x5f,0x33,0x20,0x3d,0x20,0x5f,0x32,0x31,0x36,0x3b,0x0a,0x20,0x20,0x20,0x20,0x66,
    0x6c,0x6f,0x61,0x74,0x20,0x70,0x61,0x72,0x61,0x6d,0x5f,0x34,0x20,0x3d,0x20,0x5f,
    0x32,0x34,0x35,0x3b,0x0a,0x20,0x20,0x20,0x20,0x66,0x6c,0x6f,0x61,0x74,0x20,0x70,
    0x61,0x72,0x61,0x6d,0x5f,0x35,0x20,0x3d,0x20,0x6d,0x61,0x78,0x28,0x64,0x6f,0x74,
    0x28,0x56,0x2c,0x20,0x5f,0x32,0x32,0x37,0x29,0x2c,0x20,0x30,0x2e,0x30,0x29,0x3b,
    0x0a,0x20,0x20,0x20,0x20,0x76,0x65,0x63,0x33,0x20,0x70,0x61,0x72,0x61,0x6d,0x5f,
    0x36,0x20,0x3d,0x20,0x6d,0x69,0x78,0x28,0x76,0x65,0x63,0x33,0x28,0x30,0x2e,0x30,
    0x33,0x39,0x39,0x39,0x39,0x39,0x39,0x39,0x31,0x30,0x35,0x39,0x33,0x30,0x33,0x32,
    0x38,0x33,0x36,0x39,0x31,0x34,0x30,0x36,0x32,0x35,0x29,0x2c,0x20,0x62,0x61,0x73,
    0x65,0x5f,0x63,0x6f,0x6c,0x6f,0x72,0x2c,0x20,0x76,0x65,0x63,0x33,0x28,0x6d,0x65,
    0x74,0x61,0x6c,0x6c,0x69,0x63,0x29,0x29,0x3b,0x0a,0x20,0x20,0x20,0x20,0x76,0x65,
    0x63,0x33,0x20,0x5f,0x32,0x37,0x32,0x20,0x3d,0x20,0x70,0x62,0x72,0x46,0x72,0x65,
    0x73,0x6e,0x65,0x6c,0x53,0x63,0x68,0x6c,0x69,0x63,0x6b,0x28,0x70,0x61,0x72,0x61,
    0x6d,0x5f,0x35,0x2c,0x20,0x70,0x61,0x72,0x61,0x6d,0x5f,0x36,0x29,0x3b,0x0a,0x20,
    0x20,0x20,0x20,0x72,0x65,0x74,0x75,0x72,0x6e,0x20,0x28,0x28,0x28,0x28,0x28,0x28,
    0x76,0x65,0x63,0x33,0x28,0x31,0x2e,0x30,0x29,0x20,0x2d,0x20,0x5f,0x32,0x37,0x32,
    0x29,0x20,0x2a,0x20,0x28,0x31,0x2e,0x30,0x20,0x2d,0x20,0x6d,0x65,0x74,0x61,0x6c,
    0x6c,0x69,0x63,0x29,0x29,0x20,0x2a,0x20,0x62,0x61,0x73,0x65,0x5f,0x63,0x6f,0x6c,
    0x6f,0x72,0x29,0x20,0x2a,0x20,0x76,0x65,0x63,0x33,0x28,0x30,0x2e,0x33,0x31,0x38,
    0x33,0x30,0x39,0x38,0x37,0x33,0x33,0x34,0x32,0x35,0x31,0x34,0x30,0x33,0x38,0x30,
    0x38,0x35,0x39,0x33,0x37,0x35,0x29,0x29,0x20,0x2b,0x20,0x28,0x5f,0x32,0x37,0x32,
    0x20,0x2a,0x20,0x28,0x70,0x62,0x72,0x44,0x69,0x73,0x74,0x72,0x69,0x62,0x75,0x74,
    0x69,0x6f,0x6e,0x47,0x47,0x58,0x28,0x70,0x61,0x72,0x61,0x6d,0x2c,0x20,0x70,0x61,
    0x72,0x61,0x6d,0x5f,0x31,0x29,0x20,0x2a,0x20,0x70,0x62,0x72,0x56,0x69,0x73,0x69,
    0x62,0x69,0x6c,0x69,0x74,0x79,0x53,0x6d,0x69,0x74,0x68,0x43,0x6f,0x72,0x72,0x65,
    0x6c,0x61,0x74,0x65,0x64,0x28,0x70,0x61,0x72,0x61,0x6d,0x5f,0x32,0x2c,0x20,0x70,
    0x61,0x72,0x61,0x6d,0x5f,0x33,0x2c,0x20,0x70,0x61,0x72,0x61,0x6d,0x5f,0x34,0x29,
    0x29,0x29,0x29,0x20,0x2a,0x20,0x73,0x75,0x6e,0x5f,0x72,0x61,0x64,0x69,0x61,0x6e,
    0x63,0x65,0x29,0x20,0x2a,0x20,0x5f,0x32,0x31,0x36,0x3b,0x0a,0x7d,0x0a,0x0a,0x76,
    0x65,0x63,0x33,0x20,0x70,0x62,0x72,0x45,0x76,0x61,0x6c,0x75,0x61,0x74,0x65,0x53,
    0x68,0x49,0x72,0x72,0x61,0x64,0x69,0x61,0x6e,0x63,0x65,0x28,0x76,0x65,0x63,0x33,
    0x20,0x4e,0x2c,0x20,0x76,0x65,0x63,0x34,0x20,0x73,0x68,0x5b,0x39,0x5d,0x29,0x0a,
    0x7b,0x0a,0x20,0x20,0x20,0x20,0x76,0x65,0x63,0x33,0x20,0x5f,0x34,0x32,0x36,0x20,
    0x3d,0x20,0x28,0x28,0x28,0x28,0x28,0x28,0x28,0x28,0x73,0x68,0x5b,0x30,0x5d,0x2e,
    0x78,0x79,0x7a,0x20,0x2a,0x20,0x30,0x2e,0x32,0x38,0x32,0x30,0x39,0x34,0x38,0x30,
    0x36,0x34,0x33,0x32,0x37,0x32,0x33,0x39,0x39,0x39,0x30,0x32,0x33,0x34,0x33,0x37,
    0x35,0x29,0x20,0x2b,0x20,0x28,0x73,0x68,0x5b,0x31,0x5d,0x2e,0x78,0x79,0x7a,0x20,
    0x2a,0x20,0x28,0x28,0x2d,0x30,0x2e,0x34,0x38,0x38,0x36,0x30,0x32,0x35,0x31,0x39,
    0x30,0x33,0x35,0x33,0x33,0x39,0x33,0x35,0x35,0x34,0x36,0x38,0x37,0x35,0x29,0x20,
    0x2a,0x20,0x4e,0x2e,0x79,0x29,0x29,0x29,0x20,0x2b,0x20,0x28,0x73,0x68,0x5b,0x32,
    0x5d,0x2e,0x78,0x79,0x7a,0x20,0x2a,0x20,0x28,0x30,0x2e,0x34,0x38,0x38,0x36,0x30,
    0x32,0x35,0x31,0x39,0x30,0x33,0x35,0x33,0x33,0x39,0x33,0x35,0x35,0x34,0x36,0x38,
    0x37,0x35,0x20,0x2a,0x20,0x4e,0x2e,0x7a,0x29,0x29,0x29,0x20,0x2b,0x20,0x28,0x73,
    0x68,0x5b,0x33,0x5d,0x2e,0x78,0x79,0x7a,0x20,0x2a,0x20,0x28,0x28,0x2d,0x30,0x2e,
    0x34,0x38,0x38,0x36,0x30,0x32,0x35,0x31,0x39,0x30,0x33,0x35,0x33,0x33,0x39,0x33,
    0x35,0x35,0x34,0x36,0x38,0x37,0x35,0x29,0x20,0x2a,0x20,0x4e,0x2e,0x78,0x29,0x29,
    0x29,0x20,0x2b,0x20,0x28,0x73,0x68,0x5b,0x34,0x5d,0x2e,0x78,0x79,0x7a,0x20,0x2a,
    0x20,0x28,0x28,0x31,0x2e,0x30,0x39,0x32,0x35,0x34,0x38,0x34,0x38,0x39,0x35,0x37,
    0x30,0x36,0x31,0x37,0x36,0x37,0x35,0x37,0x38,0x31,0x32,0x35,0x20,0x2a,0x20,0x4e,
    0x2e,0x78,0x29,0x20,0x2a,0x20,0x4e,0x2e,0x79,0x29,0x29,0x29,0x20,0x2b,0x20,0x28,
    0x73,0x68,0x5b,0x35,0x5d,0x2e,0x78,0x79,0x7a,0x20,0x2a,0x20,0x28,0x28,0x28,0x2d,
    0x31,0x2e,0x30,0x39,0x32,0x35,0x34,0x38,0x34,0x38,0x39,0x35,0x37,0x30,0x36,0x31,
    0x37,0x36,0x37,0x35,0x37,0x38,0x31,0x32,0x35,0x29,0x20,0x2a,0x20,0x4e,0x2e,0x79,
    0x29,0x20,0x2a,0x20,0x4e,0x2e,0x7a,0x29,0x29,0x29,0x20,0x2b,0x20,0x28,0x73,0x68,
    0x5b,0x36,0x5d,0x2e,0x78,0x79,0x7a,0x20,0x2a,0x20,0x28,0x30,0x2e,0x33,0x31,0x35,
    0x33,0x39,0x31,0x35,0x37,0x30,0x33,0x32,0x39,0x36,0x36,0x36,0x31,0x33,0x37,0x36,
    0x39,0x35,0x33,0x31,0x32,0x35,0x20,0x2a,0x20,0x28,0x28,0x28,0x33,0x2e,0x30,0x20,
    0x2a,0x20,0x4e,0x2e,0x7a,0x29,0x20,0x2a,0x20,0x4e,0x2e,0x7a,0x29,0x20,0x2d,0x20,
    0x31,0x2e,0x30,0x29,0x29,0x29,0x29,0x20,0x2b,0x20,0x28,0x73,0x68,0x5b,0x37,0x5d,
    0x2e,0x78,0x79,0x7a,0x20,0x2a,0x20,0x28,0x28,0x28,0x2d,0x31,0x2e,0x30,0x39,0x32,
    0x35,0x34,0x38,0x34,0x38,0x39,0x35,0x37,0x30,0x36,0x31,0x37,0x36,0x37,0x35,0x37,
    0x38,0x31,0x32,0x35,0x29,0x20,0x2a,0x20,0x4e,0x2e,0x78,0x29,0x20,0x2a,0x20,0x4e,
    0x2e,0x7a,0x29,0x29,0x29,0x20,0x2b,0x20,0x28,0x73,0x68,0x5b,0x38,0x5d,0x2e,0x78,
    0x79,0x7a,0x20,0x2a,0x20,0x28,0x30,0x2e,0x35,0x34,0x36,0x32,0x37,0x34,0x32,0x34,
    0x34,0x37,0x38,0x35,0x33,0x30,0x38,0x38,0x33,0x37,0x38,0x39,0x30,0x36,0x32,0x35,
    0x20,0x2a,0x20,0x28,0x28,0x4e,0x2e,0x78,0x20,0x2a,0x20,0x4e,0x2e,0x78,0x29,0x20,
    0x2d,0x20,0x28,0x4e,0x2e,0x79,0x20,0x2a,0x20,0x4e,0x2e,0x79,0x29,0x29,0x29,0x29,
    0x3b,0x0a,0x20,0x20,0x20,0x20,0x72,0x65,0x74,0x75,0x72,0x6e,0x20,0x5f,0x34,0x32,
    0x36,0x3b,0x0a,0x7d,0x0a,0x0a,0x76,0x65,0x63,0x33,0x20,0x70,0x62,0x72,0x45,0x76,
    0x61,0x6c,0x75,0x61,0x74,0x65,0x49,0x62,0x6c,0x28,0x76,0x65,0x63,0x33,0x20,0x4e,
    0x5f,0x77,0x6f,0x72,0x6c,0x64,0x2c,0x20,0x76,0x65,0x63,0x33,0x20,0x56,0x5f,0x77,
    0x6f,0x72,0x6c,0x64,0x2c,0x20,0x76,0x65,0x63,0x33,0x20,0x62,0x61,0x73,0x65,0x5f,
    0x63,0x6f,0x6c,0x6f,0x72,0x2c,0x20,0x66,0x6c,0x6f,0x61,0x74,0x20,0x6d,0x65,0x74,
    0x61,0x6c,0x6c,0x69,0x63,0x2c,0x20,0x66,0x6c,0x6f,0x61,0x74,0x20,0x72,0x6f,0x75,
    0x67,0x68,0x6e,0x65,0x73,0x73,0x2c,0x20,0x76,0x65,0x63,0x34,0x20,0x73,0x68,0x5b,
    0x39,0x5d,0x2c,0x20,0x66,0x6c,0x6f,0x61,0x74,0x20,0x6d,0x61,0x78,0x5f,0x6c,0x6f,
    0x64,0x2c,0x20,0x73,0x61,0x6d,0x70,0x6c,0x65,0x72,0x43,0x75,0x62,0x65,0x20,0x53,
    0x50,0x49,0x52,0x56,0x5f,0x43,0x72,0x6f,0x73,0x73,0x5f,0x43,0x6f,0x6d,0x62,0x69,
    0x6e,0x65,0x64,0x74,0x65,0x78,0x5f,0x73,0x70,0x65,0x63,0x5f,0x63,0x75,0x62,0x65,
    0x73,0x6d,0x70,0x5f,0x73,0x70,0x65,0x63,0x5f,0x63,0x75,0x62,0x65,0x2c,0x20,0x73,
    0x61,0x6d,0x70,0x6c,0x65,0x72,0x32,0x44,0x20,0x53,0x50,0x49,0x52,0x56,0x5f,0x43,
    0x72,0x6f,0x73,0x73,0x5f,0x43,0x6f,0x6d,0x62,0x69,0x6e,0x65,0x64,0x74,0x65,0x78,
    0x5f,0x62,0x72,0x64,0x66,0x5f,0x6c,0x75,0x74,0x73,0x6d,0x70,0x5f,0x62,0x72,0x64,
    0x66,0x5f,0x6c,0x75,0x74,0x29,0x0a,0x7b,0x0a,0x20,0x20,0x20,0x20,0x66,0x6c,0x6f,
    0x61,0x74,0x20,0x5f,0x34,0x33,0x33,0x20,0x3d,0x20,0x63,0x6c,0x61,0x6d,0x70,0x28,
    0x64,0x6f,0x74,0x28,0x4e,0x5f,0x77,0x6f,0x72,0x6c,0x64,0x2c,0x20,0x56,0x5f,0x77,
    0x6f,0x72,0x6c,0x64,0x29,0x2c,0x20,0x39,0x2e,0x39,0x39,0x39,0x39,0x39,0x39,0x37,
    0x34,0x37,0x33,0x37,0x38,0x37,0x35,0x31,0x36,0x33,0x35,0x35,0x35,0x31,0x34,0x35,
    0x32,0x36,0x33,0x36,0x37,0x31,0x38,0x38,0x65,0x2d,0x30,0x35,0x2c,0x20,0x31,0x2e,
    0x30,0x29,0x3b,0x0a,0x20,0x20,0x20,0x20,0x76,0x65,0x63,0x33,0x20,0x5f,0x34,0x34,
    0x33,0x20,0x3d,0x20,0x6d,0x69,0x78,0x28,0x76,0x65,0x63,0x33,0x28,0x30,0x2e,0x30,
    0x33,0x39,0x39,0x39,0x39,0x39,0x39,0x39,0x31,0x30,0x35,0x39,0x33,0x30,0x33,0x32,
    0x38,0x33,0x36,0x39,0x31,0x34,0x30,0x36,0x32,0x35,0x29,0x2c,0x20,0x62,0x61,0x73,
    0x65,0x5f,0x63,0x6f,0x6c,0x6f,0x72,0x2c,0x20,0x76,0x65,0x63,0x33,0x28,0x6d,0x65,
    0x74,0x61,0x6c,0x6c,0x69,0x63,0x29,0x29,0x3b,0x0a,0x20,0x20,0x20,0x20,0x76,0x65,
    0x63,0x33,0x20,0x70,0x61,0x72,0x61,0x6d,0x20,0x3d,0x20,0x4e,0x5f,0x77,0x6f,0x72,
    0x6c,0x64,0x3b,0x0a,0x20,0x20,0x20,0x20,0x76,0x65,0x63,0x34,0x20,0x70,0x61,0x72,
    0x61,0x6d,0x5f,0x31,0x5b,0x39,0x5d,0x20,0x3d,0x20,0x73,0x68,0x3b,0x0a,0x20,0x20,
    0x20,0x20,0x76,0x65,0x63,0x34,0x20,0x5f,0x35,0x30,0x37,0x20,0x3d,0x20,0x74,0x65,
    0x78,0x74,0x75,0x72,0x65,0x28,0x53,0x50,0x49,0x52,0x56,0x5f,0x43,0x72,0x6f,0x73,
    0x73,0x5f,0x43,0x6f,0x6d,0x62,0x69,0x6e,0x65,0x64,0x74,0x65,0x78,0x5f,0x62,0x72,
    0x64,0x66,0x5f,0x6c,0x75,0x74,0x73,0x6d,0x70,0x5f,0x62,0x72,0x64,0x66,0x5f,0x6c,
    0x75,0x74,0x2c,0x20,0x76,0x65,0x63,0x32,0x28,0x5f,0x34,0x33,0x33,0x2c,0x20,0x72,
    0x6f,0x75,0x67,0x68,0x6e,0x65,0x73,0x73,0x29,0x29,0x3b,0x0a,0x20,0x20,0x20,0x20,
    0x72,0x65,0x74,0x75,0x72,0x6e,0x20,0x28,0x28,0x28,0x28,0x28,0x76,0x65,0x63,0x33,
    0x28,0x31,0x2e,0x30,0x29,0x20,0x2d,0x20,0x28,0x5f,0x34,0x34,0x33,0x20,0x2b,0x20,
    0x28,0x28,0x6d,0x61,0x78,0x28,0x76,0x65,0x63,0x33,0x28,0x31,0x2e,0x30,0x20,0x2d,
    0x20,0x72,0x6f,0x75,0x67,0x68,0x6e,0x65,0x73,0x73,0x29,0x2c,0x20,0x5f,0x34,0x34,
    0x33,0x29,0x20,0x2d,0x20,0x5f,0x34,0x34,0x33,0x29,0x20,0x2a,0x20,0x70,0x6f,0x77,
    0x28,0x6d,0x61,0x78,0x28,0x30,0x2e,0x30,0x2c,0x20,0x31,0x2e,0x30,0x20,0x2d,0x20,
    0x5f,0x34,0x33,0x33,0x29,0x2c,0x20,0x35,0x2e,0x30,0x29,0x29,0x29,0x29,0x20,0x2a,
    0x20,0x28,0x31,0x2e,0x30,0x20,0x2d,0x20,0x6d,0x65,0x74,0x61,0x6c,0x6c,0x69,0x63,
    0x29,0x29,0x20,0x2a,0x20,0x62,0x61,0x73,0x65,0x5f,0x63,0x6f,0x6c,0x6f,0x72,0x29,
    0x20,0x2a,0x20,0x6d,0x61,0x78,0x28,0x70,0x62,0x72,0x45,0x76,0x61,0x6c,0x75,0x61,
    0x74,0x65,0x53,0x68,0x49,0x72,0x72,0x61,0x64,0x69,0x61,0x6e,0x63,0x65,0x28,0x70,
    0x61,0x72,0x61,0x6d,0x2c,0x20,0x70,0x61,0x72,0x61,0x6d,0x5f,0x31,0x29,0x2c,0x20,
    0x76,0x65,0x63,0x33,0x28,0x30,0x2e,0x30,0x29,0x29,0x29,0x20,0x2a,0x20,0x76,0x65,
    0x63,0x33,0x28,0x30,0x2e,0x33,0x31,0x38,0x33,0x30,0x39,0x38,0x37,0x33,0x33,0x34,
    0x32,0x35,0x31,0x34,0x30,0x33,0x38,0x30,0x38,0x35,0x39,0x33,0x37,0x35,0x29,0x29,
    0x20,0x2b,0x20,0x28,0x74,0x65,0x78,0x74,0x75,0x72,0x65,0x4c,0x6f,0x64,0x28,0x53,
    0x50,0x49,0x52,0x56,0x5f,0x43,0x72,0x6f,0x73,0x73,0x5f,0x43,0x6f,0x6d,0x62,0x69,
    0x6e,0x65,0x64,0x74,0x65,0x78,0x5f,0x73,0x70,0x65,0x63,0x5f,0x63,0x75,0x62,0x65,
    0x73,0x6d,0x70,0x5f,0x73,0x70,0x65,0x63,0x5f,0x63,0x75,0x62,0x65,0x2c,0x20,0x72,
    0x65,0x66,0x6c,0x65,0x63,0x74,0x28,0x2d,0x56,0x5f,0x77,0x6f,0x72,0x6c,0x64,0x2c,
    0x20,0x4e,0x5f,0x77,0x6f,0x72,0x6c,0x64,0x29,0x2c,0x20,0x72,0x6f,0x75,0x67,0x68,
    0x6e,0x65,0x73,0x73,0x20,0x2a,0x20,0x6d,0x61,0x78,0x5f,0x6c,0x6f,0x64,0x29,0x2e,
    0x78,0x79,0x7a,0x20,0x2a,0x20,0x28,0x28,0x5f,0x34,0x34,0x33,0x20,0x2a,0x20,0x5f,
    0x35,0x30,0x37,0x2e,0x78,0x29,0x20,0x2b,0x20,0x76,0x65,0x63,0x33,0x28,0x5f,0x35,
    0x30,0x37,0x2e,0x79,0x29,0x29,0x29,0x3b,0x0a,0x7d,0x0a,0x0a,0x76,0x65,0x63,0x33,
    0x20,0x70,0x62,0x72,0x45,0x76,0x61,0x6c,0x75,0x61,0x74,0x65,0x41,0x6d,0x62,0x69,
    0x65,0x6e,0x74,0x28,0x62,0x6f,0x6f,0x6c,0x20,0x69,0x62,0x6c,0x45,0x6e,0x61,0x62,
    0x6c,0x65,0x64,0x2c,0x20,0x76,0x65,0x63,0x33,0x20,0x4e,0x5f,0x77,0x6f,0x72,0x6c,
    0x64,0x2c,0x20,0x76,0x65,0x63,0x33,0x20,0x56,0x5f,0x77,0x6f,0x72,0x6c,0x64,0x2c,
    0x20,0x76,0x65,0x63,0x33,0x20,0x62,0x61,0x73,0x65,0x5f,0x63,0x6f,0x6c,0x6f,0x72,
    0x2c,0x20,0x66,0x6c,0x6f,0x61,0x74,0x20,0x6d,0x65,0x74,0x61,0x6c,0x6c,0x69,0x63,
    0x2c,0x20,0x66,0x6c,0x6f,0x61,0x74,0x20,0x72,0x6f,0x75,0x67,0x68,0x6e,0x65,0x73,
    0x73,0x2c,0x20,0x66,0x6c,0x6f,0x61,0x74,0x20,0x66,0x6c,0x61,0x74,0x5f,0x73,0x74,
    0x72,0x65,0x6e,0x67,0x74,0x68,0x2c,0x20,0x76,0x65,0x63,0x34,0x20,0x73,0x68,0x5b,
    0x39,0x5d,0x2c,0x20,0x66,0x6c,0x6f,0x61,0x74,0x20,0x6d,0x61,0x78,0x5f,0x6c,0x6f,
    0x64,0x2c,0x20,0x73,0x61,0x6d,0x70,0x6c,0x65,0x72,0x43,0x75,0x62,0x65,0x20,0x53,
    0x50,0x49,0x52,0x56,0x5f,0x43,0x72,0x6f,0x73,0x73,0x5f,0x43,0x6f,0x6d,0x62,0x69,
    0x6e,0x65,0x64,0x74,0x65,0x78,0x5f,0x73,0x70,0x65,0x63,0x5f,0x63,0x75,0x62,0x65,
    0x73,0x6d,0x70,0x5f,0x73,0x70,0x65,0x63,0x5f,0x63,0x75,0x62,0x65,0x2c,0x20,0x73,
    0x61,0x6d,0x70,0x6c,0x65,0x72,0x32,0x44,0x20,0x53,0x50,0x49,0x52,0x56,0x5f,0x43,
    0x72,0x6f,0x73,0x73,0x5f,0x43,0x6f,0x6d,0x62,0x69,0x6e,0x65,0x64,0x74,0x65,0x78,
    0x5f,0x62,0x72,0x64,0x66,0x5f,0x6c,0x75,0x74,0x73,0x6d,0x70,0x5f,0x62,0x72,0x64,
    0x66,0x5f,0x6c,0x75,0x74,0x29,0x0a,0x7b,0x0a,0x20,0x20,0x20,0x20,0x76,0x65,0x63,
    0x33,0x20,0x72,0x65,0x73,0x75,0x6c,0x74,0x20,0x3d,0x20,0x62,0x61,0x73,0x65,0x5f,
    0x63,0x6f,0x6c,0x6f,0x72,0x20,0x2a,0x20,0x66,0x6c,0x61,0x74,0x5f,0x73,0x74,0x72,
    0x65,0x6e,0x67,0x74,0x68,0x3b,0x0a,0x20,0x20,0x20,0x20,0x69,0x66,0x20,0x28,0x69,
    0x62,0x6c,0x45,0x6e,0x61,0x62,0x6c,0x65,0x64,0x29,0x0a,0x20,0x20,0x20,0x20,0x7b,
    0x0a,0x20,0x20,0x20,0x20,0x20,0x20,0x20,0x20,0x76,0x65,0x63,0x33,0x20,0x70,0x61,
    0x72,0x61,0x6d,0x20,0x3d,0x20,0x4e,0x5f,0x77,0x6f,0x72,0x6c,0x64,0x3b,0x0a,0x20,
    0x20,0x20,0x20,0x20,0x20,0x20,0x20,0x76,0x65,0x63,0x33,0x20,0x70,0x61,0x72,0x61,
    0x6d,0x5f,0x31,0x20,0x3d,0x20,0x56,0x5f,0x77,0x6f,0x72,0x6c,0x64,0x3b,0x0a,0x20,
    0x20,0x20,0x20,0x20,0x20,0x20,0x20,0x76,0x65,0x63,0x33,0x20,0x70,0x61,0x72,0x61,
    0x6d,0x5f,0x32,0x20,0x3d,0x20,0x62,0x61,0x73,0x65,0x5f,0x63,0x6f,0x6c,0x6f,0x72,
    0x3b,0x0a,0x20,0x20,0x20,0x20,0x20,0x20,0x20,0x20,0x66,0x6c,0x6f,0x61,0x74,0x20,
    0x70,0x61,0x72,0x61,0x6d,0x5f,0x33,0x20,0x3d,0x20,0x6d,0x65,0x74,0x61,0x6c,0x6c,
    0x69,0x63,0x3b,0x0a,0x20,0x20,0x20,0x20,0x20,0x20,0x20,0x20,0x66,0x6c,0x6f,0x61,
    0x74,0x20,0x70,0x61,0x72,0x61,0x6d,0x5f,0x34,0x20,0x3d,0x20,0x72,0x6f,0x75,0x67,
    0x68,0x6e,0x65,0x73,0x73,0x3b,0x0a,0x20,0x20,0x20,0x20,0x20,0x20,0x20,0x20,0x76,
    0x65,0x63,0x34,0x20,0x70,0x61,0x72,0x61,0x6d,0x5f,0x35,0x5b,0x39,0x5d,0x20,0x3d,
    0x20,0x73,0x68,0x3b,0x0a,0x20,0x20,0x20,0x20,0x20,0x20,0x20,0x20,0x66,0x6c,0x6f,
    0x61,0x74,0x20,0x70,0x61,0x72,0x61,0x6d,0x5f,0x36,0x20,0x3d,0x20,0x6d,0x61,0x78,
    0x5f,0x6c,0x6f,0x64,0x3b,0x0a,0x20,0x20,0x20,0x20,0x20,0x20,0x20,0x20,0x72,0x65,
    0x73,0x75,0x6c,0x74,0x20,0x3d,0x20,0x70,0x62,0x72,0x45,0x76,0x61,0x6c,0x75,0x61,
    0x74,0x65,0x49,0x62,0x6c,0x28,0x70,0x61,0x72,0x61,0x6d,0x2c,0x20,0x70,0x61,0x72,
    0x61,0x6d,0x5f,0x31,0x2c,0x20,0x70,0x61,0x72,0x61,0x6d,0x5f,0x32,0x2c,0x20,0x70,
    0x61,0x72,0x61,0x6d,0x5f,0x33,0x2c,0x20,0x70,0x61,0x72,0x61,0x6d,0x5f,0x34,0x2c,
    0x20,0x70,0x61,0x72,0x61,0x6d,0x5f,0x35,0x2c,0x20,0x70,0x61,0x72,0x61,0x6d,0x5f,
    0x36,0x2c,0x20,0x53,0x50,0x49,0x52,0x56,0x5f,0x43,0x72,0x6f,0x73,0x73,0x5f,0x43,
    0x6f,0x6d,0x62,0x69,0x6e,0x65,0x64,0x74,0x65,0x78,0x5f,0x73,0x70,0x65,0x63,0x5f,
    0x63,0x75,0x62,0x65,0x73,0x6d,0x70,0x5f,0x73,0x70,0x65,0x63,0x5f,0x63,0x75,0x62,
    0x65,0x2c,0x20,0x53,0x50,0x49,0x52,0x56,0x5f,0x43,0x72,0x6f,0x73,0x73,0x5f,0x43,
    0x6f,0x6d,0x62,0x69,0x6e,0x65,0x64,0x74,0x65,0x78,0x5f,0x62,0x72,0x64,0x66,0x5f,
    0x6c,0x75,0x74,0x73,0x6d,0x70,0x5f,0x62,0x72,0x64,0x66,0x5f,0x6c,0x75,0x74,0x29,
    0x3b,0x0a,0x20,0x20,0x20,0x20,0x7d,0x0a,0x20,0x20,0x20,0x20,0x72,0x65,0x74,0x75,
    0x72,0x6e,0x20,0x72,0x65,0x73,0x75,0x6c,0x74,0x3b,0x0a,0x7d,0x0a,0x0a,0x76,0x6f,
    0x69,0x64,0x20,0x6d,0x61,0x69,0x6e,0x28,0x29,0x0a,0x7b,0x0a,0x20,0x20,0x20,0x20,
    0x76,0x65,0x63,0x33,0x20,0x5f,0x31,0x32,0x38,0x30,0x20,0x3d,0x20,0x64,0x46,0x64,
    0x78,0x28,0x76,0x5f,0x76,0x69,0x65,0x77,0x5f,0x70,0x6f,0x73,0x29,0x3b,0x0a,0x20,
    0x20,0x20,0x20,0x76,0x65,0x63,0x33,0x20,0x5f,0x31,0x32,0x38,0x33,0x20,0x3d,0x20,
    0x64,0x46,0x64,0x79,0x28,0x76,0x5f,0x76,0x69,0x65,0x77,0x5f,0x70,0x6f,0x73,0x29,
    0x3b,0x0a,0x20,0x20,0x20,0x20,0x76,0x65,0x63,0x33,0x20,0x5f,0x31,0x32,0x39,0x32,
    0x20,0x3d,0x20,0x6e,0x6f,0x72,0x6d,0x61,0x6c,0x69,0x7a,0x65,0x28,0x63,0x72,0x6f,
    0x73,0x73,0x28,0x5f,0x31,0x32,0x38,0x33,0x20,0x2a,0x20,0x28,0x2d,0x5f,0x31,0x30,
    0x37,0x33,0x2e,0x73,0x68,0x61,0x64,0x6f,0x77,0x5f,0x70,0x61,0x72,0x61,0x6d,0x73,
    0x2e,0x78,0x29,0x2c,0x20,0x5f,0x31,0x32,0x38,0x30,0x29,0x29,0x3b,0x0a,0x20,0x20,
    0x20,0x20,0x66,0x6c,0x6f,0x61,0x74,0x20,0x5f,0x31,0x32,0x39,0x37,0x20,0x3d,0x20,
    0x2d,0x76,0x5f,0x76,0x69,0x65,0x77,0x5f,0x70,0x6f,0x73,0x2e,0x7a,0x3b,0x0a,0x20,
    0x20,0x20,0x20,0x69,0x66,0x20,0x28,0x5f,0x31,0x30,0x37,0x33,0x2e,0x66,0x6c,0x61,
    0x67,0x73,0x2e,0x78,0x20,0x3d,0x3d,0x20,0x31,0x29,0x0a,0x20,0x20,0x20,0x20,0x7b,
    0x0a,0x20,0x20,0x20,0x20,0x20,0x20,0x20,0x20,0x66,0x6c,0x6f,0x61,0x74,0x20,0x5f,
    0x31,0x33,0x30,0x38,0x20,0x3d,0x20,0x63,0x6c,0x61,0x6d,0x70,0x28,0x76,0x5f,0x76,
    0x69,0x65,0x77,0x5f,0x70,0x6f,0x73,0x2e,0x7a,0x20,0x2a,0x20,0x28,0x2d,0x30,0x2e,
    0x30,0x31,0x39,0x39,0x39,0x39,0x39,0x39,0x39,0x35,0x35,0x32,0x39,0x36,0x35,0x31,
    0x36,0x34,0x31,0x38,0x34,0x35,0x37,0x30,0x33,0x31,0x32,0x35,0x29,0x2c,0x20,0x30,
    0x2e,0x30,0x2c,0x20,0x31,0x2e,0x30,0x29,0x3b,0x0a,0x20,0x20,0x20,0x20,0x20,0x20,
    0x20,0x20,0x6f,0x75,0x74,0x5f,0x63,0x6f,0x6c,0x6f,0x72,0x20,0x3d,0x20,0x76,0x65,
    0x63,0x34,0x28,0x5f,0x31,0x33,0x30,0x38,0x2c,0x20,0x5f,0x31,0x33,0x30,0x38,0x2c,
    0x20,0x5f,0x31,0x33,0x30,0x38,0x2c,0x20,0x31,0x2e,0x30,0x29,0x3b,0x0a,0x20,0x20,
    0x20,0x20,0x20,0x20,0x20,0x20,0x72,0x65,0x74,0x75,0x72,0x6e,0x3b,0x0a,0x20,0x20,
    0x20,0x20,0x7d,0x0a,0x20,0x20,0x20,0x20,0x69,0x66,0x20,0x28,0x5f,0x31,0x30,0x37,
    0x33,0x2e,0x66,0x6c,0x61,0x67,0x73,0x2e,0x78,0x20,0x3d,0x3d,0x20,0x32,0x29,0x0a,
    0x20,0x20,0x20,0x20,0x7b,0x0a,0x20,0x20,0x20,0x20,0x20,0x20,0x20,0x20,0x76,0x65,
    0x63,0x34,0x20,0x70,0x61,0x72,0x61,0x6d,0x20,0x3d,0x20,0x5f,0x31,0x30,0x37,0x33,
    0x2e,0x63,0x61,0x73,0x63,0x61,0x64,0x65,0x5f,0x66,0x61,0x72,0x5f,0x76,0x69,0x65,
    0x77,0x5f,0x7a,0x3b,0x0a,0x20,0x20,0x20,0x20,0x20,0x20,0x20,0x20,0x66,0x6c,0x6f,
    0x61,0x74,0x20,0x70,0x61,0x72,0x61,0x6d,0x5f,0x31,0x20,0x3d,0x20,0x5f,0x31,0x32,
    0x39,0x37,0x3b,0x0a,0x20,0x20,0x20,0x20,0x20,0x20,0x20,0x20,0x69,0x6e,0x74,0x20,
    0x5f,0x31,0x33,0x32,0x35,0x20,0x3d,0x20,0x73,0x65,0x6c,0x65,0x63,0x74,0x53,0x68,
    0x61,0x64,0x6f,0x77,0x43,0x61,0x73,0x63,0x61,0x64,0x65,0x28,0x70,0x61,0x72,0x61,
    0x6d,0x2c,0x20,0x70,0x61,0x72,0x61,0x6d,0x5f,0x31,0x29,0x3b,0x0a,0x20,0x20,0x20,
    0x20,0x20,0x20,0x20,0x20,0x76,0x65,0x63,0x34,0x20,0x5f,0x31,0x33,0x33,0x36,0x20,
    0x3d,0x20,0x5f,0x31,0x30,0x37,0x33,0x2e,0x63,0x61,0x73,0x63,0x61,0x64,0x65,0x5f,
    0x6d,0x61,0x74,0x72,0x69,0x63,0x65,0x73,0x5b,0x5f,0x31,0x33,0x32,0x35,0x5d,0x20,
    0x2a,0x20,0x76,0x65,0x63,0x34,0x28,0x76,0x5f,0x77,0x6f,0x72,0x6c,0x64,0x5f,0x70,
    0x6f,0x73,0x2c,0x20,0x31,0x2e,0x30,0x29,0x3b,0x0a,0x20,0x20,0x20,0x20,0x20,0x20,
    0x20,0x20,0x76,0x65,0x63,0x33,0x20,0x5f,0x31,0x33,0x34,0x33,0x20,0x3d,0x20,0x5f,
    0x31,0x33,0x33,0x36,0x2e,0x78,0x79,0x7a,0x20,0x2f,0x20,0x76,0x65,0x63,0x33,0x28,
    0x5f,0x31,0x33,0x33,0x36,0x2e,0x77,0x29,0x3b,0x0a,0x20,0x20,0x20,0x20,0x20,0x20,
    0x20,0x20,0x76,0x65,0x63,0x33,0x20,0x5f,0x31,0x33,0x36,0x30,0x20,0x3d,0x20,0x76,
    0x65,0x63,0x33,0x28,0x28,0x5f,0x31,0x33,0x34,0x33,0x2e,0x78,0x20,0x2a,0x20,0x30,
    0x2e,0x35,0x29,0x20,0x2b,0x20,0x30,0x2e,0x35,0x2c,0x20,0x28,0x28,0x5f,0x31,0x33,
    0x34,0x33,0x2e,0x79,0x20,0x2a,0x20,0x5f,0x31,0x30,0x37,0x33,0x2e,0x73,0x68,0x61,
    0x64,0x6f,0x77,0x5f,0x70,0x61,0x72,0x61,0x6d,0x73,0x2e,0x78,0x29,0x20,0x2a,0x20,
    0x30,0x2e,0x35,0x29,0x20,0x2b,0x20,0x30,0x2e,0x35,0x2c,0x20,0x5f,0x31,0x33,0x34,
    0x33,0x2e,0x7a,0x29,0x3b,0x0a,0x20,0x20,0x20,0x20,0x20,0x20,0x20,0x20,0x62,0x6f,
    0x6f,0x6c,0x20,0x5f,0x31,0x33,0x36,0x35,0x20,0x3d,0x20,0x61,0x6e,0x79,0x28,0x6c,
    0x65,0x73,0x73,0x54,0x68,0x61,0x6e,0x28,0x5f,0x31,0x33,0x36,0x30,0x2c,0x20,0x76,
    0x65,0x63,0x33,0x28,0x30,0x2e,0x30,0x29,0x29,0x29,0x3b,0x0a,0x20,0x20,0x20,0x20,
    0x20,0x20,0x20,0x20,0x62,0x6f,0x6f,0x6c,0x20,0x5f,0x31,0x33,0x37,0x32,0x3b,0x0a,
    0x20,0x20,0x20,0x20,0x20,0x20,0x20,0x20,0x69,0x66,0x20,0x28,0x21,0x5f,0x31,0x33,
    0x36,0x35,0x29,0x0a,0x20,0x20,0x20,0x20,0x20,0x20,0x20,0x20,0x7b,0x0a,0x20,0x20,
    0x20,0x20,0x20,0x20,0x20,0x20,0x20,0x20,0x20,0x20,0x5f,0x31,0x33,0x37,0x32,0x20,
    0x3d,0x20,0x61,0x6e,0x79,0x28,0x67,0x72,0x65,0x61,0x74,0x65,0x72,0x54,0x68,0x61,
    0x6e,0x28,0x5f,0x31,0x33,0x36,0x30,0x2c,0x20,0x76,0x65,0x63,0x33,0x28,0x31,0x2e,
    0x30,0x29,0x29,0x29,0x3b,0x0a,0x20,0x20,0x20,0x20,0x20,0x20,0x20,0x20,0x7d,0x0a,
    0x20,0x20,0x20,0x20,0x20,0x20,0x20,0x20,0x65,0x6c,0x73,0x65,0x0a,0x20,0x20,0x20,
    0x20,0x20,0x20,0x20,0x20,0x7b,0x0a,0x20,0x20,0x20,0x20,0x20,0x20,0x20,0x20,0x20,
    0x20,0x20,0x20,0x5f,0x31,0x33,0x37,0x32,0x20,0x3d,0x20,0x5f,0x31,0x33,0x36,0x35,
    0x3b,0x0a,0x20,0x20,0x20,0x20,0x20,0x20,0x20,0x20,0x7d,0x0a,0x20,0x20,0x20,0x20,
    0x20,0x20,0x20,0x20,0x76,0x65,0x63,0x33,0x20,0x74,0x69,0x6e,0x74,0x20,0x3d,0x20,
    0x76,0x65,0x63,0x33,0x28,0x31,0x2e,0x30,0x29,0x3b,0x0a,0x20,0x20,0x20,0x20,0x20,
    0x20,0x20,0x20,0x69,0x66,0x20,0x28,0x21,0x5f,0x31,0x33,0x37,0x32,0x29,0x0a,0x20,
    0x20,0x20,0x20,0x20,0x20,0x20,0x20,0x7b,0x0a,0x20,0x20,0x20,0x20,0x20,0x20,0x20,
    0x20,0x20,0x20,0x20,0x20,0x69,0x6e,0x74,0x20,0x70,0x61,0x72,0x61,0x6d,0x5f,0x32,
    0x20,0x3d,0x20,0x5f,0x31,0x33,0x32,0x35,0x3b,0x0a,0x20,0x20,0x20,0x20,0x20,0x20,
    0x20,0x20,0x20,0x20,0x20,0x20,0x74,0x69,0x6e,0x74,0x20,0x3d,0x20,0x73,0x68,0x61,
    0x64,0x6f,0x77,0x43,0x61,0x73,0x63,0x61,0x64,0x65,0x54,0x69,0x6e,0x74,0x28,0x70,
    0x61,0x72,0x61,0x6d,0x5f,0x32,0x29,0x3b,0x0a,0x20,0x20,0x20,0x20,0x20,0x20,0x20,
    0x20,0x7d,0x0a,0x20,0x20,0x20,0x20,0x20,0x20,0x20,0x20,0x6f,0x75,0x74,0x5f,0x63,
    0x6f,0x6c,0x6f,0x72,0x20,0x3d,0x20,0x76,0x65,0x63,0x34,0x28,0x74,0x69,0x6e,0x74,
    0x2c,0x20,0x31,0x2e,0x30,0x29,0x3b,0x0a,0x20,0x20,0x20,0x20,0x20,0x20,0x20,0x20,
    0x72,0x65,0x74,0x75,0x72,0x6e,0x3b,0x0a,0x20,0x20,0x20,0x20,0x7d,0x0a,0x20,0x20,
    0x20,0x20,0x69,0x66,0x20,0x28,0x5f,0x31,0x30,0x37,0x33,0x2e,0x66,0x6c,0x61,0x67,
    0x73,0x2e,0x78,0x20,0x3d,0x3d,0x20,0x33,0x29,0x0a,0x20,0x20,0x20,0x20,0x7b,0x0a,
    0x20,0x20,0x20,0x20,0x20,0x20,0x20,0x20,0x6f,0x75,0x74,0x5f,0x63,0x6f,0x6c,0x6f,
    0x72,0x20,0x3d,0x20,0x76,0x65,0x63,0x34,0x28,0x28,0x5f,0x31,0x32,0x39,0x32,0x20,
    0x2a,0x20,0x30,0x2e,0x35,0x29,0x20,0x2b,0x20,0x76,0x65,0x63,0x33,0x28,0x30,0x2e,
    0x35,0x29,0x2c,0x20,0x31,0x2e,0x30,0x29,0x3b,0x0a,0x20,0x20,0x20,0x20,0x20,0x20,
    0x20,0x20,0x72,0x65,0x74,0x75,0x72,0x6e,0x3b,0x0a,0x20,0x20,0x20,0x20,0x7d,0x0a,
    0x20,0x20,0x20,0x20,0x76,0x65,0x63,0x34,0x20,0x5f,0x31,0x34,0x32,0x31,0x20,0x3d,
    0x20,0x74,0x65,0x78,0x74,0x75,0x72,0x65,0x4c,0x6f,0x64,0x28,0x74,0x65,0x78,0x5f,
    0x61,0x6f,0x5f,0x73,0x6d,0x70,0x5f,0x61,0x6f,0x2c,0x20,0x67,0x6c,0x5f,0x46,0x72,
    0x61,0x67,0x43,0x6f,0x6f,0x72,0x64,0x2e,0x78,0x79,0x20,0x2f,0x20,0x76,0x65,0x63,
    0x32,0x28,0x74,0x65,0x78,0x74,0x75,0x72,0x65,0x53,0x69,0x7a,0x65,0x28,0x74,0x65,
    0x78,0x5f,0x61,0x6f,0x5f,0x73,0x6d,0x70,0x5f,0x61,0x6f,0x2c,0x20,0x30,0x29,0x29,
    0x2c,0x20,0x30,0x2e,0x30,0x29,0x3b,0x0a,0x20,0x20,0x20,0x20,0x66,0x6c,0x6f,0x61,
    0x74,0x20,0x5f,0x31,0x34,0x32,0x32,0x20,0x3d,0x20,0x5f,0x31,0x34,0x32,0x31,0x2e,
    0x78,0x3b,0x0a,0x20,0x20,0x20,0x20,0x69,0x66,0x20,0x28,0x5f,0x31,0x30,0x37,0x33,
    0x2e,0x66,0x6c,0x61,0x67,0x73,0x2e,0x78,0x20,0x3d,0x3d,0x20,0x34,0x29,0x0a,0x20,
    0x20,0x20,0x20,0x7b,0x0a,0x20,0x20,0x20,0x20,0x20,0x20,0x20,0x20,0x6f,0x75,0x74,
    0x5f,0x63,0x6f,0x6c,0x6f,0x72,0x20,0x3d,0x20,0x76,0x65,0x63,0x34,0x28,0x5f,0x31,
    0x34,0x32,0x32,0x2c,0x20,0x5f,0x31,0x34,0x32,0x32,0x2c,0x20,0x5f,0x31,0x34,0x32,
    0x32,0x2c,0x20,0x31,0x2e,0x30,0x29,0x3b,0x0a,0x20,0x20,0x20,0x20,0x20,0x20,0x20,
    0x20,0x72,0x65,0x74,0x75,0x72,0x6e,0x3b,0x0a,0x20,0x20,0x20,0x20,0x7d,0x0a,0x20,
    0x20,0x20,0x20,0x76,0x65,0x63,0x33,0x20,0x5f,0x31,0x34,0x35,0x32,0x20,0x3d,0x20,
    0x6e,0x6f,0x72,0x6d,0x61,0x6c,0x69,0x7a,0x65,0x28,0x74,0x72,0x61,0x6e,0x73,0x70,
    0x6f,0x73,0x65,0x28,0x6d,0x61,0x74,0x33,0x28,0x5f,0x31,0x30,0x37,0x33,0x2e,0x76,
    0x69,0x65,0x77,0x5b,0x30,0x5d,0x2e,0x78,0x79,0x7a,0x2c,0x20,0x5f,0x31,0x30,0x37,
    0x33,0x2e,0x76,0x69,0x65,0x77,0x5b,0x31,0x5d,0x2e,0x78,0x79,0x7a,0x2c,0x20,0x5f,
    0x31,0x30,0x37,0x33,0x2e,0x76,0x69,0x65,0x77,0x5b,0x32,0x5d,0x2e,0x78,0x79,0x7a,
    0x29,0x29,0x20,0x2a,0x20,0x5f,0x31,0x32,0x39,0x32,0x29,0x3b,0x0a,0x20,0x20,0x20,
    0x20,0x76,0x65,0x63,0x33,0x20,0x5f,0x31,0x34,0x35,0x37,0x20,0x3d,0x20,0x6e,0x6f,
    0x72,0x6d,0x61,0x6c,0x69,0x7a,0x65,0x28,0x5f,0x31,0x30,0x37,0x33,0x2e,0x73,0x75,
    0x6e,0x5f,0x64,0x69,0x72,0x5f,0x76,0x69,0x65,0x77,0x2e,0x78,0x79,0x7a,0x29,0x3b,
    0x0a,0x20,0x20,0x20,0x20,0x76,0x65,0x63,0x33,0x20,0x70,0x61,0x72,0x61,0x6d,0x5f,
    0x33,0x20,0x3d,0x20,0x76,0x5f,0x77,0x6f,0x72,0x6c,0x64,0x5f,0x70,0x6f,0x73,0x3b,
    0x0a,0x20,0x20,0x20,0x20,0x76,0x65,0x63,0x33,0x20,0x70,0x61,0x72,0x61,0x6d,0x5f,
    0x34,0x20,0x3d,0x20,0x5f,0x31,0x34,0x35,0x32,0x3b,0x0a,0x20,0x20,0x20,0x20,0x66,
    0x6c,0x6f,0x61,0x74,0x20,0x70,0x61,0x72,0x61,0x6d,0x5f,0x35,0x20,0x3d,0x20,0x6d,
    0x61,0x78,0x28,0x64,0x6f,0x74,0x28,0x5f,0x31,0x32,0x39,0x32,0x2c,0x20,0x5f,0x31,
    0x34,0x35,0x37,0x29,0x2c,0x20,0x30,0x2e,0x30,0x29,0x3b,0x0a,0x20,0x20,0x20,0x20,
    0x66,0x6c,0x6f,0x61,0x74,0x20,0x70,0x61,0x72,0x61,0x6d,0x5f,0x36,0x20,0x3d,0x20,
    0x5f,0x31,0x32,0x39,0x37,0x3b,0x0a,0x20,0x20,0x20,0x20,0x76,0x65,0x63,0x33,0x20,
    0x70,0x61,0x72,0x61,0x6d,0x5f,0x37,0x20,0x3d,0x20,0x5f,0x31,0x32,0x39,0x32,0x3b,
    0x0a,0x20,0x20,0x20,0x20,0x76,0x65,0x63,0x33,0x20,0x70,0x61,0x72,0x61,0x6d,0x5f,
    0x38,0x20,0x3d,0x20,0x6e,0x6f,0x72,0x6d,0x61,0x6c,0x69,0x7a,0x65,0x28,0x2d,0x76,
    0x5f,0x76,0x69,0x65,0x77,0x5f,0x70,0x6f,0x73,0x29,0x3b,0x0a,0x20,0x20,0x20,0x20,
    0x76,0x65,0x63,0x33,0x20,0x70,0x61,0x72,0x61,0x6d,0x5f,0x39,0x20,0x3d,0x20,0x5f,
    0x31,0x34,0x35,0x37,0x3b,0x0a,0x20,0x20,0x20,0x20,0x76,0x65,0x63,0x33,0x20,0x70,
    0x61,0x72,0x61,0x6d,0x5f,0x31,0x30,0x20,0x3d,0x20,0x5f,0x31,0x30,0x37,0x33,0x2e,
    0x73,0x75,0x6e,0x5f,0x63,0x6f,0x6c,0x6f,0x72,0x2e,0x78,0x79,0x7a,0x20,0x2a,0x20,
    0x73,0x61,0x6d,0x70,0x6c,0x65,0x53,0x68,0x61,0x64,0x6f,0x77,0x43,0x61,0x73,0x63,
    0x61,0x64,0x65,0x64,0x28,0x70,0x61,0x72,0x61,0x6d,0x5f,0x33,0x2c,0x20,0x70,0x61,
    0x72,0x61,0x6d,0x5f,0x34,0x2c,0x20,0x70,0x61,0x72,0x61,0x6d,0x5f,0x35,0x2c,0x20,
    0x70,0x61,0x72,0x61,0x6d,0x5f,0x36,0x29,0x3b,0x0a,0x20,0x20,0x20,0x20,0x76,0x65,
    0x63,0x33,0x20,0x70,0x61,0x72,0x61,0x6d,0x5f,0x31,0x31,0x20,0x3d,0x20,0x76,0x5f,
    0x62,0x61,0x73,0x65,0x5f,0x63,0x6f,0x6c,0x6f,0x72,0x2e,0x78,0x79,0x7a,0x3b,0x0a,
    0x20,0x20,0x20,0x20,0x66,0x6c,0x6f,0x61,0x74,0x20,0x70,0x61,0x72,0x61,0x6d,0x5f,
    0x31,0x32,0x20,0x3d,0x20,0x76,0x5f,0x6d,0x61,0x74,0x65,0x72,0x69,0x61,0x6c,0x2e,
    0x78,0x3b,0x0a,0x20,0x20,0x20,0x20,0x66,0x6c,0x6f,0x61,0x74,0x20,0x70,0x61,0x72,
    0x61,0x6d,0x5f,0x31,0x33,0x20,0x3d,0x20,0x76,0x5f,0x6d,0x61,0x74,0x65,0x72,0x69,
    0x61,0x6c,0x2e,0x79,0x3b,0x0a,0x20,0x20,0x20,0x20,0x62,0x6f,0x6f,0x6c,0x20,0x70,
    0x61,0x72,0x61,0x6d,0x5f,0x31,0x34,0x20,0x3d,0x20,0x5f,0x31,0x30,0x37,0x33,0x2e,
    0x69,0x62,0x6c,0x5f,0x70,0x61,0x72,0x61,0x6d,0x73,0x2e,0x79,0x20,0x3e,0x20,0x30,
    0x2e,0x35,0x3b,0x0a,0x20,0x20,0x20,0x20,0x76,0x65,0x63,0x33,0x20,0x70,0x61,0x72,
    0x61,0x6d,0x5f,0x31,0x35,0x20,0x3d,0x20,0x5f,0x31,0x34,0x35,0x32,0x3b,0x0a,0x20,
    0x20,0x20,0x20,0x76,0x65,0x63,0x33,0x20,0x70,0x61,0x72,0x61,0x6d,0x5f,0x31,0x36,
    0x20,0x3d,0x20,0x6e,0x6f,0x72,0x6d,0x61,0x6c,0x69,0x7a,0x65,0x28,0x5f,0x31,0x30,
    0x37,0x33,0x2e,0x63,0x61,0x6d,0x65,0x72,0x61,0x5f,0x70,0x6f,0x73,0x5f,0x77,0x6f,
    0x72,0x6c,0x64,0x2e,0x78,0x79,0x7a,0x20,0x2d,0x20,0x76,0x5f,0x77,0x6f,0x72,0x6c,
    0x64,0x5f,0x70,0x6f,0x73,0x29,0x3b,0x0a,0x20,0x20,0x20,0x20,0x76,0x65,0x63,0x33,
    0x20,0x70,0x61,0x72,0x61,0x6d,0x5f,0x31,0x37,0x20,0x3d,0x20,0x76,0x5f,0x62,0x61,
    0x73,0x65,0x5f,0x63,0x6f,0x6c,0x6f,0x72,0x2e,0x78,0x79,0x7a,0x3b,0x0a,0x20,0x20,
    0x20,0x20,0x66,0x6c,0x6f,0x61,0x74,0x20,0x70,0x61,0x72,0x61,0x6d,0x5f,0x31,0x38,
    0x20,0x3d,0x20,0x76,0x5f,0x6d,0x61,0x74,0x65,0x72,0x69,0x61,0x6c,0x2e,0x78,0x3b,
    0x0a,0x20,0x20,0x20,0x20,0x66,0x6c,0x6f,0x61,0x74,0x20,0x70,0x61,0x72,0x61,0x6d,
    0x5f,0x31,0x39,0x20,0x3d,0x20,0x76,0x5f,0x6d,0x61,0x74,0x65,0x72,0x69,0x61,0x6c,
    0x2e,0x79,0x3b,0x0a,0x20,0x20,0x20,0x20,0x66,0x6c,0x6f,0x61,0x74,0x20,0x70,0x61,
    0x72,0x61,0x6d,0x5f,0x32,0x30,0x20,0x3d,0x20,0x5f,0x31,0x30,0x37,0x33,0x2e,0x73,
    0x75,0x6e,0x5f,0x63,0x6f,0x6c,0x6f,0x72,0x2e,0x77,0x3b,0x0a,0x20,0x20,0x20,0x20,
    0x76,0x65,0x63,0x34,0x20,0x70,0x61,0x72,0x61,0x6d,0x5f,0x32,0x31,0x5b,0x39,0x5d,
    0x3b,0x0a,0x20,0x20,0x20,0x20,0x70,0x61,0x72,0x61,0x6d,0x5f,0x32,0x31,0x5b,0x30,
    0x5d,0x20,0x3d,0x20,0x5f,0x31,0x30,0x37,0x33,0x2e,0x73,0x68,0x5b,0x30,0x5d,0x3b,
    0x0a,0x20,0x20,0x20,0x20,0x70,0x61,0x72,0x61,0x6d,0x5f,0x32,0x31,0x5b,0x31,0x5d,
    0x20,0x3d,0x20,0x5f,0x31,0x30,0x37,0x33,0x2e,0x73,0x68,0x5b,0x31,0x5d,0x3b,0x0a,
    0x20,0x20,0x20,0x20,0x70,0x61,0x72,0x61,0x6d,0x5f,0x32,0x31,0x5b,0x32,0x5d,0x20,
    0x3d,0x20,0x5f,0x31,0x30,0x37,0x33,0x2e,0x73,0x68,0x5b,0x32,0x5d,0x3b,0x0a,0x20,
    0x20,0x20,0x20,0x70,0x61,0x72,0x61,0x6d,0x5f,0x32,0x31,0x5b,0x33,0x5d,0x20,0x3d,
    0x20,0x5f,0x31,0x30,0x37,0x33,0x2e,0x73,0x68,0x5b,0x33,0x5d,0x3b,0x0a,0x20,0x20,
    0x20,0x20,0x70,0x61,0x72,0x61,0x6d,0x5f,0x32,0x31,0x5b,0x34,0x5d,0x20,0x3d,0x20,
    0x5f,0x31,0x30,0x37,0x33,0x2e,0x73,0x68,0x5b,0x34,0x5d,0x3b,0x0a,0x20,0x20,0x20,
    0x20,0x70,0x61,0x72,0x61,0x6d,0x5f,0x32,0x31,0x5b,0x35,0x5d,0x20,0x3d,0x20,0x5f,
    0x31,0x30,0x37,0x33,0x2e,0x73,0x68,0x5b,0x35,0x5d,0x3b,0x0a,0x20,0x20,0x20,0x20,
    0x70,0x61,0x72,0x61,0x6d,0x5f,0x32,0x31,0x5b,0x36,0x5d,0x20,0x3d,0x20,0x5f,0x31,
    0x30,0x37,0x33,0x2e,0x73,0x68,0x5b,0x36,0x5d,0x3b,0x0a,0x20,0x20,0x20,0x20,0x70,
    0x61,0x72,0x61,0x6d,0x5f,0x32,0x31,0x5b,0x37,0x5d,0x20,0x3d,0x20,0x5f,0x31,0x30,
    0x37,0x33,0x2e,0x73,0x68,0x5b,0x37,0x5d,0x3b,0x0a,0x20,0x20,0x20,0x20,0x70,0x61,
    0x72,0x61,0x6d,0x5f,0x32,0x31,0x5b,0x38,0x5d,0x20,0x3d,0x20,0x5f,0x31,0x30,0x37,
    0x33,0x2e,0x73,0x68,0x5b,0x38,0x5d,0x3b,0x0a,0x20,0x20,0x20,0x20,0x66,0x6c,0x6f,
    0x61,0x74,0x20,0x70,0x61,0x72,0x61,0x6d,0x5f,0x32,0x32,0x20,0x3d,0x20,0x5f,0x31,
    0x30,0x37,0x33,0x2e,0x69,0x62,0x6c,0x5f,0x70,0x61,0x72,0x61,0x6d,0x73,0x2e,0x78,
    0x3b,0x0a,0x20,0x20,0x20,0x20,0x6f,0x75,0x74,0x5f,0x63,0x6f,0x6c,0x6f,0x72,0x20,
    0x3d,0x20,0x76,0x65,0x63,0x34,0x28,0x28,0x62,0x72,0x64,0x66,0x5f,0x65,0x76,0x61,
    0x6c,0x75,0x61,0x74,0x65,0x28,0x70,0x61,0x72,0x61,0x6d,0x5f,0x37,0x2c,0x20,0x70,
    0x61,0x72,0x61,0x6d,0x5f,0x38,0x2c,0x20,0x70,0x61,0x72,0x61,0x6d,0x5f,0x39,0x2c,
    0x20,0x70,0x61,0x72,0x61,0x6d,0x5f,0x31,0x30,0x2c,0x20,0x70,0x61,0x72,0x61,0x6d,
    0x5f,0x31,0x31,0x2c,0x20,0x70,0x61,0x72,0x61,0x6d,0x5f,0x31,0x32,0x2c,0x20,0x70,
    0x61,0x72,0x61,0x6d,0x5f,0x31,0x33,0x29,0x20,0x2b,0x20,0x28,0x70,0x62,0x72,0x45,
    0x76,0x61,0x6c,0x75,0x61,0x74,0x65,0x41,0x6d,0x62,0x69,0x65,0x6e,0x74,0x28,0x70,
    0x61,0x72,0x61,0x6d,0x5f,0x31,0x34,0x2c,0x20,0x70,0x61,0x72,0x61,0x6d,0x5f,0x31,
    0x35,0x2c,0x20,0x70,0x61,0x72,0x61,0x6d,0x5f,0x31,0x36,0x2c,0x20,0x70,0x61,0x72,
    0x61,0x6d,0x5f,0x31,0x37,0x2c,0x20,0x70,0x61,0x72,0x61,0x6d,0x5f,0x31,0x38,0x2c,
    0x20,0x70,0x61,0x72,0x61,0x6d,0x5f,0x31,0x39,0x2c,0x20,0x70,0x61,0x72,0x61,0x6d,
    0x5f,0x32,0x30,0x2c,0x20,0x70,0x61,0x72,0x61,0x6d,0x5f,0x32,0x31,0x2c,0x20,0x70,
    0x61,0x72,0x61,0x6d,0x5f,0x32,0x32,0x2c,0x20,0x74,0x65,0x78,0x5f,0x69,0x62,0x6c,
    0x5f,0x73,0x70,0x65,0x63,0x5f,0x73,0x6d,0x70,0x5f,0x69,0x62,0x6c,0x5f,0x73,0x70,
    0x65,0x63,0x2c,0x20,0x74,0x65,0x78,0x5f,0x62,0x72,0x64,0x66,0x5f,0x6c,0x75,0x74,
    0x5f,0x73,0x6d,0x70,0x5f,0x62,0x72,0x64,0x66,0x5f,0x6c,0x75,0x74,0x29,0x20,0x2a,
    0x20,0x5f,0x31,0x34,0x32,0x32,0x29,0x29,0x20,0x2a,0x20,0x76,0x5f,0x62,0x61,0x73,
    0x65,0x5f,0x63,0x6f,0x6c,0x6f,0x72,0x2e,0x77,0x2c,0x20,0x76,0x5f,0x62,0x61,0x73,
    0x65,0x5f,0x63,0x6f,0x6c,0x6f,0x72,0x2e,0x77,0x29,0x3b,0x0a,0x7d,0x0a,0x0a,0x00,

};
/*
    struct cube_instance
    {
        float4 xform_row0;
        float4 xform_row1;
        float4 xform_row2;
        float4 base_color;
        float4 material;
    };

    ByteAddressBuffer _15 : register(t0);
    cbuffer ub_draw : register(b2)
    {
        int4 _21_inst_base : packoffset(c0);
    };

    cbuffer ub_frame : register(b0)
    {
        row_major float4x4 _78_view : packoffset(c0);
        row_major float4x4 _78_proj : packoffset(c4);
        row_major float4x4 _78_view_proj : packoffset(c8);
        row_major float4x4 _78_inv_view_proj : packoffset(c12);
        float4 _78_camera_pos : packoffset(c16);
        float4 _78_viewport : packoffset(c17);
    };


    static float4 gl_Position;
    static int gl_InstanceIndex;
    static float3 in_pos;
    static float3 v_view_pos;
    static float3 v_world_pos;
    static float4 v_base_color;
    static float4 v_material;

    struct SPIRV_Cross_Input
    {
        float3 in_pos : TEXCOORD0;
        uint gl_InstanceIndex : SV_InstanceID;
    };

    struct SPIRV_Cross_Output
    {
        float3 v_view_pos : TEXCOORD0;
        float3 v_world_pos : TEXCOORD1;
        nointerpolation float4 v_base_color : TEXCOORD2;
        nointerpolation float4 v_material : TEXCOORD3;
        float4 gl_Position : SV_Position;
    };

    void vert_main()
    {
        cube_instance _33;
        _33.xform_row0 = asfloat(_15.Load4((_21_inst_base.x + gl_InstanceIndex) * 80 + 0));
        _33.xform_row1 = asfloat(_15.Load4((_21_inst_base.x + gl_InstanceIndex) * 80 + 16));
        _33.xform_row2 = asfloat(_15.Load4((_21_inst_base.x + gl_InstanceIndex) * 80 + 32));
        _33.base_color = asfloat(_15.Load4((_21_inst_base.x + gl_InstanceIndex) * 80 + 48));
        _33.material = asfloat(_15.Load4((_21_inst_base.x + gl_InstanceIndex) * 80 + 64));
        float4 _58 = float4(in_pos, 1.0f);
        float _64 = dot(_33.xform_row0, _58);
        float _68 = dot(_33.xform_row1, _58);
        float _72 = dot(_33.xform_row2, _58);
        float4 _87 = mul(float4(_64, _68, _72, 1.0f), _78_view);
        v_view_pos = _87.xyz;
        v_world_pos = float3(_64, _68, _72);
        v_base_color = _33.base_color;
        v_material = _33.material;
        gl_Position = mul(_87, _78_proj);
    }

    SPIRV_Cross_Output main(SPIRV_Cross_Input stage_input)
    {
        gl_InstanceIndex = int(stage_input.gl_InstanceIndex);
        in_pos = stage_input.in_pos;
        vert_main();
        SPIRV_Cross_Output stage_output;
        stage_output.gl_Position = gl_Position;
        stage_output.v_view_pos = v_view_pos;
        stage_output.v_world_pos = v_world_pos;
        stage_output.v_base_color = v_base_color;
        stage_output.v_material = v_material;
        return stage_output;
    }
*/
static const uint8_t vs_source_hlsl5[2466] = {
    0x73,0x74,0x72,0x75,0x63,0x74,0x20,0x63,0x75,0x62,0x65,0x5f,0x69,0x6e,0x73,0x74,
    0x61,0x6e,0x63,0x65,0x0a,0x7b,0x0a,0x20,0x20,0x20,0x20,0x66,0x6c,0x6f,0x61,0x74,
    0x34,0x20,0x78,0x66,0x6f,0x72,0x6d,0x5f,0x72,0x6f,0x77,0x30,0x3b,0x0a,0x20,0x20,
    0x20,0x20,0x66,0x6c,0x6f,0x61,0x74,0x34,0x20,0x78,0x66,0x6f,0x72,0x6d,0x5f,0x72,
    0x6f,0x77,0x31,0x3b,0x0a,0x20,0x20,0x20,0x20,0x66,0x6c,0x6f,0x61,0x74,0x34,0x20,
    0x78,0x66,0x6f,0x72,0x6d,0x5f,0x72,0x6f,0x77,0x32,0x3b,0x0a,0x20,0x20,0x20,0x20,
    0x66,0x6c,0x6f,0x61,0x74,0x34,0x20,0x62,0x61,0x73,0x65,0x5f,0x63,0x6f,0x6c,0x6f,
    0x72,0x3b,0x0a,0x20,0x20,0x20,0x20,0x66,0x6c,0x6f,0x61,0x74,0x34,0x20,0x6d,0x61,
    0x74,0x65,0x72,0x69,0x61,0x6c,0x3b,0x0a,0x7d,0x3b,0x0a,0x0a,0x42,0x79,0x74,0x65,
    0x41,0x64,0x64,0x72,0x65,0x73,0x73,0x42,0x75,0x66,0x66,0x65,0x72,0x20,0x5f,0x31,
    0x35,0x20,0x3a,0x20,0x72,0x65,0x67,0x69,0x73,0x74,0x65,0x72,0x28,0x74,0x30,0x29,
    0x3b,0x0a,0x63,0x62,0x75,0x66,0x66,0x65,0x72,0x20,0x75,0x62,0x5f,0x64,0x72,0x61,
    0x77,0x20,0x3a,0x20,0x72,0x65,0x67,0x69,0x73,0x74,0x65,0x72,0x28,0x62,0x32,0x29,
    0x0a,0x7b,0x0a,0x20,0x20,0x20,0x20,0x69,0x6e,0x74,0x34,0x20,0x5f,0x32,0x31,0x5f,
    0x69,0x6e,0x73,0x74,0x5f,0x62,0x61,0x73,0x65,0x20,0x3a,0x20,0x70,0x61,0x63,0x6b,
    0x6f,0x66,0x66,0x73,0x65,0x74,0x28,0x63,0x30,0x29,0x3b,0x0a,0x7d,0x3b,0x0a,0x0a,
    0x63,0x62,0x75,0x66,0x66,0x65,0x72,0x20,0x75,0x62,0x5f,0x66,0x72,0x61,0x6d,0x65,
    0x20,0x3a,0x20,0x72,0x65,0x67,0x69,0x73,0x74,0x65,0x72,0x28,0x62,0x30,0x29,0x0a,
    0x7b,0x0a,0x20,0x20,0x20,0x20,0x72,0x6f,0x77,0x5f,0x6d,0x61,0x6a,0x6f,0x72,0x20,
    0x66,0x6c,0x6f,0x61,0x74,0x34,0x78,0x34,0x20,0x5f,0x37,0x38,0x5f,0x76,0x69,0x65,
    0x77,0x20,0x3a,0x20,0x70,0x61,0x63,0x6b,0x6f,0x66,0x66,0x73,0x65,0x74,0x28,0x63,
    0x30,0x29,0x3b,0x0a,0x20,0x20,0x20,0x20,0x72,0x6f,0x77,0x5f,0x6d,0x61,0x6a,0x6f,
    0x72,0x20,0x66,0x6c,0x6f,0x61,0x74,0x34,0x78,0x34,0x20,0x5f,0x37,0x38,0x5f,0x70,
    0x72,0x6f,0x6a,0x20,0x3a,0x20,0x70,0x61,0x63,0x6b,0x6f,0x66,0x66,0x73,0x65,0x74,
    0x28,0x63,0x34,0x29,0x3b,0x0a,0x20,0x20,0x20,0x20,0x72,0x6f,0x77,0x5f,0x6d,0x61,
    0x6a,0x6f,0x72,0x20,0x66,0x6c,0x6f,0x61,0x74,0x34,0x78,0x34,0x20,0x5f,0x37,0x38,
    0x5f,0x76,0x69,0x65,0x77,0x5f,0x70,0x72,0x6f,0x6a,0x20,0x3a,0x20,0x70,0x61,0x63,
    0x6b,0x6f,0x66,0x66,0x73,0x65,0x74,0x28,0x63,0x38,0x29,0x3b,0x0a,0x20,0x20,0x20,
    0x20,0x72,0x6f,0x77,0x5f,0x6d,0x61,0x6a,0x6f,0x72,0x20,0x66,0x6c,0x6f,0x61,0x74,
    0x34,0x78,0x34,0x20,0x5f,0x37,0x38,0x5f,0x69,0x6e,0x76,0x5f,0x76,0x69,0x65,0x77,
    0x5f,0x70,0x72,0x6f,0x6a,0x20,0x3a,0x20,0x70,0x61,0x63,0x6b,0x6f,0x66,0x66,0x73,
    0x65,0x74,0x28,0x63,0x31,0x32,0x29,0x3b,0x0a,0x20,0x20,0x20,0x20,0x66,0x6c,0x6f,
    0x61,0x74,0x34,0x20,0x5f,0x37,0x38,0x5f,0x63,0x61,0x6d,0x65,0x72,0x61,0x5f,0x70,
    0x6f,0x73,0x20,0x3a,0x20,0x70,0x61,0x63,0x6b,0x6f,0x66,0x66,0x73,0x65,0x74,0x28,
    0x63,0x31,0x36,0x29,0x3b,0x0a,0x20,0x20,0x20,0x20,0x66,0x6c,0x6f,0x61,0x74,0x34,
    0x20,0x5f,0x37,0x38,0x5f,0x76,0x69,0x65,0x77,0x70,0x6f,0x72,0x74,0x20,0x3a,0x20,
    0x70,0x61,0x63,0x6b,0x6f,0x66,0x66,0x73,0x65,0x74,0x28,0x63,0x31,0x37,0x29,0x3b,
    0x0a,0x7d,0x3b,0x0a,0x0a,0x0a,0x73,0x74,0x61,0x74,0x69,0x63,0x20,0x66,0x6c,0x6f,
    0x61,0x74,0x34,0x20,0x67,0x6c,0x5f,0x50,0x6f,0x73,0x69,0x74,0x69,0x6f,0x6e,0x3b,
    0x0a,0x73,0x74,0x61,0x74,0x69,0x63,0x20,0x69,0x6e,0x74,0x20,0x67,0x6c,0x5f,0x49,
    0x6e,0x73,0x74,0x61,0x6e,0x63,0x65,0x49,0x6e,0x64,0x65,0x78,0x3b,0x0a,0x73,0x74,
    0x61,0x74,0x69,0x63,0x20,0x66,0x6c,0x6f,0x61,0x74,0x33,0x20,0x69,0x6e,0x5f,0x70,
    0x6f,0x73,0x3b,0x0a,0x73,0x74,0x61,0x74,0x69,0x63,0x20,0x66,0x6c,0x6f,0x61,0x74,
    0x33,0x20,0x76,0x5f,0x76,0x69,0x65,0x77,0x5f,0x70,0x6f,0x73,0x3b,0x0a,0x73,0x74,
    0x61,0x74,0x69,0x63,0x20,0x66,0x6c,0x6f,0x61,0x74,0x33,0x20,0x76,0x5f,0x77,0x6f,
    0x72,0x6c,0x64,0x5f,0x70,0x6f,0x73,0x3b,0x0a,0x73,0x74,0x61,0x74,0x69,0x63,0x20,
    0x66,0x6c,0x6f,0x61,0x74,0x34,0x20,0x76,0x5f,0x62,0x61,0x73,0x65,0x5f,0x63,0x6f,
    0x6c,0x6f,0x72,0x3b,0x0a,0x73,0x74,0x61,0x74,0x69,0x63,0x20,0x66,0x6c,0x6f,0x61,
    0x74,0x34,0x20,0x76,0x5f,0x6d,0x61,0x74,0x65,0x72,0x69,0x61,0x6c,0x3b,0x0a,0x0a,
    0x73,0x74,0x72,0x75,0x63,0x74,0x20,0x53,0x50,0x49,0x52,0x56,0x5f,0x43,0x72,0x6f,
    0x73,0x73,0x5f,0x49,0x6e,0x70,0x75,0x74,0x0a,0x7b,0x0a,0x20,0x20,0x20,0x20,0x66,
    0x6c,0x6f,0x61,0x74,0x33,0x20,0x69,0x6e,0x5f,0x70,0x6f,0x73,0x20,0x3a,0x20,0x54,
    0x45,0x58,0x43,0x4f,0x4f,0x52,0x44,0x30,0x3b,0x0a,0x20,0x20,0x20,0x20,0x75,0x69,
    0x6e,0x74,0x20,0x67,0x6c,0x5f,0x49,0x6e,0x73,0x74,0x61,0x6e,0x63,0x65,0x49,0x6e,
    0x64,0x65,0x78,0x20,0x3a,0x20,0x53,0x56,0x5f,0x49,0x6e,0x73,0x74,0x61,0x6e,0x63,
    0x65,0x49,0x44,0x3b,0x0a,0x7d,0x3b,0x0a,0x0a,0x73,0x74,0x72,0x75,0x63,0x74,0x20,
    0x53,0x50,0x49,0x52,0x56,0x5f,0x43,0x72,0x6f,0x73,0x73,0x5f,0x4f,0x75,0x74,0x70,
    0x75,0x74,0x0a,0x7b,0x0a,0x20,0x20,0x20,0x20,0x66,0x6c,0x6f,0x61,0x74,0x33,0x20,
    0x76,0x5f,0x76,0x69,0x65,0x77,0x5f,0x70,0x6f,0x73,0x20,0x3a,0x20,0x54,0x45,0x58,
    0x43,0x4f,0x4f,0x52,0x44,0x30,0x3b,0x0a,0x20,0x20,0x20,0x20,0x66,0x6c,0x6f,0x61,
    0x74,0x33,0x20,0x76,0x5f,0x77,0x6f,0x72,0x6c,0x64,0x5f,0x70,0x6f,0x73,0x20,0x3a,
    0x20,0x54,0x45,0x58,0x43,0x4f,0x4f,0x52,0x44,0x31,0x3b,0x0a,0x20,0x20,0x20,0x20,
    0x6e,0x6f,0x69,0x6e,0x74,0x65,0x72,0x70,0x6f,0x6c,0x61,0x74,0x69,0x6f,0x6e,0x20,
    0x66,0x6c,0x6f,0x61,0x74,0x34,0x20,0x76,0x5f,0x62,0x61,0x73,0x65,0x5f,0x63,0x6f,
    0x6c,0x6f,0x72,0x20,0x3a,0x20,0x54,0x45,0x58,0x43,0x4f,0x4f,0x52,0x44,0x32,0x3b,
    0x0a,0x20,0x20,0x20,0x20,0x6e,0x6f,0x69,0x6e,0x74,0x65,0x72,0x70,0x6f,0x6c,0x61,
    0x74,0x69,0x6f,0x6e,0x20,0x66,0x6c,0x6f,0x61,0x74,0x34,0x20,0x76,0x5f,0x6d,0x61,
    0x74,0x65,0x72,0x69,0x61,0x6c,0x20,0x3a,0x20,0x54,0x45,0x58,0x43,0x4f,0x4f,0x52,
    0x44,0x33,0x3b,0x0a,0x20,0x20,0x20,0x20,0x66,0x6c,0x6f,0x61,0x74,0x34,0x20,0x67,
    0x6c,0x5f,0x50,0x6f,0x73,0x69,0x74,0x69,0x6f,0x6e,0x20,0x3a,0x20,0x53,0x56,0x5f,
    0x50,0x6f,0x73,0x69,0x74,0x69,0x6f,0x6e,0x3b,0x0a,0x7d,0x3b,0x0a,0x0a,0x76,0x6f,
    0x69,0x64,0x20,0x76,0x65,0x72,0x74,0x5f,0x6d,0x61,0x69,0x6e,0x28,0x29,0x0a,0x7b,
    0x0a,0x20,0x20,0x20,0x20,0x63,0x75,0x62,0x65,0x5f,0x69,0x6e,0x73,0x74,0x61,0x6e,
    0x63,0x65,0x20,0x5f,0x33,0x33,0x3b,0x0a,0x20,0x20,0x20,0x20,0x5f,0x33,0x33,0x2e,
    0x78,0x66,0x6f,0x72,0x6d,0x5f,0x72,0x6f,0x77,0x30,0x20,0x3d,0x20,0x61,0x73,0x66,
    0x6c,0x6f,0x61,0x74,0x28,0x5f,0x31,0x35,0x2e,0x4c,0x6f,0x61,0x64,0x34,0x28,0x28,
    0x5f,0x32,0x31,0x5f,0x69,0x6e,0x73,0x74,0x5f,0x62,0x61,0x73,0x65,0x2e,0x78,0x20,
    0x2b,0x20,0x67,0x6c,0x5f,0x49,0x6e,0x73,0x74,0x61,0x6e,0x63,0x65,0x49,0x6e,0x64,
    0x65,0x78,0x29,0x20,0x2a,0x20,0x38,0x30,0x20,0x2b,0x20,0x30,0x29,0x29,0x3b,0x0a,
    0x20,0x20,0x20,0x20,0x5f,0x33,0x33,0x2e,0x78,0x66,0x6f,0x72,0x6d,0x5f,0x72,0x6f,
    0x77,0x31,0x20,0x3d,0x20,0x61,0x73,0x66,0x6c,0x6f,0x61,0x74,0x28,0x5f,0x31,0x35,
    0x2e,0x4c,0x6f,0x61,0x64,0x34,0x28,0x28,0x5f,0x32,0x31,0x5f,0x69,0x6e,0x73,0x74,
    0x5f,0x62,0x61,0x73,0x65,0x2e,0x78,0x20,0x2b,0x20,0x67,0x6c,0x5f,0x49,0x6e,0x73,
    0x74,0x61,0x6e,0x63,0x65,0x49,0x6e,0x64,0x65,0x78,0x29,0x20,0x2a,0x20,0x38,0x30,
    0x20,0x2b,0x20,0x31,0x36,0x29,0x29,0x3b,0x0a,0x20,0x20,0x20,0x20,0x5f,0x33,0x33,
    0x2e,0x78,0x66,0x6f,0x72,0x6d,0x5f,0x72,0x6f,0x77,0x32,0x20,0x3d,0x20,0x61,0x73,
    0x66,0x6c,0x6f,0x61,0x74,0x28,0x5f,0x31,0x35,0x2e,0x4c,0x6f,0x61,0x64,0x34,0x28,
    0x28,0x5f,0x32,0x31,0x5f,0x69,0x6e,0x73,0x74,0x5f,0x62,0x61,0x73,0x65,0x2e,0x78,
    0x20,0x2b,0x20,0x67,0x6c,0x5f,0x49,0x6e,0x73,0x74,0x61,0x6e,0x63,0x65,0x49,0x6e,
    0x64,0x65,0x78,0x29,0x20,0x2a,0x20,0x38,0x30,0x20,0x2b,0x20,0x33,0x32,0x29,0x29,
    0x3b,0x0a,0x20,0x20,0x20,0x20,0x5f,0x33,0x33,0x2e,0x62,0x61,0x73,0x65,0x5f,0x63,
    0x6f,0x6c,0x6f,0x72,0x20,0x3d,0x20,0x61,0x73,0x66,0x6c,0x6f,0x61,0x74,0x28,0x5f,
    0x31,0x35,0x2e,0x4c,0x6f,0x61,0x64,0x34,0x28,0x28,0x5f,0x32,0x31,0x5f,0x69,0x6e,
    0x73,0x74,0x5f,0x62,0x61,0x73,0x65,0x2e,0x78,0x20,0x2b,0x20,0x67,0x6c,0x5f,0x49,
    0x6e,0x73,0x74,0x61,0x6e,0x63,0x65,0x49,0x6e,0x64,0x65,0x78,0x29,0x20,0x2a,0x20,
    0x38,0x30,0x20,0x2b,0x20,0x34,0x38,0x29,0x29,0x3b,0x0a,0x20,0x20,0x20,0x20,0x5f,
    0x33,0x33,0x2e,0x6d,0x61,0x74,0x65,0x72,0x69,0x61,0x6c,0x20,0x3d,0x20,0x61,0x73,
    0x66,0x6c,0x6f,0x61,0x74,0x28,0x5f,0x31,0x35,0x2e,0x4c,0x6f,0x61,0x64,0x34,0x28,
    0x28,0x5f,0x32,0x31,0x5f,0x69,0x6e,0x73,0x74,0x5f,0x62,0x61,0x73,0x65,0x2e,0x78,
    0x20,0x2b,0x20,0x67,0x6c,0x5f,0x49,0x6e,0x73,0x74,0x61,0x6e,0x63,0x65,0x49,0x6e,
    0x64,0x65,0x78,0x29,0x20,0x2a,0x20,0x38,0x30,0x20,0x2b,0x20,0x36,0x34,0x29,0x29,
    0x3b,0x0a,0x20,0x20,0x20,0x20,0x66,0x6c,0x6f,0x61,0x74,0x34,0x20,0x5f,0x35,0x38,
    0x20,0x3d,0x20,0x66,0x6c,0x6f,0x61,0x74,0x34,0x28,0x69,0x6e,0x5f,0x70,0x6f,0x73,
    0x2c,0x20,0x31,0x2e,0x30,0x66,0x29,0x3b,0x0a,0x20,0x20,0x20,0x20,0x66,0x6c,0x6f,
    0x61,0x74,0x20,0x5f,0x36,0x34,0x20,0x3d,0x20,0x64,0x6f,0x74,0x28,0x5f,0x33,0x33,
    0x2e,0x78,0x66,0x6f,0x72,0x6d,0x5f,0x72,0x6f,0x77,0x30,0x2c,0x20,0x5f,0x35,0x38,
    0x29,0x3b,0x0a,0x20,0x20,0x20,0x20,0x66,0x6c,0x6f,0x61,0x74,0x20,0x5f,0x36,0x38,
    0x20,0x3d,0x20,0x64,0x6f,0x74,0x28,0x5f,0x33,0x33,0x2e,0x78,0x66,0x6f,0x72,0x6d,
    0x5f,0x72,0x6f,0x77,0x31,0x2c,0x20,0x5f,0x35,0x38,0x29,0x3b,0x0a,0x20,0x20,0x20,
    0x20,0x66,0x6c,0x6f,0x61,0x74,0x20,0x5f,0x37,0x32,0x20,0x3d,0x20,0x64,0x6f,0x74,
    0x28,0x5f,0x33,0x33,0x2e,0x78,0x66,0x6f,0x72,0x6d,0x5f,0x72,0x6f,0x77,0x32,0x2c,
    0x20,0x5f,0x35,0x38,0x29,0x3b,0x0a,0x20,0x20,0x20,0x20,0x66,0x6c,0x6f,0x61,0x74,
    0x34,0x20,0x5f,0x38,0x37,0x20,0x3d,0x20,0x6d,0x75,0x6c,0x28,0x66,0x6c,0x6f,0x61,
    0x74,0x34,0x28,0x5f,0x36,0x34,0x2c,0x20,0x5f,0x36,0x38,0x2c,0x20,0x5f,0x37,0x32,
    0x2c,0x20,0x31,0x2e,0x30,0x66,0x29,0x2c,0x20,0x5f,0x37,0x38,0x5f,0x76,0x69,0x65,
    0x77,0x29,0x3b,0x0a,0x20,0x20,0x20,0x20,0x76,0x5f,0x76,0x69,0x65,0x77,0x5f,0x70,
    0x6f,0x73,0x20,0x3d,0x20,0x5f,0x38,0x37,0x2e,0x78,0x79,0x7a,0x3b,0x0a,0x20,0x20,
    0x20,0x20,0x76,0x5f,0x77,0x6f,0x72,0x6c,0x64,0x5f,0x70,0x6f,0x73,0x20,0x3d,0x20,
    0x66,0x6c,0x6f,0x61,0x74,0x33,0x28,0x5f,0x36,0x34,0x2c,0x20,0x5f,0x36,0x38,0x2c,
    0x20,0x5f,0x37,0x32,0x29,0x3b,0x0a,0x20,0x20,0x20,0x20,0x76,0x5f,0x62,0x61,0x73,
    0x65,0x5f,0x63,0x6f,0x6c,0x6f,0x72,0x20,0x3d,0x20,0x5f,0x33,0x33,0x2e,0x62,0x61,
    0x73,0x65,0x5f,0x63,0x6f,0x6c,0x6f,0x72,0x3b,0x0a,0x20,0x20,0x20,0x20,0x76,0x5f,
    0x6d,0x61,0x74,0x65,0x72,0x69,0x61,0x6c,0x20,0x3d,0x20,0x5f,0x33,0x33,0x2e,0x6d,
    0x61,0x74,0x65,0x72,0x69,0x61,0x6c,0x3b,0x0a,0x20,0x20,0x20,0x20,0x67,0x6c,0x5f,
    0x50,0x6f,0x73,0x69,0x74,0x69,0x6f,0x6e,0x20,0x3d,0x20,0x6d,0x75,0x6c,0x28,0x5f,
    0x38,0x37,0x2c,0x20,0x5f,0x37,0x38,0x5f,0x70,0x72,0x6f,0x6a,0x29,0x3b,0x0a,0x7d,
    0x0a,0x0a,0x53,0x50,0x49,0x52,0x56,0x5f,0x43,0x72,0x6f,0x73,0x73,0x5f,0x4f,0x75,
    0x74,0x70,0x75,0x74,0x20,0x6d,0x61,0x69,0x6e,0x28,0x53,0x50,0x49,0x52,0x56,0x5f,
    0x43,0x72,0x6f,0x73,0x73,0x5f,0x49,0x6e,0x70,0x75,0x74,0x20,0x73,0x74,0x61,0x67,
    0x65,0x5f,0x69,0x6e,0x70,0x75,0x74,0x29,0x0a,0x7b,0x0a,0x20,0x20,0x20,0x20,0x67,
    0x6c,0x5f,0x49,0x6e,0x73,0x74,0x61,0x6e,0x63,0x65,0x49,0x6e,0x64,0x65,0x78,0x20,
    0x3d,0x20,0x69,0x6e,0x74,0x28,0x73,0x74,0x61,0x67,0x65,0x5f,0x69,0x6e,0x70,0x75,
    0x74,0x2e,0x67,0x6c,0x5f,0x49,0x6e,0x73,0x74,0x61,0x6e,0x63,0x65,0x49,0x6e,0x64,
    0x65,0x78,0x29,0x3b,0x0a,0x20,0x20,0x20,0x20,0x69,0x6e,0x5f,0x70,0x6f,0x73,0x20,
    0x3d,0x20,0x73,0x74,0x61,0x67,0x65,0x5f,0x69,0x6e,0x70,0x75,0x74,0x2e,0x69,0x6e,
    0x5f,0x70,0x6f,0x73,0x3b,0x0a,0x20,0x20,0x20,0x20,0x76,0x65,0x72,0x74,0x5f,0x6d,
    0x61,0x69,0x6e,0x28,0x29,0x3b,0x0a,0x20,0x20,0x20,0x20,0x53,0x50,0x49,0x52,0x56,
    0x5f,0x43,0x72,0x6f,0x73,0x73,0x5f,0x4f,0x75,0x74,0x70,0x75,0x74,0x20,0x73,0x74,
    0x61,0x67,0x65,0x5f,0x6f,0x75,0x74,0x70,0x75,0x74,0x3b,0x0a,0x20,0x20,0x20,0x20,
    0x73,0x74,0x61,0x67,0x65,0x5f,0x6f,0x75,0x74,0x70,0x75,0x74,0x2e,0x67,0x6c,0x5f,
    0x50,0x6f,0x73,0x69,0x74,0x69,0x6f,0x6e,0x20,0x3d,0x20,0x67,0x6c,0x5f,0x50,0x6f,
    0x73,0x69,0x74,0x69,0x6f,0x6e,0x3b,0x0a,0x20,0x20,0x20,0x20,0x73,0x74,0x61,0x67,
    0x65,0x5f,0x6f,0x75,0x74,0x70,0x75,0x74,0x2e,0x76,0x5f,0x76,0x69,0x65,0x77,0x5f,
    0x70,0x6f,0x73,0x20,0x3d,0x20,0x76,0x5f,0x76,0x69,0x65,0x77,0x5f,0x70,0x6f,0x73,
    0x3b,0x0a,0x20,0x20,0x20,0x20,0x73,0x74,0x61,0x67,0x65,0x5f,0x6f,0x75,0x74,0x70,
    0x75,0x74,0x2e,0x76,0x5f,0x77,0x6f,0x72,0x6c,0x64,0x5f,0x70,0x6f,0x73,0x20,0x3d,
    0x20,0x76,0x5f,0x77,0x6f,0x72,0x6c,0x64,0x5f,0x70,0x6f,0x73,0x3b,0x0a,0x20,0x20,
    0x20,0x20,0x73,0x74,0x61,0x67,0x65,0x5f,0x6f,0x75,0x74,0x70,0x75,0x74,0x2e,0x76,
    0x5f,0x62,0x61,0x73,0x65,0x5f,0x63,0x6f,0x6c,0x6f,0x72,0x20,0x3d,0x20,0x76,0x5f,
    0x62,0x61,0x73,0x65,0x5f,0x63,0x6f,0x6c,0x6f,0x72,0x3b,0x0a,0x20,0x20,0x20,0x20,
    0x73,0x74,0x61,0x67,0x65,0x5f,0x6f,0x75,0x74,0x70,0x75,0x74,0x2e,0x76,0x5f,0x6d,
    0x61,0x74,0x65,0x72,0x69,0x61,0x6c,0x20,0x3d,0x20,0x76,0x5f,0x6d,0x61,0x74,0x65,
    0x72,0x69,0x61,0x6c,0x3b,0x0a,0x20,0x20,0x20,0x20,0x72,0x65,0x74,0x75,0x72,0x6e,
    0x20,0x73,0x74,0x61,0x67,0x65,0x5f,0x6f,0x75,0x74,0x70,0x75,0x74,0x3b,0x0a,0x7d,
    0x0a,0x00,
};
/*
    cbuffer ub_pass : register(b1)
    {
        float4 _1073_sun_dir_view : packoffset(c0);
        float4 _1073_sun_color : packoffset(c1);
        int4 _1073_flags : packoffset(c2);
        float4 _1073_cascade_far_view_z : packoffset(c3);
        float4 _1073_cascade_texel_world : packoffset(c4);
        float4 _1073_cascade_depth_bias : packoffset(c5);
        float4 _1073_shadow_params : packoffset(c6);
        row_major float4x4 _1073_cascade_matrices[4] : packoffset(c7);
        row_major float4x4 _1073_view : packoffset(c23);
        float4 _1073_camera_pos_world : packoffset(c27);
        float4 _1073_sh[9] : packoffset(c28);
        float4 _1073_ibl_params : packoffset(c37);
    };

    Texture2DArray<float4> tex_shadow : register(t0);
    SamplerComparisonState smp_shadow : register(s0);
    Texture2D<float4> tex_ao : register(t3);
    SamplerState smp_ao : register(s3);
    TextureCube<float4> tex_ibl_spec : register(t1);
    SamplerState smp_ibl_spec : register(s1);
    Texture2D<float4> tex_brdf_lut : register(t2);
    SamplerState smp_brdf_lut : register(s2);

    static float4 gl_FragCoord;
    static float3 v_view_pos;
    static float4 out_color;
    static float3 v_world_pos;
    static float4 v_base_color;
    static float4 v_material;

    struct SPIRV_Cross_Input
    {
        float3 v_view_pos : TEXCOORD0;
        float3 v_world_pos : TEXCOORD1;
        nointerpolation float4 v_base_color : TEXCOORD2;
        nointerpolation float4 v_material : TEXCOORD3;
        float4 gl_FragCoord : SV_Position;
    };

    struct SPIRV_Cross_Output
    {
        float4 out_color : SV_Target0;
    };

    uint2 spvTextureSize(Texture2D<float4> Tex, uint Level, out uint Param)
    {
        uint2 ret;
        Tex.GetDimensions(Level, ret.x, ret.y, Param);
        return ret;
    }

    int selectShadowCascade(float4 far_view_z, float view_z)
    {
        int cascade = 3;
        for (int i = 0; i < 3; i++)
        {
            if (view_z < far_view_z[i])
            {
                cascade = i;
                break;
            }
        }
        return cascade;
    }

    float3 shadowCascadeTint(int cascade)
    {
        if (cascade == 0)
        {
            return float3(1.0f, 0.4000000059604644775390625f, 0.4000000059604644775390625f);
        }
        if (cascade == 1)
        {
            return float3(0.4000000059604644775390625f, 1.0f, 0.4000000059604644775390625f);
        }
        if (cascade == 2)
        {
            return float3(0.4000000059604644775390625f, 0.4000000059604644775390625f, 1.0f);
        }
        return float3(1.0f, 0.89999997615814208984375f, 0.300000011920928955078125f);
    }

    float sampleShadowTap(Texture2DArray<float4> tex, SamplerComparisonState smp, float2 uv, float layer, float ref_z)
    {
        return tex.SampleCmp(smp, float4(uv, layer, ref_z).xyz, ref_z);
    }

    float sampleShadowPCF(Texture2DArray<float4> tex, SamplerComparisonState smp, int cascade, float3 light_uv, float bias, float scale, float inv_size)
    {
        float _617 = float(cascade);
        float _622 = light_uv.z - bias;
        float2 _627 = light_uv.xy * (1.0f / inv_size);
        float2 _632 = floor(_627 + 0.5f.xx);
        float _639 = (_627.x + 0.5f) - _632.x;
        float _646 = (_627.y + 0.5f) - _632.y;
        float2 _651 = (_632 - 0.5f.xx) * inv_size;
        float _655 = inv_size * scale;
        float _658 = 5.0f * _639;
        float _660 = _658 - 6.0f;
        float _664 = 11.0f * _639;
        float _666 = _664 - 28.0f;
        float _672 = (-17.0f) - _664;
        float _677 = (-1.0f) - _658;
        float _681 = 4.0f * _639;
        float _685 = ((_681 - 5.0f) / _660) - 3.0f;
        float _693 = ((_681 - 16.0f) / _666) - 1.0f;
        float _702 = (((-5.0f) - (7.0f * _639)) / _672) + 1.0f;
        float _708 = ((-_639) / _677) + 3.0f;
        float _711 = 5.0f * _646;
        float _712 = _711 - 6.0f;
        float _715 = 11.0f * _646;
        float _716 = _715 - 28.0f;
        float _721 = (-17.0f) - _715;
        float _726 = (-1.0f) - _711;
        float _729 = 4.0f * _646;
        float _733 = ((_729 - 5.0f) / _712) - 3.0f;
        float _740 = ((_729 - 16.0f) / _716) - 1.0f;
        float _748 = (((-5.0f) - (7.0f * _646)) / _721) + 1.0f;
        float _754 = ((-_646) / _726) + 3.0f;
        float sum = 0.0f;
        float2 param = _651 + (float2(_685, _733) * _655);
        float param_1 = _617;
        float param_2 = _622;
        sum += ((_660 * _712) * sampleShadowTap(tex, smp, param, param_1, param_2));
        float2 param_3 = _651 + (float2(_693, _733) * _655);
        float param_4 = _617;
        float param_5 = _622;
        sum += ((_666 * _712) * sampleShadowTap(tex, smp, param_3, param_4, param_5));
        float2 param_6 = _651 + (float2(_702, _733) * _655);
        float param_7 = _617;
        float param_8 = _622;
        sum += ((_672 * _712) * sampleShadowTap(tex, smp, param_6, param_7, param_8));
        float2 param_9 = _651 + (float2(_708, _733) * _655);
        float param_10 = _617;
        float param_11 = _622;
        sum += ((_677 * _712) * sampleShadowTap(tex, smp, param_9, param_10, param_11));
        float2 param_12 = _651 + (float2(_685, _740) * _655);
        float param_13 = _617;
        float param_14 = _622;
        sum += ((_660 * _716) * sampleShadowTap(tex, smp, param_12, param_13, param_14));
        float2 param_15 = _651 + (float2(_693, _740) * _655);
        float param_16 = _617;
        float param_17 = _622;
        sum += ((_666 * _716) * sampleShadowTap(tex, smp, param_15, param_16, param_17));
        float2 param_18 = _651 + (float2(_702, _740) * _655);
        float param_19 = _617;
        float param_20 = _622;
        sum += ((_672 * _716) * sampleShadowTap(tex, smp, param_18, param_19, param_20));
        float2 param_21 = _651 + (float2(_708, _740) * _655);
        float param_22 = _617;
        float param_23 = _622;
        sum += ((_677 * _716) * sampleShadowTap(tex, smp, param_21, param_22, param_23));
        float2 param_24 = _651 + (float2(_685, _748) * _655);
        float param_25 = _617;
        float param_26 = _622;
        sum += ((_660 * _721) * sampleShadowTap(tex, smp, param_24, param_25, param_26));
        float2 param_27 = _651 + (float2(_693, _748) * _655);
        float param_28 = _617;
        float param_29 = _622;
        sum += ((_666 * _721) * sampleShadowTap(tex, smp, param_27, param_28, param_29));
        float2 param_30 = _651 + (float2(_702, _748) * _655);
        float param_31 = _617;
        float param_32 = _622;
        sum += ((_672 * _721) * sampleShadowTap(tex, smp, param_30, param_31, param_32));
        float2 param_33 = _651 + (float2(_708, _748) * _655);
        float param_34 = _617;
        float param_35 = _622;
        sum += ((_677 * _721) * sampleShadowTap(tex, smp, param_33, param_34, param_35));
        float2 param_36 = _651 + (float2(_685, _754) * _655);
        float param_37 = _617;
        float param_38 = _622;
        sum += ((_660 * _726) * sampleShadowTap(tex, smp, param_36, param_37, param_38));
        float2 param_39 = _651 + (float2(_693, _754) * _655);
        float param_40 = _617;
        float param_41 = _622;
        sum += ((_666 * _726) * sampleShadowTap(tex, smp, param_39, param_40, param_41));
        float2 param_42 = _651 + (float2(_702, _754) * _655);
        float param_43 = _617;
        float param_44 = _622;
        sum += ((_672 * _726) * sampleShadowTap(tex, smp, param_42, param_43, param_44));
        float2 param_45 = _651 + (float2(_708, _754) * _655);
        float param_46 = _617;
        float param_47 = _622;
        float _1058 = sum;
        float _1059 = _1058 + ((_677 * _726) * sampleShadowTap(tex, smp, param_45, param_46, param_47));
        sum = _1059;
        return _1059 * 0.000369822490029036998748779296875f;
    }

    float sampleCascade(int cascade, float3 world_pos, float3 world_normal, float n_dot_l)
    {
        float _1088 = clamp(_1073_cascade_texel_world.x / _1073_cascade_texel_world[cascade], 0.25f, 1.0f);
        float _1098 = 3.0f * _1088;
        float4 _1120 = mul(float4(world_pos + (world_normal * ((((_1098 + 0.5f) * 1.41420996189117431640625f) * sqrt(max(1.0f - (n_dot_l * n_dot_l), 0.0f))) * _1073_cascade_texel_world[cascade])), 1.0f), _1073_cascade_matrices[cascade]);
        float3 _1128 = _1120.xyz / _1120.w.xxx;
        float _1144 = _1128.z;
        float3 _1145 = float3((_1128.x * 0.5f) + 0.5f, ((_1128.y * _1073_shadow_params.x) * 0.5f) + 0.5f, _1144);
        bool _1148 = _1144 < 0.0f;
        bool _1155;
        if (!_1148)
        {
            _1155 = _1144 > 1.0f;
        }
        else
        {
            _1155 = _1148;
        }
        if (_1155)
        {
            return 1.0f;
        }
        float _1165 = (_1098 + 1.0f) * _1073_shadow_params.y;
        float2 _1167 = _1145.xy;
        float2 _1170 = (-_1165).xx;
        bool _1173 = any(bool2(_1167.x < _1170.x, _1167.y < _1170.y));
        bool _1184;
        if (!_1173)
        {
            float2 _1181 = (1.0f + _1165).xx;
            _1184 = any(bool2(_1167.x > _1181.x, _1167.y > _1181.y));
        }
        else
        {
            _1184 = _1173;
        }
        if (_1184)
        {
            return 1.0f;
        }
        int param = cascade;
        float3 param_1 = _1145;
        float param_2 = _1073_cascade_depth_bias[cascade];
        float param_3 = _1088;
        float param_4 = _1073_shadow_params.y;
        return sampleShadowPCF(tex_shadow, smp_shadow, param, param_1, param_2, param_3, param_4);
    }

    float sampleShadowCascaded(float3 world_pos, float3 world_normal, float n_dot_l, float view_z)
    {
        float4 param = _1073_cascade_far_view_z;
        float param_1 = view_z;
        int _1211 = selectShadowCascade(param, param_1);
        int param_2 = _1211;
        float3 param_3 = world_pos;
        float3 param_4 = world_normal;
        float param_5 = n_dot_l;
        float shadow = sampleCascade(param_2, param_3, param_4, param_5);
        if (_1211 < 3)
        {
            float _1233;
            if (_1211 == 0)
            {
                _1233 = 0.0f;
            }
            else
            {
                _1233 = _1073_cascade_far_view_z[_1211 - 1];
            }
            float _1246 = lerp(_1073_cascade_far_view_z[_1211], _1233, 0.100000001490116119384765625f);
            if (view_z > _1246)
            {
                int param_6 = _1211 + 1;
                float3 param_7 = world_pos;
                float3 param_8 = world_normal;
                float param_9 = n_dot_l;
                shadow = lerp(shadow, sampleCascade(param_6, param_7, param_8, param_9), (view_z - _1246) / (_1073_cascade_far_view_z[_1211] - _1246));
            }
        }
        return shadow;
    }

    float pbrDistributionGGX(float n_dot_h, float alpha)
    {
        float _135 = alpha * alpha;
        float _144 = ((n_dot_h * n_dot_h) * (_135 - 1.0f)) + 1.0f;
        return _135 / ((3.1415927410125732421875f * _144) * _144);
    }

    float pbrVisibilitySmithCorrelated(float n_dot_v, float n_dot_l, float alpha)
    {
        float _157 = alpha * alpha;
        float _164 = 1.0f - _157;
        return 0.5f / (((n_dot_l * sqrt(((n_dot_v * n_dot_v) * _164) + _157)) + (n_dot_v * sqrt(((n_dot_l * n_dot_l) * _164) + _157))) + 9.9999997473787516355514526367188e-06f);
    }

    float3 pbrFresnelSchlick(float v_dot_h, float3 f0)
    {
        float _193 = 1.0f - v_dot_h;
        float _197 = _193 * _193;
        return f0 + ((1.0f.xxx - f0) * ((_197 * _197) * _193));
    }

    float3 brdf_evaluate(float3 N, float3 V, float3 L, float3 sun_radiance, float3 base_color, float metallic, float roughness)
    {
        float _216 = max(dot(N, L), 0.0f);
        float3 _227 = normalize(V + L);
        float _241 = max(roughness, 0.04500000178813934326171875f);
        float _245 = _241 * _241;
        float param = max(dot(N, _227), 0.0f);
        float param_1 = _245;
        float param_2 = max(dot(N, V), 9.9999997473787516355514526367188e-05f);
        float param_3 = _216;
        float param_4 = _245;
        float param_5 = max(dot(V, _227), 0.0f);
        float3 param_6 = lerp(0.039999999105930328369140625f.xxx, base_color, metallic.xxx);
        float3 _272 = pbrFresnelSchlick(param_5, param_6);
        return ((((((1.0f.xxx - _272) * (1.0f - metallic)) * base_color) * 0.3183098733425140380859375f.xxx) + (_272 * (pbrDistributionGGX(param, param_1) * pbrVisibilitySmithCorrelated(param_2, param_3, param_4)))) * sun_radiance) * _216;
    }

    float3 pbrEvaluateShIrradiance(float3 N, float4 sh[9])
    {
        float3 _426 = ((((((((sh[0].xyz * 0.2820948064327239990234375f) + (sh[1].xyz * ((-0.48860251903533935546875f) * N.y))) + (sh[2].xyz * (0.48860251903533935546875f * N.z))) + (sh[3].xyz * ((-0.48860251903533935546875f) * N.x))) + (sh[4].xyz * ((1.09254848957061767578125f * N.x) * N.y))) + (sh[5].xyz * (((-1.09254848957061767578125f) * N.y) * N.z))) + (sh[6].xyz * (0.3153915703296661376953125f * (((3.0f * N.z) * N.z) - 1.0f)))) + (sh[7].xyz * (((-1.09254848957061767578125f) * N.x) * N.z))) + (sh[8].xyz * (0.546274244785308837890625f * ((N.x * N.x) - (N.y * N.y))));
        return _426;
    }

    float3 pbrEvaluateIbl(float3 N_world, float3 V_world, float3 base_color, float metallic, float roughness, float4 sh[9], TextureCube<float4> tex_spec_cube, SamplerState smp_spec_cube, Texture2D<float4> tex_brdf_lut_1, SamplerState smp_brdf_lut_1, float max_lod)
    {
        float _433 = clamp(dot(N_world, V_world), 9.9999997473787516355514526367188e-05f, 1.0f);
        float3 _443 = lerp(0.039999999105930328369140625f.xxx, base_color, metallic.xxx);
        float3 param = N_world;
        float4 param_1[9] = sh;
        float4 _507 = tex_brdf_lut_1.Sample(smp_brdf_lut_1, float2(_433, roughness));
        return (((((1.0f.xxx - (_443 + ((max((1.0f - roughness).xxx, _443) - _443) * pow(max(0.0f, 1.0f - _433), 5.0f)))) * (1.0f - metallic)) * base_color) * max(pbrEvaluateShIrradiance(param, param_1), 0.0f.xxx)) * 0.3183098733425140380859375f.xxx) + (tex_spec_cube.SampleLevel(smp_spec_cube, reflect(-V_world, N_world), roughness * max_lod).xyz * ((_443 * _507.x) + _507.y.xxx));
    }

    float3 pbrEvaluateAmbient(bool iblEnabled, float3 N_world, float3 V_world, float3 base_color, float metallic, float roughness, float flat_strength, float4 sh[9], TextureCube<float4> tex_spec_cube, SamplerState smp_spec_cube, Texture2D<float4> tex_brdf_lut_1, SamplerState smp_brdf_lut_1, float max_lod)
    {
        float3 result = base_color * flat_strength;
        if (iblEnabled)
        {
            float3 param = N_world;
            float3 param_1 = V_world;
            float3 param_2 = base_color;
            float param_3 = metallic;
            float param_4 = roughness;
            float4 param_5[9] = sh;
            float param_6 = max_lod;
            result = pbrEvaluateIbl(param, param_1, param_2, param_3, param_4, param_5, tex_spec_cube, smp_spec_cube, tex_brdf_lut_1, smp_brdf_lut_1, param_6);
        }
        return result;
    }

    void frag_main()
    {
        float3 _1280 = ddx(v_view_pos);
        float3 _1283 = ddy(v_view_pos);
        float3 _1292 = normalize(cross(_1283 * (-_1073_shadow_params.x), _1280));
        float _1297 = -v_view_pos.z;
        if (_1073_flags.x == 1)
        {
            float _1308 = clamp(v_view_pos.z * (-0.0199999995529651641845703125f), 0.0f, 1.0f);
            out_color = float4(_1308, _1308, _1308, 1.0f);
            return;
        }
        if (_1073_flags.x == 2)
        {
            float4 param = _1073_cascade_far_view_z;
            float param_1 = _1297;
            int _1325 = selectShadowCascade(param, param_1);
            float4 _1336 = mul(float4(v_world_pos, 1.0f), _1073_cascade_matrices[_1325]);
            float3 _1343 = _1336.xyz / _1336.w.xxx;
            float3 _1360 = float3((_1343.x * 0.5f) + 0.5f, ((_1343.y * _1073_shadow_params.x) * 0.5f) + 0.5f, _1343.z);
            bool _1365 = any(bool3(_1360.x < 0.0f.xxx.x, _1360.y < 0.0f.xxx.y, _1360.z < 0.0f.xxx.z));
            bool _1372;
            if (!_1365)
            {
                _1372 = any(bool3(_1360.x > 1.0f.xxx.x, _1360.y > 1.0f.xxx.y, _1360.z > 1.0f.xxx.z));
            }
            else
            {
                _1372 = _1365;
            }
            float3 tint = 1.0f.xxx;
            if (!_1372)
            {
                int param_2 = _1325;
                tint = shadowCascadeTint(param_2);
            }
            out_color = float4(tint, 1.0f);
            return;
        }
        if (_1073_flags.x == 3)
        {
            out_color = float4((_1292 * 0.5f) + 0.5f.xxx, 1.0f);
            return;
        }
        uint _1413_dummy_parameter;
        float4 _1421 = tex_ao.SampleLevel(smp_ao, gl_FragCoord.xy / float2(int2(spvTextureSize(tex_ao, uint(0), _1413_dummy_parameter))), 0.0f);
        float _1422 = _1421.x;
        if (_1073_flags.x == 4)
        {
            out_color = float4(_1422, _1422, _1422, 1.0f);
            return;
        }
        float3 _1452 = normalize(mul(_1292, transpose(float3x3(_1073_view[0].xyz, _1073_view[1].xyz, _1073_view[2].xyz))));
        float3 _1457 = normalize(_1073_sun_dir_view.xyz);
        float3 param_3 = v_world_pos;
        float3 param_4 = _1452;
        float param_5 = max(dot(_1292, _1457), 0.0f);
        float param_6 = _1297;
        float3 param_7 = _1292;
        float3 param_8 = normalize(-v_view_pos);
        float3 param_9 = _1457;
        float3 param_10 = _1073_sun_color.xyz * sampleShadowCascaded(param_3, param_4, param_5, param_6);
        float3 param_11 = v_base_color.xyz;
        float param_12 = v_material.x;
        float param_13 = v_material.y;
        bool param_14 = _1073_ibl_params.y > 0.5f;
        float3 param_15 = _1452;
        float3 param_16 = normalize(_1073_camera_pos_world.xyz - v_world_pos);
        float3 param_17 = v_base_color.xyz;
        float param_18 = v_material.x;
        float param_19 = v_material.y;
        float param_20 = _1073_sun_color.w;
        float4 param_21[9];
        param_21[0] = _1073_sh[0];
        param_21[1] = _1073_sh[1];
        param_21[2] = _1073_sh[2];
        param_21[3] = _1073_sh[3];
        param_21[4] = _1073_sh[4];
        param_21[5] = _1073_sh[5];
        param_21[6] = _1073_sh[6];
        param_21[7] = _1073_sh[7];
        param_21[8] = _1073_sh[8];
        float param_22 = _1073_ibl_params.x;
        out_color = float4((brdf_evaluate(param_7, param_8, param_9, param_10, param_11, param_12, param_13) + (pbrEvaluateAmbient(param_14, param_15, param_16, param_17, param_18, param_19, param_20, param_21, tex_ibl_spec, smp_ibl_spec, tex_brdf_lut, smp_brdf_lut, param_22) * _1422)) * v_base_color.w, v_base_color.w);
    }

    SPIRV_Cross_Output main(SPIRV_Cross_Input stage_input)
    {
        gl_FragCoord = stage_input.gl_FragCoord;
        gl_FragCoord.w = 1.0 / gl_FragCoord.w;
        v_view_pos = stage_input.v_view_pos;
        v_world_pos = stage_input.v_world_pos;
        v_base_color = stage_input.v_base_color;
        v_material = stage_input.v_material;
        frag_main();
        SPIRV_Cross_Output stage_output;
        stage_output.out_color = out_color;
        return stage_output;
    }
*/
static const uint8_t fs_source_hlsl5[17663] = {
    0x63,0x62,0x75,0x66,0x66,0x65,0x72,0x20,0x75,0x62,0x5f,0x70,0x61,0x73,0x73,0x20,
    0x3a,0x20,0x72,0x65,0x67,0x69,0x73,0x74,0x65,0x72,0x28,0x62,0x31,0x29,0x0a,0x7b,
    0x0a,0x20,0x20,0x20,0x20,0x66,0x6c,0x6f,0x61,0x74,0x34,0x20,0x5f,0x31,0x30,0x37,
    0x33,0x5f,0x73,0x75,0x6e,0x5f,0x64,0x69,0x72,0x5f,0x76,0x69,0x65,0x77,0x20,0x3a,
    0x20,0x70,0x61,0x63,0x6b,0x6f,0x66,0x66,0x73,0x65,0x74,0x28,0x63,0x30,0x29,0x3b,
    0x0a,0x20,0x20,0x20,0x20,0x66,0x6c,0x6f,0x61,0x74,0x34,0x20,0x5f,0x31,0x30,0x37,
    0x33,0x5f,0x73,0x75,0x6e,0x5f,0x63,0x6f,0x6c,0x6f,0x72,0x20,0x3a,0x20,0x70,0x61,
    0x63,0x6b,0x6f,0x66,0x66,0x73,0x65,0x74,0x28,0x63,0x31,0x29,0x3b,0x0a,0x20,0x20,
    0x20,0x20,0x69,0x6e,0x74,0x34,0x20,0x5f,0x31,0x30,0x37,0x33,0x5f,0x66,0x6c,0x61,
    0x67,0x73,0x20,0x3a,0x20,0x70,0x61,0x63,0x6b,0x6f,0x66,0x66,0x73,0x65,0x74,0x28,
    0x63,0x32,0x29,0x3b,0x0a,0x20,0x20,0x20,0x20,0x66,0x6c,0x6f,0x61,0x74,0x34,0x20,
    0x5f,0x31,0x30,0x37,0x33,0x5f,0x63,0x61,0x73,0x63,0x61,0x64,0x65,0x5f,0x66,0x61,
    0x72,0x5f,0x76,0x69,0x65,0x77,0x5f,0x7a,0x20,0x3a,0x20,0x70,0x61,0x63,0x6b,0x6f,
    0x66,0x66,0x73,0x65,0x74,0x28,0x63,0x33,0x29,0x3b,0x0a,0x20,0x20,0x20,0x20,0x66,
    0x6c,0x6f,0x61,0x74,0x34,0x20,0x5f,0x31,0x30,0x37,0x33,0x5f,0x63,0x61,0x73,0x63,
    0x61,0x64,0x65,0x5f,0x74,0x65,0x78,0x65,0x6c,0x5f,0x77,0x6f,0x72,0x6c,0x64,0x20,
    0x3a,0x20,0x70,0x61,0x63,0x6b,0x6f,0x66,0x66,0x73,0x65,0x74,0x28,0x63,0x34,0x29,
    0x3b,0x0a,0x20,0x20,0x20,0x20,0x66,0x6c,0x6f,0x61,0x74,0x34,0x20,0x5f,0x31,0x30,
    0x37,0x33,0x5f,0x63,0x61,0x73,0x63,0x61,0x64,0x65,0x5f,0x64,0x65,0x70,0x74,0x68,
    0x5f,0x62,0x69,0x61,0x73,0x20,0x3a,0x20,0x70,0x61,0x63,0x6b,0x6f,0x66,0x66,0x73,
    0x65,0x74,0x28,0x63,0x35,0x29,0x3b,0x0a,0x20,0x20,0x20,0x20,0x66,0x6c,0x6f,0x61,
    0x74,0x34,0x20,0x5f,0x31,0x30,0x37,0x33,0x5f,0x73,0x68,0x61,0x64,0x6f,0x77,0x5f,
    0x70,0x61,0x72,0x61,0x6d,0x73,0x20,0x3a,0x20,0x70,0x61,0x63,0x6b,0x6f,0x66,0x66,
    0x73,0x65,0x74,0x28,0x63,0x36,0x29,0x3b,0x0a,0x20,0x20,0x20,0x20,0x72,0x6f,0x77,
    0x5f,0x6d,0x61,0x6a,0x6f,0x72,0x20,0x66,0x6c,0x6f,0x61,0x74,0x34,0x78,0x34,0x20,
    0x5f,0x31,0x30,0x37,0x33,0x5f,0x63,0x61,0x73,0x63,0x61,0x64,0x65,0x5f,0x6d,0x61,
    0x74,0x72,0x69,0x63,0x65,0x73,0x5b,0x34,0x5d,0x20,0x3a,0x20,0x70,0x61,0x63,0x6b,
    0x6f,0x66,0x66,0x73,0x65,0x74,0x28,0x63,0x37,0x29,0x3b,0x0a,0x20,0x20,0x20,0x20,
    0x72,0x6f,0x77,0x5f,0x6d,0x61,0x6a,0x6f,0x72,0x20,0x66,0x6c,0x6f,0x61,0x74,0x34,
    0x78,0x34,0x20,0x5f,0x31,0x30,0x37,0x33,0x5f,0x76,0x69,0x65,0x77,0x20,0x3a,0x20,
    0x70,0x61,0x63,0x6b,0x6f,0x66,0x66,0x73,0x65,0x74,0x28,0x63,0x32,0x33,0x29,0x3b,
    0x0a,0x20,0x20,0x20,0x20,0x66,0x6c,0x6f,0x61,0x74,0x34,0x20,0x5f,0x31,0x30,0x37,
    0x33,0x5f,0x63,0x61,0x6d,0x65,0x72,0x61,0x5f,0x70,0x6f,0x73,0x5f,0x77,0x6f,0x72,
    0x6c,0x64,0x20,0x3a,0x20,0x70,0x61,0x63,0x6b,0x6f,0x66,0x66,0x73,0x65,0x74,0x28,
    0x63,0x32,0x37,0x29,0x3b,0x0a,0x20,0x20,0x20,0x20,0x66,0x6c,0x6f,0x61,0x74,0x34,
    0x20,0x5f,0x31,0x30,0x37,0x33,0x5f,0x73,0x68,0x5b,0x39,0x5d,0x20,0x3a,0x20,0x70,
    0x61,0x63,0x6b,0x6f,0x66,0x66,0x73,0x65,0x74,0x28,0x63,0x32,0x38,0x29,0x3b,0x0a,
    0x20,0x20,0x20,0x20,0x66,0x6c,0x6f,0x61,0x74,0x34,0x20,0x5f,0x31,0x30,0x37,0x33,
    0x5f,0x69,0x62,0x6c,0x5f,0x70,0x61,0x72,0x61,0x6d,0x73,0x20,0x3a,0x20,0x70,0x61,
    0x63,0x6b,0x6f,0x66,0x66,0x73,0x65,0x74,0x28,0x63,0x33,0x37,0x29,0x3b,0x0a,0x7d,
    0x3b,0x0a,0x0a,0x54,0x65,0x78,0x74,0x75,0x72,0x65,0x32,0x44,0x41,0x72,0x72,0x61,
    0x79,0x3c,0x66,0x6c,0x6f,0x61,0x74,0x34,0x3e,0x20,0x74,0x65,0x78,0x5f,0x73,0x68,
    0x61,0x64,0x6f,0x77,0x20,0x3a,0x20,0x72,0x65,0x67,0x69,0x73,0x74,0x65,0x72,0x28,
    0x74,0x30,0x29,0x3b,0x0a,0x53,0x61,0x6d,0x70,0x6c,0x65,0x72,0x43,0x6f,0x6d,0x70,
    0x61,0x72,0x69,0x73,0x6f,0x6e,0x53,0x74,0x61,0x74,0x65,0x20,0x73,0x6d,0x70,0x5f,
    0x73,0x68,0x61,0x64,0x6f,0x77,0x20,0x3a,0x20,0x72,0x65,0x67,0x69,0x73,0x74,0x65,
    0x72,0x28,0x73,0x30,0x29,0x3b,0x0a,0x54,0x65,0x78,0x74,0x75,0x72,0x65,0x32,0x44,
    0x3c,0x66,0x6c,0x6f,0x61,0x74,0x34,0x3e,0x20,0x74,0x65,0x78,0x5f,0x61,0x6f,0x20,
    0x3a,0x20,0x72,0x65,0x67,0x69,0x73,0x74,0x65,0x72,0x28,0x74,0x33,0x29,0x3b,0x0a,
    0x53,0x61,0x6d,0x70,0x6c,0x65,0x72,0x53,0x74,0x61,0x74,0x65,0x20,0x73,0x6d,0x70,
    0x5f,0x61,0x6f,0x20,0x3a,0x20,0x72,0x65,0x67,0x69,0x73,0x74,0x65,0x72,0x28,0x73,
    0x33,0x29,0x3b,0x0a,0x54,0x65,0x78,0x74,0x75,0x72,0x65,0x43,0x75,0x62,0x65,0x3c,
    0x66,0x6c,0x6f,0x61,0x74,0x34,0x3e,0x20,0x74,0x65,0x78,0x5f,0x69,0x62,0x6c,0x5f,
    0x73,0x70,0x65,0x63,0x20,0x3a,0x20,0x72,0x65,0x67,0x69,0x73,0x74,0x65,0x72,0x28,
    0x74,0x31,0x29,0x3b,0x0a,0x53,0x61,0x6d,0x70,0x6c,0x65,0x72,0x53,0x74,0x61,0x74,
    0x65,0x20,0x73,0x6d,0x70,0x5f,0x69,0x62,0x6c,0x5f,0x73,0x70,0x65,0x63,0x20,0x3a,
    0x20,0x72,0x65,0x67,0x69,0x73,0x74,0x65,0x72,0x28,0x73,0x31,0x29,0x3b,0x0a,0x54,
    0x65,0x78,0x74,0x75,0x72,0x65,0x32,0x44,0x3c,0x66,0x6c,0x6f,0x61,0x74,0x34,0x3e,
    0x20,0x74,0x65,0x78,0x5f,0x62,0x72,0x64,0x66,0x5f,0x6c,0x75,0x74,0x20,0x3a,0x20,
    0x72,0x65,0x67,0x69,0x73,0x74,0x65,0x72,0x28,0x74,0x32,0x29,0x3b,0x0a,0x53,0x61,
    0x6d,0x70,0x6c,0x65,0x72,0x53,0x74,0x61,0x74,0x65,0x20,0x73,0x6d,0x70,0x5f,0x62,
    0x72,0x64,0x66,0x5f,0x6c,0x75,0x74,0x20,0x3a,0x20,0x72,0x65,0x67,0x69,0x73,0x74,
    0x65,0x72,0x28,0x73,0x32,0x29,0x3b,0x0a,0x0a,0x73,0x74,0x61,0x74,0x69,0x63,0x20,
    0x66,0x6c,0x6f,0x61,0x74,0x34,0x20,0x67,0x6c,0x5f,0x46,0x72,0x61,0x67,0x43,0x6f,
    0x6f,0x72,0x64,0x3b,0x0a,0x73,0x74,0x61,0x74,0x69,0x63,0x20,0x66,0x6c,0x6f,0x61,
    0x74,0x33,0x20,0x76,0x5f,0x76,0x69,0x65,0x77,0x5f,0x70,0x6f,0x73,0x3b,0x0a,0x73,
    0x74,0x61,0x74,0x69,0x63,0x20,0x66,0x6c,0x6f,0x61,0x74,0x34,0x20,0x6f,0x75,0x74,
    0x5f,0x63,0x6f,0x6c,0x6f,0x72,0x3b,0x0a,0x73,0x74,0x61,0x74,0x69,0x63,0x20,0x66,
    0x6c,0x6f,0x61,0x74,0x33,0x20,0x76,0x5f,0x77,0x6f,0x72,0x6c,0x64,0x5f,0x70,0x6f,
    0x73,0x3b,0x0a,0x73,0x74,0x61,0x74,0x69,0x63,0x20,0x66,0x6c,0x6f,0x61,0x74,0x34,
    0x20,0x76,0x5f,0x62,0x61,0x73,0x65,0x5f,0x63,0x6f,0x6c,0x6f,0x72,0x3b,0x0a,0x73,
    0x74,0x61,0x74,0x69,0x63,0x20,0x66,0x6c,0x6f,0x61,0x74,0x34,0x20,0x76,0x5f,0x6d,
    0x61,0x74,0x65,0x72,0x69,0x61,0x6c,0x3b,0x0a,0x0a,0x73,0x74,0x72,0x75,0x63,0x74,
    0x20,0x53,0x50,0x49,0x52,0x56,0x5f,0x43,0x72,0x6f,0x73,0x73,0x5f,0x49,0x6e,0x70,
    0x75,0x74,0x0a,0x7b,0x0a,0x20,0x20,0x20,0x20,0x66,0x6c,0x6f,0x61,0x74,0x33,0x20,
    0x76,0x5f,0x76,0x69,0x65,0x77,0x5f,0x70,0x6f,0x73,0x20,0x3a,0x20,0x54,0x45,0x58,
    0x43,0x4f,0x4f,0x52,0x44,0x30,0x3b,0x0a,0x20,0x20,0x20,0x20,0x66,0x6c,0x6f,0x61,
    0x74,0x33,0x20,0x76,0x5f,0x77,0x6f,0x72,0x6c,0x64,0x5f,0x70,0x6f,0x73,0x20,0x3a,
    0x20,0x54,0x45,0x58,0x43,0x4f,0x4f,0x52,0x44,0x31,0x3b,0x0a,0x20,0x20,0x20,0x20,
    0x6e,0x6f,0x69,0x6e,0x74,0x65,0x72,0x70,0x6f,0x6c,0x61,0x74,0x69,0x6f,0x6e,0x20,
    0x66,0x6c,0x6f,0x61,0x74,0x34,0x20,0x76,0x5f,0x62,0x61,0x73,0x65,0x5f,0x63,0x6f,
    0x6c,0x6f,0x72,0x20,0x3a,0x20,0x54,0x45,0x58,0x43,0x4f,0x4f,0x52,0x44,0x32,0x3b,
    0x0a,0x20,0x20,0x20,0x20,0x6e,0x6f,0x69,0x6e,0x74,0x65,0x72,0x70,0x6f,0x6c,0x61,
    0x74,0x69,0x6f,0x6e,0x20,0x66,0x6c,0x6f,0x61,0x74,0x34,0x20,0x76,0x5f,0x6d,0x61,
    0x74,0x65,0x72,0x69,0x61,0x6c,0x20,0x3a,0x20,0x54,0x45,0x58,0x43,0x4f,0x4f,0x52,
    0x44,0x33,0x3b,0x0a,0x20,0x20,0x20,0x20,0x66,0x6c,0x6f,0x61,0x74,0x34,0x20,0x67,
    0x6c,0x5f,0x46,0x72,0x61,0x67,0x43,0x6f,0x6f,0x72,0x64,0x20,0x3a,0x20,0x53,0x56,
    0x5f,0x50,0x6f,0x73,0x69,0x74,0x69,0x6f,0x6e,0x3b,0x0a,0x7d,0x3b,0x0a,0x0a,0x73,
    0x74,0x72,0x75,0x63,0x74,0x20,0x53,0x50,0x49,0x52,0x56,0x5f,0x43,0x72,0x6f,0x73,
    0x73,0x5f,0x4f,0x75,0x74,0x70,0x75,0x74,0x0a,0x7b,0x0a,0x20,0x20,0x20,0x20,0x66,
    0x6c,0x6f,0x61,0x74,0x34,0x20,0x6f,0x75,0x74,0x5f,0x63,0x6f,0x6c,0x6f,0x72,0x20,
    0x3a,0x20,0x53,0x56,0x5f,0x54,0x61,0x72,0x67,0x65,0x74,0x30,0x3b,0x0a,0x7d,0x3b,
    0x0a,0x0a,0x75,0x69,0x6e,0x74,0x32,0x20,0x73,0x70,0x76,0x54,0x65,0x78,0x74,0x75,
    0x72,0x65,0x53,0x69,0x7a,0x65,0x28,0x54,0x65,0x78,0x74,0x75,0x72,0x65,0x32,0x44,
    0x3c,0x66,0x6c,0x6f,0x61,0x74,0x34,0x3e,0x20,0x54,0x65,0x78,0x2c,0x20,0x75,0x69,
    0x6e,0x74,0x20,0x4c,0x65,0x76,0x65,0x6c,0x2c,0x20,0x6f,0x75,0x74,0x20,0x75,0x69,
    0x6e,0x74,0x20,0x50,0x61,0x72,0x61,0x6d,0x29,0x0a,0x7b,0x0a,0x20,0x20,0x20,0x20,
    0x75,0x69,0x6e,0x74,0x32,0x20,0x72,0x65,0x74,0x3b,0x0a,0x20,0x20,0x20,0x20,0x54,
    0x65,0x78,0x2e,0x47,0x65,0x74,0x44,0x69,0x6d,0x65,0x6e,0x73,0x69,0x6f,0x6e,0x73,
    0x28,0x4c,0x65,0x76,0x65,0x6c,0x2c,0x20,0x72,0x65,0x74,0x2e,0x78,0x2c,0x20,0x72,
    0x65,0x74,0x2e,0x79,0x2c,0x20,0x50,0x61,0x72,0x61,0x6d,0x29,0x3b,0x0a,0x20,0x20,
    0x20,0x20,0x72,0x65,0x74,0x75,0x72,0x6e,0x20,0x72,0x65,0x74,0x3b,0x0a,0x7d,0x0a,
    0x0a,0x69,0x6e,0x74,0x20,0x73,0x65,0x6c,0x65,0x63,0x74,0x53,0x68,0x61,0x64,0x6f,
    0x77,0x43,0x61,0x73,0x63,0x61,0x64,0x65,0x28,0x66,0x6c,0x6f,0x61,0x74,0x34,0x20,
    0x66,0x61,0x72,0x5f,0x76,0x69,0x65,0x77,0x5f,0x7a,0x2c,0x20,0x66,0x6c,0x6f,0x61,
    0x74,0x20,0x76,0x69,0x65,0x77,0x5f,0x7a,0x29,0x0a,0x7b,0x0a,0x20,0x20,0x20,0x20,
    0x69,0x6e,0x74,0x20,0x63,0x61,0x73,0x63,0x61,0x64,0x65,0x20,0x3d,0x20,0x33,0x3b,
    0x0a,0x20,0x20,0x20,0x20,0x66,0x6f,0x72,0x20,0x28,0x69,0x6e,0x74,0x20,0x69,0x20,
    0x3d,0x20,0x30,0x3b,0x20,0x69,0x20,0x3c,0x20,0x33,0x3b,0x20,0x69,0x2b,0x2b,0x29,
    0x0a,0x20,0x20,0x20,0x20,0x7b,0x0a,0x20,0x20,0x20,0x20,0x20,0x20,0x20,0x20,0x69,
    0x66,0x20,0x28,0x76,0x69,0x65,0x77,0x5f,0x7a,0x20,0x3c,0x20,0x66,0x61,0x72,0x5f,
    0x76,0x69,0x65,0x77,0x5f,0x7a,0x5b,0x69,0x5d,0x29,0x0a,0x20,0x20,0x20,0x20,0x20,
    0x20,0x20,0x20,0x7b,0x0a,0x20,0x20,0x20,0x20,0x20,0x20,0x20,0x20,0x20,0x20,0x20,
    0x20,0x63,0x61,0x73,0x63,0x61,0x64,0x65,0x20,0x3d,0x20,0x69,0x3b,0x0a,0x20,0x20,
    0x20,0x20,0x20,0x20,0x20,0x20,0x20,0x20,0x20,0x20,0x62,0x72,0x65,0x61,0x6b,0x3b,
    0x0a,0x20,0x20,0x20,0x20,0x20,0x20,0x20,0x20,0x7d,0x0a,0x20,0x20,0x20,0x20,0x7d,
    0x0a,0x20,0x20,0x20,0x20,0x72,0x65,0x74,0x75,0x72,0x6e,0x20,0x63,0x61,0x73,0x63,
    0x61,0x64,0x65,0x3b,0x0a,0x7d,0x0a,0x0a,0x66,0x6c,0x6f,0x61,0x74,0x33,0x20,0x73,
    0x68,0x61,0x64,0x6f,0x77,0x43,0x61,0x73,0x63,0x61,0x64,0x65,0x54,0x69,0x6e,0x74,
    0x28,0x69,0x6e,0x74,0x20,0x63,0x61,0x73,0x63,0x61,0x64,0x65,0x29,0x0a,0x7b,0x0a,
    0x20,0x20,0x20,0x20,0x69,0x66,0x20,0x28,0x63,0x61,0x73,0x63,0x61,0x64,0x65,0x20,
    0x3d,0x3d,0x20,0x30,0x29,0x0a,0x20,0x20,0x20,0x20,0x7b,0x0a,0x20,0x20,0x20,0x20,
    0x20,0x20,0x20,0x20,0x72,0x65,0x74,0x75,0x72,0x6e,0x20,0x66,0x6c,0x6f,0x61,0x74,
    0x33,0x28,0x31,0x2e,0x30,0x66,0x2c,0x20,0x30,0x2e,0x34,0x30,0x30,0x30,0x30,0x30,
    0x30,0x30,0x35,0x39,0x36,0x30,0x34,0x36,0x34,0x34,0x37,0x37,0x35,0x33,0x39,0x30,
    0x36,0x32,0x35,0x66,0x2c,0x20,0x30,0x2e,0x34,0x30,0x30,0x30,0x30,0x30,0x30,0x30,
    0x35,0x39,0x36,0x30,0x34,0x36,0x34,0x34,0x37,0x37,0x35,0x33,0x39,0x30,0x36,0x32,
    0x35,0x66,0x29,0x3b,0x0a,0x20,0x20,0x20,0x20,0x7d,0x0a,0x20,0x20,0x20,0x20,0x69,
    0x66,0x20,0x28,0x63,0x61,0x73,0x63,0x61,0x64,0x65,0x20,0x3d,0x3d,0x20,0x31,0x29,
    0x0a,0x20,0x20,0x20,0x20,0x7b,0x0a,0x20,0x20,0x20,0x20,0x20,0x20,0x20,0x20,0x72,
    0x65,0x74,0x75,0x72,0x6e,0x20,0x66,0x6c,0x6f,0x61,0x74,0x33,0x28,0x30,0x2e,0x34,
    0x30,0x30,0x30,0x30,0x30,0x30,0x30,0x35,0x39,0x36,0x30,0x34,0x36,0x34,0x34,0x37,
    0x37,0x35,0x33,0x39,0x30,0x36,0x32,0x35,0x66,0x2c,0x20,0x31,0x2e,0x30,0x66,0x2c,
    0x20,0x30,0x2e,0x34,0x30,0x30,0x30,0x30,0x30,0x30,0x30,0x35,0x39,0x36,0x30,0x34,
    0x36,0x34,0x34,0x37,0x37,0x35,0x33,0x39,0x30,0x36,0x32,0x35,0x66,0x29,0x3b,0x0a,
    0x20,0x20,0x20,0x20,0x7d,0x0a,0x20,0x20,0x20,0x20,0x69,0x66,0x20,0x28,0x63,0x61,
    0x73,0x63,0x61,0x64,0x65,0x20,0x3d,0x3d,0x20,0x32,0x29,0x0a,0x20,0x20,0x20,0x20,
    0x7b,0x0a,0x20,0x20,0x20,0x20,0x20,0x20,0x20,0x20,0x72,0x65,0x74,0x75,0x72,0x6e,
    0x20,0x66,0x6c,0x6f,0x61,0x74,0x33,0x28,0x30,0x2e,0x34,0x30,0x30,0x30,0x30,0x30,
    0x30,0x30,0x35,0x39,0x36,0x30,0x34,0x36,0x34,0x34,0x37,0x37,0x35,0x33,0x39,0x30,
    0x36,0x32,0x35,0x66,0x2c,0x20,0x30,0x2e,0x34,0x30,0x30,0x30,0x30,0x30,0x30,0x30,
    0x35,0x39,0x36,0x30,0x34,0x36,0x34,0x34,0x37,0x37,0x35,0x33,0x39,0x30,0x36,0x32,
    0x35,0x66,0x2c,0x20,0x31,0x2e,0x30,0x66,0x29,0x3b,0x0a,0x20,0x20,0x20,0x20,0x7d,
    0x0a,0x20,0x20,0x20,0x20,0x72,0x65,0x74,0x75,0x72,0x6e,0x20,0x66,0x6c,0x6f,0x61,
    0x74,0x33,0x28,0x31,0x2e,0x30,0x66,0x2c,0x20,0x30,0x2e,0x38,0x39,0x39,0x39,0x39,
    0x39,0x39,0x37,0x36,0x31,0x35,0x38,0x31,0x34,0x32,0x30,0x38,0x39,0x38,0x34,0x33,
    0x37,0x35,0x66,0x2c,0x20,0x30,0x2e,0x33,0x30,0x30,0x30,0x30,0x30,0x30,0x31,0x31,
    0x39,0x32,0x30,0x39,0x32,0x38,0x39,0x35,0x35,0x30,0x37,0x38,0x31,0x32,0x35,0x66,
    0x29,0x3b,0x0a,0x7d,0x0a,0x0a,0x66,0x6c,0x6f,0x61,0x74,0x20,0x73,0x61,0x6d,0x70,
    0x6c,0x65,0x53,0x68,0x61,0x64,0x6f,0x77,0x54,0x61,0x70,0x28,0x54,0x65,0x78,0x74,
    0x75,0x72,0x65,0x32,0x44,0x41,0x72,0x72,0x61,0x79,0x3c,0x66,0x6c,0x6f,0x61,0x74,
    0x34,0x3e,0x20,0x74,0x65,0x78,0x2c,0x20,0x53,0x61,0x6d,0x70,0x6c,0x65,0x72,0x43,
    0x6f,0x6d,0x70,0x61,0x72,0x69,0x73,0x6f,0x6e,0x53,0x74,0x61,0x74,0x65,0x20,0x73,
    0x6d,0x70,0x2c,0x20,0x66,0x6c,0x6f,0x61,0x74,0x32,0x20,0x75,0x76,0x2c,0x20,0x66,
    0x6c,0x6f,0x61,0x74,0x20,0x6c,0x61,0x79,0x65,0x72,0x2c,0x20,0x66,0x6c,0x6f,0x61,
    0x74,0x20,0x72,0x65,0x66,0x5f,0x7a,0x29,0x0a,0x7b,0x0a,0x20,0x20,0x20,0x20,0x72,
    0x65,0x74,0x75,0x72,0x6e,0x20,0x74,0x65,0x78,0x2e,0x53,0x61,0x6d,0x70,0x6c,0x65,
    0x43,0x6d,0x70,0x28,0x73,0x6d,0x70,0x2c,0x20,0x66,0x6c,0x6f,0x61,0x74,0x34,0x28,
    0x75,0x76,0x2c,0x20,0x6c,0x61,0x79,0x65,0x72,0x2c,0x20,0x72,0x65,0x66,0x5f,0x7a,
    0x29,0x2e,0x78,0x79,0x7a,0x2c,0x20,0x72,0x65,0x66,0x5f,0x7a,0x29,0x3b,0x0a,0x7d,
    0x0a,0x0a,0x66,0x6c,0x6f,0x61,0x74,0x20,0x73,0x61,0x6d,0x70,0x6c,0x65,0x53,0x68,
    0x61,0x64,0x6f,0x77,0x50,0x43,0x46,0x28,0x54,0x65,0x78,0x74,0x75,0x72,0x65,0x32,
    0x44,0x41,0x72,0x72,0x61,0x79,0x3c,0x66,0x6c,0x6f,0x61,0x74,0x34,0x3e,0x20,0x74,
    0x65,0x78,0x2c,0x20,0x53,0x61,0x6d,0x70,0x6c,0x65,0x72,0x43,0x6f,0x6d,0x70,0x61,
    0x72,0x69,0x73,0x6f,0x6e,0x53,0x74,0x61,0x74,0x65,0x20,0x73,0x6d,0x70,0x2c,0x20,
    0x69,0x6e,0x74,0x20,0x63,0x61,0x73,0x63,0x61,0x64,0x65,0x2c,0x20,0x66,0x6c,0x6f,
    0x61,0x74,0x33,0x20,0x6c,0x69,0x67,0x68,0x74,0x5f,0x75,0x76,0x2c,0x20,0x66,0x6c,
    0x6f,0x61,0x74,0x20,0x62,0x69,0x61,0x73,0x2c,0x20,0x66,0x6c,0x6f,0x61,0x74,0x20,
    0x73,0x63,0x61,0x6c,0x65,0x2c,0x20,0x66,0x6c,0x6f,0x61,0x74,0x20,0x69,0x6e,0x76,
    0x5f,0x73,0x69,0x7a,0x65,0x29,0x0a,0x7b,0x0a,0x20,0x20,0x20,0x20,0x66,0x6c,0x6f,
    0x61,0x74,0x20,0x5f,0x36,0x31,0x37,0x20,0x3d,0x20,0x66,0x6c,0x6f,0x61,0x74,0x28,
    0x63,0x61,0x73,0x63,0x61,0x64,0x65,0x29,0x3b,0x0a,0x20,0x20,0x20,0x20,0x66,0x6c,
    0x6f,0x61,0x74,0x20,0x5f,0x36,0x32,0x32,0x20,0x3d,0x20,0x6c,0x69,0x67,0x68,0x74,
    0x5f,0x75,0x76,0x2e,0x7a,0x20,0x2d,0x20,0x62,0x69,0x61,0x73,0x3b,0x0a,0x20,0x20,
    0x20,0x20,0x66,0x6c,0x6f,0x61,0x74,0x32,0x20,0x5f,0x36,0x32,0x37,0x20,0x3d,0x20,
    0x6c,0x69,0x67,0x68,0x74,0x5f,0x75,0x76,0x2e,0x78,0x79,0x20,0x2a,0x20,0x28,0x31,
    0x2e,0x30,0x66,0x20,0x2f,0x20,0x69,0x6e,0x76,0x5f,0x73,0x69,0x7a,0x65,0x29,0x3b,
    0x0a,0x20,0x20,0x20,0x20,0x66,0x6c,0x6f,0x61,0x74,0x32,0x20,0x5f,0x36,0x33,0x32,
    0x20,0x3d,0x20,0x66,0x6c,0x6f,0x6f,0x72,0x28,0x5f,0x36,0x32,0x37,0x20,0x2b,0x20,
    0x30,0x2e,0x35,0x66,0x2e,0x78,0x78,0x29,0x3b,0x0a,0x20,0x20,0x20,0x20,0x66,0x6c,
    0x6f,0x61,0x74,0x20,0x5f,0x36,0x33,0x39,0x20,0x3d,0x20,0x28,0x5f,0x36,0x32,0x37,
    0x2e,0x78,0x20,0x2b,0x20,0x30,0x2e,0x35,0x66,0x29,0x20,0x2d,0x20,0x5f,0x36,0x33,
    0x32,0x2e,0x78,0x3b,0x0a,0x20,0x20,0x20,0x20,0x66,0x6c,0x6f,0x61,0x74,0x20,0x5f,
    0x36,0x34,0x36,0x20,0x3d,0x20,0x28,0x5f,0x36,0x32,0x37,0x2e,0x79,0x20,0x2b,0x20,
    0x30,0x2e,0x35,0x66,0x29,0x20,0x2d,0x20,0x5f,0x36,0x33,0x32,0x2e,0x79,0x3b,0x0a,
    0x20,0x20,0x20,0x20,0x66,0x6c,0x6f,0x61,0x74,0x32,0x20,0x5f,0x36,0x35,0x31,0x20,
    0x3d,0x20,0x28,0x5f,0x36,0x33,0x32,0x20,0x2d,0x20,0x30,0x2e,0x35,0x66,0x2e,0x78,
    0x78,0x29,0x20,0x2a,0x20,0x69,0x6e,0x76,0x5f,0x73,0x69,0x7a,0x65,0x3b,0x0a,0x20,
    0x20,0x20,0x20,0x66,0x6c,0x6f,0x61,0x74,0x20,0x5f,0x36,0x35,0x35,0x20,0x3d,0x20,
    0x69,0x6e,0x76,0x5f,0x73,0x69,0x7a,0x65,0x20,0x2a,0x20,0x73,0x63,0x61,0x6c,0x65,
    0x3b,0x0a,0x20,0x20,0x20,0x20,0x66,0x6c,0x6f,0x61,0x74,0x20,0x5f,0x36,0x35,0x38,
    0x20,0x3d,0x20,0x35,0x2e,0x30,0x66,0x20,0x2a,0x20,0x5f,0x36,0x33,0x39,0x3b,0x0a,
    0x20,0x20,0x20,0x20,0x66,0x6c,0x6f,0x61,0x74,0x20,0x5f,0x36,0x36,0x30,0x20,0x3d,
    0x20,0x5f,0x36,0x35,0x38,0x20,0x2d,0x20,0x36,0x2e,0x30,0x66,0x3b,0x0a,0x20,0x20,
    0x20,0x20,0x66,0x6c,0x6f,0x61,0x74,0x20,0x5f,0x36,0x36,0x34,0x20,0x3d,0x20,0x31,
    0x31,0x2e,0x30,0x66,0x20,0x2a,0x20,0x5f,0x36,0x33,0x39,0x3b,0x0a,0x20,0x20,0x20,
    0x20,0x66,0x6c,0x6f,0x61,0x74,0x20,0x5f,0x36,0x36,0x36,0x20,0x3d,0x20,0x5f,0x36,
    0x36,0x34,0x20,0x2d,0x20,0x32,0x38,0x2e,0x30,0x66,0x3b,0x0a,0x20,0x20,0x20,0x20,
    0x66,0x6c,0x6f,0x61,0x74,0x20,0x5f,0x36,0x37,0x32,0x20,0x3d,0x20,0x28,0x2d,0x31,
    0x37,0x2e,0x30,0x66,0x29,0x20,0x2d,0x20,0x5f,0x36,0x36,0x34,0x3b,0x0a,0x20,0x20,
    0x20,0x20,0x66,0x6c,0x6f,0x61,0x74,0x20,0x5f,0x36,0x37,0x37,0x20,0x3d,0x20,0x28,
    0x2d,0x31,0x2e,0x30,0x66,0x29,0x20,0x2d,0x20,0x5f,0x36,0x35,0x38,0x3b,0x0a,0x20,
    0x20,0x20,0x20,0x66,0x6c,0x6f,0x61,0x74,0x20,0x5f,0x36,0x38,0x31,0x20,0x3d,0x20,
    0x34,0x2e,0x30,0x66,0x20,0x2a,0x20,0x5f,0x36,0x33,0x39,0x3b,0x0a,0x20,0x20,0x20,
    0x20,0x66,0x6c,0x6f,0x61,0x74,0x20,0x5f,0x36,0x38,0x35,0x20,0x3d,0x20,0x28,0x28,
    0x5f,0x36,0x38,0x31,0x20,0x2d,0x20,0x35,0x2e,0x30,0x66,0x29,0x20,0x2f,0x20,0x5f,
    0x36,0x36,0x30,0x29,0x20,0x2d,0x20,0x33,0x2e,0x30,0x66,0x3b,0x0a,0x20,0x20,0x20,
    0x20,0x66,0x6c,0x6f,0x61,0x74,0x20,0x5f,0x36,0x39,0x33,0x20,0x3d,0x20,0x28,0x28,
    0x5f,0x36,0x38,0x31,0x20,0x2d,0x20,0x31,0x36,0x2e,0x30,0x66,0x29,0x20,0x2f,0x20,
    0x5f,0x36,0x36,0x36,0x29,0x20,0x2d,0x20,0x31,0x2e,0x30,0x66,0x3b,0x0a,0x20,0x20,
    0x20,0x20,0x66,0x6c,0x6f,0x61,0x74,0x20,0x5f,0x37,0x30,0x32,0x20,0x3d,0x20,0x28,
    0x28,0x28,0x2d,0x35,0x2e,0x30,0x66,0x29,0x20,0x2d,0x20,0x28,0x37,0x2e,0x30,0x66,
    0x20,0x2a,0x20,0x5f,0x36,0x33,0x39,0x29,0x29,0x20,0x2f,0x20,0x5f,0x36,0x37,0x32,
    0x29,0x20,0x2b,0x20,0x31,0x2e,0x30,0x66,0x3b,0x0a,0x20,0x20,0x20,0x20,0x66,0x6c,
    0x6f,0x61,0x74,0x20,0x5f,0x37,0x30,0x38,0x20,0x3d,0x20,0x28,0x28,0x2d,0x5f,0x36,
    0x33,0x39,0x29,0x20,0x2f,0x20,0x5f,0x36,0x37,0x37,0x29,0x20,0x2b,0x20,0x33,0x2e,
    0x30,0x66,0x3b,0x0a,0x20,0x20,0x20,0x20,0x66,0x6c,0x6f,0x61,0x74,0x20,0x5f,0x37,
    0x31,0x31,0x20,0x3d,0x20,0x35,0x2e,0x30,0x66,0x20,0x2a,0x20,0x5f,0x36,0x34,0x36,
    0x3b,0x0a,0x20,0x20,0x20,0x20,0x66,0x6c,0x6f,0x61,0x74,0x20,0x5f,0x37,0x31,0x32,
    0x20,0x3d,0x20,0x5f,0x37,0x31,0x31,0x20,0x2d,0x20,0x36,0x2e,0x30,0x66,0x3b,0x0a,
    0x20,0x20,0x20,0x20,0x66,0x6c,0x6f,0x61,0x74,0x20,0x5f,0x37,0x31,0x35,0x20,0x3d,
    0x20,0x31,0x31,0x2e,0x30,0x66,0x20,0x2a,0x20,0x5f,0x36,0x34,0x36,0x3b,0x0a,0x20,
    0x20,0x20,0x20,0x66,0x6c,0x6f,0x61,0x74,0x20,0x5f,0x37,0x31,0x36,0x20,0x3d,0x20,
    0x5f,0x37,0x31,0x35,0x20,0x2d,0x20,0x32,0x38,0x2e,0x30,0x66,0x3b,0x0a,0x20,0x20,
    0x20,0x20,0x66,0x6c,0x6f,0x61,0x74,0x20,0x5f,0x37,0x32,0x31,0x20,0x3d,0x20,0x28,
    0x2d,0x31,0x37,0x2e,0x30,0x66,0x29,0x20,0x2d,0x20,0x5f,0x37,0x31,0x35,0x3b,0x0a,
    0x20,0x20,0x20,0x20,0x66,0x6c,0x6f,0x61,0x74,0x20,0x5f,0x37,0x32,0x36,0x20,0x3d,
    0x20,0x28,0x2d,0x31,0x2e,0x30,0x66,0x29,0x20,0x2d,0x20,0x5f,0x37,0x31,0x31,0x3b,
    0x0a,0x20,0x20,0x20,0x20,0x66,0x6c,0x6f,0x61,0x74,0x20,0x5f,0x37,0x32,0x39,0x20,
    0x3d,0x20,0x34,0x2e,0x30,0x66,0x20,0x2a,0x20,0x5f,0x36,0x34,0x36,0x3b,0x0a,0x20,
    0x20,0x20,0x20,0x66,0x6c,0x6f,0x61,0x74,0x20,0x5f,0x37,0x33,0x33,0x20,0x3d,0x20,
    0x28,0x28,0x5f,0x37,0x32,0x39,0x20,0x2d,0x20,0x35,0x2e,0x30,0x66,0x29,0x20,0x2f,
    0x20,0x5f,0x37,0x31,0x32,0x29,0x20,0x2d,0x20,0x33,0x2e,0x30,0x66,0x3b,0x0a,0x20,
    0x20,0x20,0x20,0x66,0x6c,0x6f,0x61,0x74,0x20,0x5f,0x37,0x34,0x30,0x20,0x3d,0x20,
    0x28,0x28,0x5f,0x37,0x32,0x39,0x20,0x2d,0x20,0x31,0x36,0x2e,0x30,0x66,0x29,0x20,
    0x2f,0x20,0x5f,0x37,0x31,0x36,0x29,0x20,0x2d,0x20,0x31,0x2e,0x30,0x66,0x3b,0x0a,
    0x20,0x20,0x20,0x20,0x66,0x6c,0x6f,0x61,0x74,0x20,0x5f,0x37,0x34,0x38,0x20,0x3d,
    0x20,0x28,0x28,0x28,0x2d,0x35,0x2e,0x30,0x66,0x29,0x20,0x2d,0x20,0x28,0x37,0x2e,
    0x30,0x66,0x20,0x2a,0x20,0x5f,0x36,0x34,0x36,0x29,0x29,0x20,0x2f,0x20,0x5f,0x37,
    0x32,0x31,0x29,0x20,0x2b,0x20,0x31,0x2e,0x30,0x66,0x3b,0x0a,0x20,0x20,0x20,0x20,
    0x66,0x6c,0x6f,0x61,0x74,0x20,0x5f,0x37,0x35,0x34,0x20,0x3d,0x20,0x28,0x28,0x2d,
    0x5f,0x36,0x34,0x36,0x29,0x20,0x2f,0x20,0x5f,0x37,0x32,0x36,0x29,0x20,0x2b,0x20,
    0x33,0x2e,0x30,0x66,0x3b,0x0a,0x20,0x20,0x20,0x20,0x66,0x6c,0x6f,0x61,0x74,0x20,
    0x73,0x75,0x6d,0x20,0x3d,0x20,0x30,0x2e,0x30,0x66,0x3b,0x0a,0x20,0x20,0x20,0x20,
    0x66,0x6c,0x6f,0x61,0x74,0x32,0x20,0x70,0x61,0x72,0x61,0x6d,0x20,0x3d,0x20,0x5f,
    0x36,0x35,0x31,0x20,0x2b,0x20,0x28,0x66,0x6c,0x6f,0x61,0x74,0x32,0x28,0x5f,0x36,
    0x38,0x35,0x2c,0x20,0x5f,0x37,0x33,0x33,0x29,0x20,0x2a,0x20,0x5f,0x36,0x35,0x35,
    0x29,0x3b,0x0a,0x20,0x20,0x20,0x20,0x66,0x6c,0x6f,0x61,0x74,0x20,0x70,0x61,0x72,
    0x61,0x6d,0x5f,0x31,0x20,0x3d,0x20,0x5f,0x36,0x31,0x37,0x3b,0x0a,0x20,0x20,0x20,
    0x20,0x66,0x6c,0x6f,0x61,0x74,0x20,0x70,0x61,0x72,0x61,0x6d,0x5f,0x32,0x20,0x3d,
    0x20,0x5f,0x36,0x32,0x32,0x3b,0x0a,0x20,0x20,0x20,0x20,0x73,0x75,0x6d,0x20,0x2b,
    0x3d,0x20,0x28,0x28,0x5f,0x36,0x36,0x30,0x20,0x2a,0x20,0x5f,0x37,0x31,0x32,0x29,
    0x20,0x2a,0x20,0x73,0x61,0x6d,0x70,0x6c,0x65,0x53,0x68,0x61,0x64,0x6f,0x77,0x54,
    0x61,0x70,0x28,0x74,0x65,0x78,0x2c,0x20,0x73,0x6d,0x70,0x2c,0x20,0x70,0x61,0x72,
    0x61,0x6d,0x2c,0x20,0x70,0x61,0x72,0x61,0x6d,0x5f,0x31,0x2c,0x20,0x70,0x61,0x72,
    0x61,0x6d,0x5f,0x32,0x29,0x29,0x3b,0x0a,0x20,0x20,0x20,0x20,0x66,0x6c,0x6f,0x61,
    0x74,0x32,0x20,0x70,0x61,0x72,0x61,0x6d,0x5f,0x33,0x20,0x3d,0x20,0x5f,0x36,0x35,
    0x31,0x20,0x2b,0x20,0x28,0x66,0x6c,0x6f,0x61,0x74,0x32,0x28,0x5f,0x36,0x39,0x33,
    0x2c,0x20,0x5f,0x37,0x33,0x33,0x29,0x20,0x2a,0x20,0x5f,0x36,0x35,0x35,0x29,0x3b,
    0x0a,0x20,0x20,0x20,0x20,0x66,0x6c,0x6f,0x61,0x74,0x20,0x70,0x61,0x72,0x61,0x6d,
    0x5f,0x34,0x20,0x3d,0x20,0x5f,0x36,0x31,0x37,0x3b,0x0a,0x20,0x20,0x20,0x20,0x66,
    0x6c,0x6f,0x61,0x74,0x20,0x70,0x61,0x72,0x61,0x6d,0x5f,0x35,0x20,0x3d,0x20,0x5f,
    0x36,0x32,0x32,0x3b,0x0a,0x20,0x20,0x20,0x20,0x73,0x75,0x6d,0x20,0x2b,0x3d,0x20,
    0x28,0x28,0x5f,0x36,0x36,0x36,0x20,0x2a,0x20,0x5f,0x37,0x31,0x32,0x29,0x20,0x2a,
    0x20,0x73,0x61,0x6d,0x70,0x6c,0x65,0x53,0x68,0x61,0x64,0x6f,0x77,0x54,0x61,0x70,
    0x28,0x74,0x65,0x78,0x2c,0x20,0x73,0x6d,0x70,0x2c,0x20,0x70,0x61,0x72,0x61,0x6d,
    0x5f,0x33,0x2c,0x20,0x70,0x61,0x72,0x61,0x6d,0x5f,0x34,0x2c,0x20,0x70,0x61,0x72,
    0x61,0x6d,0x5f,0x35,0x29,0x29,0x3b,0x0a,0x20,0x20,0x20,0x20,0x66,0x6c,0x6f,0x61,
    0x74,0x32,0x20,0x70,0x61,0x72,0x61,0x6d,0x5f,0x36,0x20,0x3d,0x20,0x5f,0x36,0x35,
    0x31,0x20,0x2b,0x20,0x28,0x66,0x6c,0x6f,0x61,0x74,0x32,0x28,0x5f,0x37,0x30,0x32,
    0x2c,0x20,0x5f,0x37,0x33,0x33,0x29,0x20,0x2a,0x20,0x5f,0x36,0x35,0x35,0x29,0x3b,
    0x0a,0x20,0x20,0x20,0x20,0x66,0x6c,0x6f,0x61,0x74,0x20,0x70,0x61,0x72,0x61,0x6d,
    0x5f,0x37,0x20,0x3d,0x20,0x5f,0x36,0x31,0x37,0x3b,0x0a,0x20,0x20,0x20,0x20,0x66,
    0x6c,0x6f,0x61,0x74,0x20,0x70,0x61,0x72,0x61,0x6d,0x5f,0x38,0x20,0x3d,0x20,0x5f,
    0x36,0x32,0x32,0x3b,0x0a,0x20,0x20,0x20,0x20,0x73,0x75,0x6d,0x20,0x2b,0x3d,0x20,
    0x28,0x28,0x5f,0x36,0x37,0x32,0x20,0x2a,0x20,0x5f,0x37,0x31,0x32,0x29,0x20,0x2a,
    0x20,0x73,0x61,0x6d,0x70,0x6c,0x65,0x53,0x68,0x61,0x64,0x6f,0x77,0x54,0x61,0x70,
    0x28,0x74,0x65,0x78,0x2c,0x20,0x73,0x6d,0x70,0x2c,0x20,0x70,0x61,0x72,0x61,0x6d,
    0x5f,0x36,0x2c,0x20,0x70,0x61,0x72,0x61,0x6d,0x5f,0x37,0x2c,0x20,0x70,0x61,0x72,
    0x61,0x6d,0x5f,0x38,0x29,0x29,0x3b,0x0a,0x20,0x20,0x20,0x20,0x66,0x6c,0x6f,0x61,
    0x74,0x32,0x20,0x70,0x61,0x72,0x61,0x6d,0x5f,0x39,0x20,0x3d,0x20,0x5f,0x36,0x35,
    0x31,0x20,0x2b,0x20,0x28,0x66,0x6c,0x6f,0x61,0x74,0x32,0x28,0x5f,0x37,0x30,0x38,
    0x2c,0x20,0x5f,0x37,0x33,0x33,0x29,0x20,0x2a,0x20,0x5f,0x36,0x35,0x35,0x29,0x3b,
    0x0a,0x20,0x20,0x20,0x20,0x66,0x6c,0x6f,0x61,0x74,0x20,0x70,0x61,0x72,0x61,0x6d,
    0x5f,0x31,0x30,0x20,0x3d,0x20,0x5f,0x36,0x31,0x37,0x3b,0x0a,0x20,0x20,0x20,0x20,
    0x66,0x6c,0x6f,0x61,0x74,0x20,0x70,0x61,0x72,0x61,0x6d,0x5f,0x31,0x31,0x20,0x3d,
    0x20,0x5f,0x36,0x32,0x32,0x3b,0x0a,0x20,0x20,0x20,0x20,0x73,0x75,0x6d,0x20,0x2b,
    0x3d,0x20,0x28,0x28,0x5f,0x36,0x37,0x37,0x20,0x2a,0x20,0x5f,0x37,0x31,0x32,0x29,
    0x20,0x2a,0x20,0x73,0x61,0x6d,0x70,0x6c,0x65,0x53,0x68,0x61,0x64,0x6f,0x77,0x54,
    0x61,0x70,0x28,0x74,0x65,0x78,0x2c,0x20,0x73,0x6d,0x70,0x2c,0x20,0x70,0x61,0x72,
    0x61,0x6d,0x5f,0x39,0x2c,0x20,0x70,0x61,0x72,0x61,0x6d,0x5f,0x31,0x30,0x2c,0x20,
    0x70,0x61,0x72,0x61,0x6d,0x5f,0x31,0x31,0x29,0x29,0x3b,0x0a,0x20,0x20,0x20,0x20,
    0x66,0x6c,0x6f,0x61,0x74,0x32,0x20,0x70,0x61,0x72,0x61,0x6d,0x5f,0x31,0x32,0x20,
    0x3d,0x20,0x5f,0x36,0x35,0x31,0x20,0x2b,0x20,0x28,0x66,0x6c,0x6f,0x61,0x74,0x32,
    0x28,0x5f,0x36,0x38,0x35,0x2c,0x20,0x5f,0x37,0x34,0x30,0x29,0x20,0x2a,0x20,0x5f,
    0x36,0x35,0x35,0x29,0x3b,0x0a,0x20,0x20,0x20,0x20,0x66,0x6c,0x6f,0x61,0x74,0x20,
    0x70,0x61,0x72,0x61,0x6d,0x5f,0x31,0x33,0x20,0x3d,0x20,0x5f,0x36,0x31,0x37,0x3b,
    0x0a,0x20,0x20,0x20,0x20,0x66,0x6c,0x6f,0x61,0x74,0x20,0x70,0x61,0x72,0x61,0x6d,
    0x5f,0x31,0x34,0x20,0x3d,0x20,0x5f,0x36,0x32,0x32,0x3b,0x0a,0x20,0x20,0x20,0x20,
    0x73,0x75,0x6d,0x20,0x2b,0x3d,0x20,0x28,0x28,0x5f,0x36,0x36,0x30,0x20,0x2a,0x20,
    0x5f,0x37,0x31,0x36,0x29,0x20,0x2a,0x20,0x73,0x61,0x6d,0x70,0x6c,0x65,0x53,0x68,
    0x61,0x64,0x6f,0x77,0x54,0x61,0x70,0x28,0x74,0x65,0x78,0x2c,0x20,0x73,0x6d,0x70,
    0x2c,0x20,0x70,0x61,0x72,0x61,0x6d,0x5f,0x31,0x32,0x2c,0x20,0x70,0x61,0x72,0x61,
    0x6d,0x5f,0x31,0x33,0x2c,0x20,0x70,0x61,0x72,0x61,0x6d,0x5f,0x31,0x34,0x29,0x29,
    0x3b,0x0a,0x20,0x20,0x20,0x20,0x66,0x6c,0x6f,0x61,0x74,0x32,0x20,0x70,0x61,0x72,
    0x61,0x6d,0x5f,0x31,0x35,0x20,0x3d,0x20,0x5f,0x36,0x35,0x31,0x20,0x2b,0x20,0x28,
    0x66,0x6c,0x6f,0x61,0x74,0x32,0x28,0x5f,0x36,0x39,0x33,0x2c,0x20,0x5f,0x37,0x34,
    0x30,0x29,0x20,0x2a,0x20,0x5f,0x36,0x35,0x35,0x29,0x3b,0x0a,0x20,0x20,0x20,0x20,
    0x66,0x6c,0x6f,0x61,0x74,0x20,0x70,0x61,0x72,0x61,0x6d,0x5f,0x31,0x36,0x20,0x3d,
    0x20,0x5f,0x36,0x31,0x37,0x3b,0x0a,0x20,0x20,0x20,0x20,0x66,0x6c,0x6f,0x61,0x74,
    0x20,0x70,0x61,0x72,0x61,0x6d,0x5f,0x31,0x37,0x20,0x3d,0x20,0x5f,0x36,0x32,0x32,
    0x3b,0x0a,0x20,0x20,0x20,0x20,0x73,0x75,0x6d,0x20,0x2b,0x3d,0x20,0x28,0x28,0x5f,
    0x36,0x36,0x36,0x20,0x2a,0x20,0x5f,0x37,0x31,0x36,0x29,0x20,0x2a,0x20,0x73,0x61,
    0x6d,0x70,0x6c,0x65,0x53,0x68,0x61,0x64,0x6f,0x77,0x54,0x61,0x70,0x28,0x74,0x65,
    0x78,0x2c,0x20,0x73,0x6d,0x70,0x2c,0x20,0x70,0x61,0x72,0x61,0x6d,0x5f,0x31,0x35,
    0x2c,0x20,0x70,0x61,0x72,0x61,0x6d,0x5f,0x31,0x36,0x2c,0x20,0x70,0x61,0x72,0x61,
    0x6d,0x5f,0x31,0x37,0x29,0x29,0x3b,0x0a,0x20,0x20,0x20,0x20,0x66,0x6c,0x6f,0x61,
    0x74,0x32,0x20,0x70,0x61,0x72,0x61,0x6d,0x5f,0x31,0x38,0x20,0x3d,0x20,0x5f,0x36,
    0x35,0x31,0x20,0x2b,0x20,0x28,0x66,0x6c,0x6f,0x61,0x74,0x32,0x28,0x5f,0x37,0x30,
    0x32,0x2c,0x20,0x5f,0x37,0x34,0x30,0x29,0x20,0x2a,0x20,0x5f,0x36,0x35,0x35,0x29,
    0x3b,0x0a,0x20,0x20,0x20,0x20,0x66,0x6c,0x6f,0x61,0x74,0x20,0x70,0x61,0x72,0x61,
    0x6d,0x5f,0x31,0x39,0x20,0x3d,0x20,0x5f,0x36,0x31,0x37,0x3b,0x0a,0x20,0x20,0x20,
    0x20,0x66,0x6c,0x6f,0x61,0x74,0x20,0x70,0x61,0x72,0x61,0x6d,0x5f,0x32,0x30,0x20,
    0x3d,0x20,0x5f,0x36,0x32,0x32,0x3b,0x0a,0x20,0x20,0x20,0x20,0x73,0x75,0x6d,0x20,
    0x2b,0x3d,0x20,0x28,0x28,0x5f,0x36,0x37,0x32,0x20,0x2a,0x20,0x5f,0x37,0x31,0x36,
    0x29,0x20,0x2a,0x20,0x73,0x61,0x6d,0x70,0x6c,0x65,0x53,0x68,0x61,0x64,0x6f,0x77,
    0x54,0x61,0x70,0x28,0x74,0x65,0x78,0x2c,0x20,0x73,0x6d,0x70,0x2c,0x20,0x70,0x61,
    0x72,0x61,0x6d,0x5f,0x31,0x38,0x2c,0x20,0x70,0x61,0x72,0x61,0x6d,0x5f,0x31,0x39,
    0x2c,0x20,0x70,0x61,0x72,0x61,0x6d,0x5f,0x32,0x30,0x29,0x29,0x3b,0x0a,0x20,0x20,
    0x20,0x20,0x66,0x6c,0x6f,0x61,0x74,0x32,0x20,0x70,0x61,0x72,0x61,0x6d,0x5f,0x32,
    0x31,0x20,0x3d,0x20,0x5f,0x36,0x35,0x31,0x20,0x2b,0x20,0x28,0x66,0x6c,0x6f,0x61,
    0x74,0x32,0x28,0x5f,0x37,0x30,0x38,0x2c,0x20,0x5f,0x37,0x34,0x30,0x29,0x20,0x2a,
    0x20,0x5f,0x36,0x35,0x35,0x29,0x3b,0x0a,0x20,0x20,0x20,0x20,0x66,0x6c,0x6f,0x61,
    0x74,0x20,0x70,0x61,0x72,0x61,0x6d,0x5f,0x32,0x32,0x20,0x3d,0x20,0x5f,0x36,0x31,
    0x37,0x3b,0x0a,0x20,0x20,0x20,0x20,0x66,0x6c,0x6f,0x61,0x74,0x20,0x70,0x61,0x72,
    0x61,0x6d,0x5f,0x32,0x33,0x20,0x3d,0x20,0x5f,0x36,0x32,0x32,0x3b,0x0a,0x20,0x20,
    0x20,0x20,0x73,0x75,0x6d,0x20,0x2b,0x3d,0x20,0x28,0x28,0x5f,0x36,0x37,0x37,0x20,
    0x2a,0x20,0x5f,0x37,0x31,0x36,0x29,0x20,0x2a,0x20,0x73,0x61,0x6d,0x70,0x6c,0x65,
    0x53,0x68,0x61,0x64,0x6f,0x77,0x54,0x61,0x70,0x28,0x74,0x65,0x78,0x2c,0x20,0x73,
    0x6d,0x70,0x2c,0x20,0x70,0x61,0x72,0x61,0x6d,0x5f,0x32,0x31,0x2c,0x20,0x70,0x61,
    0x72,0x61,0x6d,0x5f,0x32,0x32,0x2c,0x20,0x70,0x61,0x72,0x61,0x6d,0x5f,0x32,0x33,
    0x29,0x29,0x3b,0x0a,0x20,0x20,0x20,0x20,0x66,0x6c,0x6f,0x61,0x74,0x32,0x20,0x70,
    0x61,0x72,0x61,0x6d,0x5f,0x32,0x34,0x20,0x3d,0x20,0x5f,0x36,0x35,0x31,0x20,0x2b,
    0x20,0x28,0x66,0x6c,0x6f,0x61,0x74,0x32,0x28,0x5f,0x36,0x38,0x35,0x2c,0x20,0x5f,
    0x37,0x34,0x38,0x29,0x20,0x2a,0x20,0x5f,0x36,0x35,0x35,0x29,0x3b,0x0a,0x20,0x20,
    0x20,0x20,0x66,0x6c,0x6f,0x61,0x74,0x20,0x70,0x61,0x72,0x61,0x6d,0x5f,0x32,0x35,
    0x20,0x3d,0x20,0x5f,0x36,0x31,0x37,0x3b,0x0a,0x20,0x20,0x20,0x20,0x66,0x6c,0x6f,
    0x61,0x74,0x20,0x70,0x61,0x72,0x61,0x6d,0x5f,0x32,0x36,0x20,0x3d,0x20,0x5f,0x36,
    0x32,0x32,0x3b,0x0a,0x20,0x20,0x20,0x20,0x73,0x75,0x6d,0x20,0x2b,0x3d,0x20,0x28,
    0x28,0x5f,0x36,0x36,0x30,0x20,0x2a,0x20,0x5f,0x37,0x32,0x31,0x29,0x20,0x2a,0x20,
    0x73,0x61,0x6d,0x70,0x6c,0x65,0x53,0x68,0x61,0x64,0x6f,0x77,0x54,0x61,0x70,0x28,
    0x74,0x65,0x78,0x2c,0x20,0x73,0x6d,0x70,0x2c,0x20,0x70,0x61,0x72,0x61,0x6d,0x5f,
    0x32,0x34,0x2c,0x20,0x70,0x61,0x72,0x61,0x6d,0x5f,0x32,0x35,0x2c,0x20,0x70,0x61,
    0x72,0x61,0x6d,0x5f,0x32,0x36,0x29,0x29,0x3b,0x0a,0x20,0x20,0x20,0x20,0x66,0x6c,
    0x6f,0x61,0x74,0x32,0x20,0x70,0x61,0x72,0x61,0x6d,0x5f,0x32,0x37,0x20,0x3d,0x20,
    0x5f,0x36,0x35,0x31,0x20,0x2b,0x20,0x28,0x66,0x6c,0x6f,0x61,0x74,0x32,0x28,0x5f,
    0x36,0x39,0x33,0x2c,0x20,0x5f,0x37,0x34,0x38,0x29,0x20,0x2a,0x20,0x5f,0x36,0x35,
    0x35,0x29,0x3b,0x0a,0x20,0x20,0x20,0x20,0x66,0x6c,0x6f,0x61,0x74,0x20,0x70,0x61,
    0x72,0x61,0x6d,0x5f,0x32,0x38,0x20,0x3d,0x20,0x5f,0x36,0x31,0x37,0x3b,0x0a,0x20,
    0x20,0x20,0x20,0x66,0x6c,0x6f,0x61,0x74,0x20,0x70,0x61,0x72,0x61,0x6d,0x5f,0x32,
    0x39,0x20,0x3d,0x20,0x5f,0x36,0x32,0x32,0x3b,0x0a,0x20,0x20,0x20,0x20,0x73,0x75,
    0x6d,0x20,0x2b,0x3d,0x20,0x28,0x28,0x5f,0x36,0x36,0x36,0x20,0x2a,0x20,0x5f,0x37,
    0x32,0x31,0x29,0x20,0x2a,0x20,0x73,0x61,0x6d,0x70,0x6c,0x65,0x53,0x68,0x61,0x64,
    0x6f,0x77,0x54,0x61,0x70,0x28,0x74,0x65,0x78,0x2c,0x20,0x73,0x6d,0x70,0x2c,0x20,
    0x70,0x61,0x72,0x61,0x6d,0x5f,0x32,0x37,0x2c,0x20,0x70,0x61,0x72,0x61,0x6d,0x5f,
    0x32,0x38,0x2c,0x20,0x70,0x61,0x72,0x61,0x6d,0x5f,0x32,0x39,0x29,0x29,0x3b,0x0a,
    0x20,0x20,0x20,0x20,0x66,0x6c,0x6f,0x61,0x74,0x32,0x20,0x70,0x61,0x72,0x61,0x6d,
    0x5f,0x33,0x30,0x20,0x3d,0x20,0x5f,0x36,0x35,0x31,0x20,0x2b,0x20,0x28,0x66,0x6c,
    0x6f,0x61,0x74,0x32,0x28,0x5f,0x37,0x30,0x32,0x2c,0x20,0x5f,0x37,0x34,0x38,0x29,
    0x20,0x2a,0x20,0x5f,0x36,0x35,0x35,0x29,0x3b,0x0a,0x20,0x20,0x20,0x20,0x66,0x6c,
    0x6f,0x61,0x74,0x20,0x70,0x61,0x72,0x61,0x6d,0x5f,0x33,0x31,0x20,0x3d,0x20,0x5f,
    0x36,0x31,0x37,0x3b,0x0a,0x20,0x20,0x20,0x20,0x66,0x6c,0x6f,0x61,0x74,0x20,0x70,
    0x61,0x72,0x61,0x6d,0x5f,0x33,0x32,0x20,0x3d,0x20,0x5f,0x36,0x32,0x32,0x3b,0x0a,
    0x20,0x20,0x20,0x20,0x73,0x75,0x6d,0x20,0x2b,0x3d,0x20,0x28,0x28,0x5f,0x36,0x37,
    0x32,0x20,0x2a,0x20,0x5f,0x37,0x32,0x31,0x29,0x20,0x2a,0x20,0x73,0x61,0x6d,0x70,
    0x6c,0x65,0x53,0x68,0x61,0x64,0x6f,0x77,0x54,0x61,0x70,0x28,0x74,0x65,0x78,0x2c,
    0x20,0x73,0x6d,0x70,0x2c,0x20,0x70,0x61,0x72,0x61,0x6d,0x5f,0x33,0x30,0x2c,0x20,
    0x70,0x61,0x72,0x61,0x6d,0x5f,0x33,0x31,0x2c,0x20,0x70,0x61,0x72,0x61,0x6d,0x5f,
    0x33,0x32,0x29,0x29,0x3b,0x0a,0x20,0x20,0x20,0x20,0x66,0x6c,0x6f,0x61,0x74,0x32,
    0x20,0x70,0x61,0x72,0x61,0x6d,0x5f,0x33,0x33,0x20,0x3d,0x20,0x5f,0x36,0x35,0x31,
    0x20,0x2b,0x20,0x28,0x66,0x6c,0x6f,0x61,0x74,0x32,0x28,0x5f,0x37,0x30,0x38,0x2c,
    0x20,0x5f,0x37,0x34,0x38,0x29,0x20,0x2a,0x20,0x5f,0x36,0x35,0x35,0x29,0x3b,0x0a,
    0x20,0x20,0x20,0x20,0x66,0x6c,0x6f,0x61,0x74,0x20,0x70,0x61,0x72,0x61,0x6d,0x5f,
    0x33,0x34,0x20,0x3d,0x20,0x5f,0x36,0x31,0x37,0x3b,0x0a,0x20,0x20,0x20,0x20,0x66,
    0x6c,0x6f,0x61,0x74,0x20,0x70,0x61,0x72,0x61,0x6d,0x5f,0x33,0x35,0x20,0x3d,0x20,
    0x5f,0x36,0x32,0x32,0x3b,0x0a,0x20,0x20,0x20,0x20,0x73,0x75,0x6d,0x20,0x2b,0x3d,
    0x20,0x28,0x28,0x5f,0x36,0x37,0x37,0x20,0x2a,0x20,0x5f,0x37,0x32,0x31,0x29,0x20,
    0x2a,0x20,0x73,0x61,0x6d,0x70,0x6c,0x65,0x53,0x68,0x61,0x64,0x6f,0x77,0x54,0x61,
    0x70,0x28,0x74,0x65,0x78,0x2c,0x20,0x73,0x6d,0x70,0x2c,0x20,0x70,0x61,0x72,0x61,
    0x6d,0x5f,0x33,0x33,0x2c,0x20,0x70,0x61,0x72,0x61,0x6d,0x5f,0x33,0x34,0x2c,0x20,
    0x70,0x61,0x72,0x61,0x6d,0x5f,0x33,0x35,0x29,0x29,0x3b,0x0a,0x20,0x20,0x20,0x20,
    0x66,0x6c,0x6f,0x61,0x74,0x32,0x20,0x70,0x61,0x72,0x61,0x6d,0x5f,0x33,0x36,0x20,
    0x3d,0x20,0x5f,0x36,0x35,0x31,0x20,0x2b,0x20,0x28,0x66,0x6c,0x6f,0x61,0x74,0x32,
    0x28,0x5f,0x36,0x38,0x35,0x2c,0x20,0x5f,0x37,0x35,0x34,0x29,0x20,0x2a,0x20,0x5f,
    0x36,0x35,0x35,0x29,0x3b,0x0a,0x20,0x20,0x20,0x20,0x66,0x6c,0x6f,0x61,0x74,0x20,
    0x70,0x61,0x72,0x61,0x6d,0x5f,0x33,0x37,0x20,0x3d,0x20,0x5f,0x36,0x31,0x37,0x3b,
    0x0a,0x20,0x20,0x20,0x20,0x66,0x6c,0x6f,0x61,0x74,0x20,0x70,0x61,0x72,0x61,0x6d,
    0x5f,0x33,0x38,0x20,0x3d,0x20,0x5f,0x36,0x32,0x32,0x3b,0x0a,0x20,0x20,0x20,0x20,
    0x73,0x75,0x6d,0x20,0x2b,0x3d,0x20,0x28,0x28,0x5f,0x36,0x36,0x30,0x20,0x2a,0x20,
    0x5f,0x37,0x32,0x36,0x29,0x20,0x2a,0x20,0x73,0x61,0x6d,0x70,0x6c,0x65,0x53,0x68,
    0x61,0x64,0x6f,0x77,0x54,0x61,0x70,0x28,0x74,0x65,0x78,0x2c,0x20,0x73,0x6d,0x70,
    0x2c,0x20,0x70,0x61,0x72,0x61,0x6d,0x5f,0x33,0x36,0x2c,0x20,0x70,0x61,0x72,0x61,
    0x6d,0x5f,0x33,0x37,0x2c,0x20,0x70,0x61,0x72,0x61,0x6d,0x5f,0x33,0x38,0x29,0x29,
    0x3b,0x0a,0x20,0x20,0x20,0x20,0x66,0x6c,0x6f,0x61,0x74,0x32,0x20,0x70,0x61,0x72,
    0x61,0x6d,0x5f,0x33,0x39,0x20,0x3d,0x20,0x5f,0x36,0x35,0x31,0x20,0x2b,0x20,0x28,
    0x66,0x6c,0x6f,0x61,0x74,0x32,0x28,0x5f,0x36,0x39,0x33,0x2c,0x20,0x5f,0x37,0x35,
    0x34,0x29,0x20,0x2a,0x20,0x5f,0x36,0x35,0x35,0x29,0x3b,0x0a,0x20,0x20,0x20,0x20,
    0x66,0x6c,0x6f,0x61,0x74,0x20,0x70,0x61,0x72,0x61,0x6d,0x5f,0x34,0x30,0x20,0x3d,
    0x20,0x5f,0x36,0x31,0x37,0x3b,0x0a,0x20,0x20,0x20,0x20,0x66,0x6c,0x6f,0x61,0x74,
    0x20,0x70,0x61,0x72,0x61,0x6d,0x5f,0x34,0x31,0x20,0x3d,0x20,0x5f,0x36,0x32,0x32,
    0x3b,0x0a,0x20,0x20,0x20,0x20,0x73,0x75,0x6d,0x20,0x2b,0x3d,0x20,0x28,0x28,0x5f,
    0x36,0x36,0x36,0x20,0x2a,0x20,0x5f,0x37,0x32,0x36,0x29,0x20,0x2a,0x20,0x73,0x61,
    0x6d,0x70,0x6c,0x65,0x53,0x68,0x61,0x64,0x6f,0x77,0x54,0x61,0x70,0x28,0x74,0x65,
    0x78,0x2c,0x20,0x73,0x6d,0x70,0x2c,0x20,0x70,0x61,0x72,0x61,0x6d,0x5f,0x33,0x39,
    0x2c,0x20,0x70,0x61,0x72,0x61,0x6d,0x5f,0x34,0x30,0x2c,0x20,0x70,0x61,0x72,0x61,
    0x6d,0x5f,0x34,0x31,0x29,0x29,0x3b,0x0a,0x20,0x20,0x20,0x20,0x66,0x6c,0x6f,0x61,
    0x74,0x32,0x20,0x70,0x61,0x72,0x61,0x6d,0x5f,0x34,0x32,0x20,0x3d,0x20,0x5f,0x36,
    0x35,0x31,0x20,0x2b,0x20,0x28,0x66,0x6c,0x6f,0x61,0x74,0x32,0x28,0x5f,0x37,0x30,
    0x32,0x2c,0x20,0x5f,0x37,0x35,0x34,0x29,0x20,0x2a,0x20,0x5f,0x36,0x35,0x35,0x29,
    0x3b,0x0a,0x20,0x20,0x20,0x20,0x66,0x6c,0x6f,0x61,0x74,0x20,0x70,0x61,0x72,0x61,
    0x6d,0x5f,0x34,0x33,0x20,0x3d,0x20,0x5f,0x36,0x31,0x37,0x3b,0x0a,0x20,0x20,0x20,
    0x20,0x66,0x6c,0x6f,0x61,0x74,0x20,0x70,0x61,0x72,0x61,0x6d,0x5f,0x34,0x34,0x20,
    0x3d,0x20,0x5f,0x36,0x32,0x32,0x3b,0x0a,0x20,0x20,0x20,0x20,0x73,0x75,0x6d,0x20,
    0x2b,0x3d,0x20,0x28,0x28,0x5f,0x36,0x37,0x32,0x20,0x2a,0x20,0x5f,0x37,0x32,0x36,
    0x29,0x20,0x2a,0x20,0x73,0x61,0x6d,0x70,0x6c,0x65,0x53,0x68,0x61,0x64,0x6f,0x77,
    0x54,0x61,0x70,0x28,0x74,0x65,0x78,0x2c,0x20,0x73,0x6d,0x70,0x2c,0x20,0x70,0x61,
    0x72,0x61,0x6d,0x5f,0x34,0x32,0x2c,0x20,0x70,0x61,0x72,0x61,0x6d,0x5f,0x34,0x33,
    0x2c,0x20,0x70,0x61,0x72,0x61,0x6d,0x5f,0x34,0x34,0x29,0x29,0x3b,0x0a,0x20,0x20,
    0x20,0x20,0x66,0x6c,0x6f,0x61,0x74,0x32,0x20,0x70,0x61,0x72,0x61,0x6d,0x5f,0x34,
    0x35,0x20,0x3d,0x20,0x5f,0x36,0x35,0x31,0x20,0x2b,0x20,0x28,0x66,0x6c,0x6f,0x61,
    0x74,0x32,0x28,0x5f,0x37,0x30,0x38,0x2c,0x20,0x5f,0x37,0x35,0x34,0x29,0x20,0x2a,
    0x20,0x5f,0x36,0x35,0x35,0x29,0x3b,0x0a,0x20,0x20,0x20,0x20,0x66,0x6c,0x6f,0x61,
    0x74,0x20,0x70,0x61,0x72,0x61,0x6d,0x5f,0x34,0x36,0x20,0x3d,0x20,0x5f,0x36,0x31,
    0x37,0x3b,0x0a,0x20,0x20,0x20,0x20,0x66,0x6c,0x6f,0x61,0x74,0x20,0x70,0x61,0x72,
    0x61,0x6d,0x5f,0x34,0x37,0x20,0x3d,0x20,0x5f,0x36,0x32,0x32,0x3b,0x0a,0x20,0x20,
    0x20,0x20,0x66,0x6c,0x6f,0x61,0x74,0x20,0x5f,0x31,0x30,0x35,0x38,0x20,0x3d,0x20,
    0x73,0x75,0x6d,0x3b,0x0a,0x20,0x20,0x20,0x20,0x66,0x6c,0x6f,0x61,0x74,0x20,0x5f,
    0x31,0x30,0x35,0x39,0x20,0x3d,0x20,0x5f,0x31,0x30,0x35,0x38,0x20,0x2b,0x20,0x28,
    0x28,0x5f,0x36,0x37,0x37,0x20,0x2a,0x20,0x5f,0x37,0x32,0x36,0x29,0x20,0x2a,0x20,
    0x73,0x61,0x6d,0x70,0x6c,0x65,0x53,0x68,0x61,0x64,0x6f,0x77,0x54,0x61,0x70,0x28,
    0x74,0x65,0x78,0x2c,0x20,0x73,0x6d,0x70,0x2c,0x20,0x70,0x61,0x72,0x61,0x6d,0x5f,
    0x34,0x35,0x2c,0x20,0x70,0x61,0x72,0x61,0x6d,0x5f,0x34,0x36,0x2c,0x20,0x70,0x61,
    0x72,0x61,0x6d,0x5f,0x34,0x37,0x29,0x29,0x3b,0x0a,0x20,0x20,0x20,0x20,0x73,0x75,
    0x6d,0x20,0x3d,0x20,0x5f,0x31,0x30,0x35,0x39,0x3b,0x0a,0x20,0x20,0x20,0x20,0x72,
    0x65,0x74,0x75,0x72,0x6e,0x20,0x5f,0x31,0x30,0x35,0x39,0x20,0x2a,0x20,0x30,0x2e,
    0x30,0x30,0x30,0x33,0x36,0x39,0x38,0x32,0x32,0x34,0x39,0x30,0x30,0x32,0x39,0x30,
    0x33,0x36,0x39,0x39,0x38,0x37,0x34,0x38,0x37,0x37,0x39,0x32,0x39,0x36,0x38,0x37,
    0x35,0x66,0x3b,0x0a,0x7d,0x0a,0x0a,0x66,0x6c,0x6f,0x61,0x74,0x20,0x73,0x61,0x6d,
    0x70,0x6c,0x65,0x43,0x61,0x73,0x63,0x61,0x64,0x65,0x28,0x69,0x6e,0x74,0x20,0x63,
    0x61,0x73,0x63,0x61,0x64,0x65,0x2c,0x20,0x66,0x6c,0x6f,0x61,0x74,0x33,0x20,0x77,
    0x6f,0x72,0x6c,0x64,0x5f,0x70,0x6f,0x73,0x2c,0x20,0x66,0x6c,0x6f,0x61,0x74,0x33,
    0x20,0x77,0x6f,0x72,0x6c,0x64,0x5f,0x6e,0x6f,0x72,0x6d,0x61,0x6c,0x2c,0x20,0x66,
    0x6c,0x6f,0x61,0x74,0x20,0x6e,0x5f,0x64,0x6f,0x74,0x5f,0x6c,0x29,0x0a,0x7b,0x0a,
    0x20,0x20,0x20,0x20,0x66,0x6c,0x6f,0x61,0x74,0x20,0x5f,0x31,0x30,0x38,0x38,0x20,
    0x3d,0x20,0x63,0x6c,0x61,0x6d,0x70,0x28,0x5f,0x31,0x30,0x37,0x33,0x5f,0x63,0x61,
    0x73,0x63,0x61,0x64,0x65,0x5f,0x74,0x65,0x78,0x65,0x6c,0x5f,0x77,0x6f,0x72,0x6c,
    0x64,0x2e,0x78,0x20,0x2f,0x20,0x5f,0x31,0x30,0x37,0x33,0x5f,0x63,0x61,0x73,0x63,
    0x61,0x64,0x65,0x5f,0x74,0x65,0x78,0x65,0x6c,0x5f,0x77,0x6f,0x72,0x6c,0x64,0x5b,
    0x63,0x61,0x73,0x63,0x61,0x64,0x65,0x5d,0x2c,0x20,0x30,0x2e,0x32,0x35,0x66,0x2c,
    0x20,0x31,0x2e,0x30,0x66,0x29,0x3b,0x0a,0x20,0x20,0x20,0x20,0x66,0x6c,0x6f,0x61,
    0x74,0x20,0x5f,0x31,0x30,0x39,0x38,0x20,0x3d,0x20,0x33,0x2e,0x30,0x66,0x20,0x2a,
    0x20,0x5f,0x31,0x30,0x38,0x38,0x3b,0x0a,0x20,0x20,0x20,0x20,0x66,0x6c,0x6f,0x61,
    0x74,0x34,0x20,0x5f,0x31,0x31,0x32,0x30,0x20,0x3d,0x20,0x6d,0x75,0x6c,0x28,0x66,
    0x6c,0x6f,0x61,0x74,0x34,0x28,0x77,0x6f,0x72,0x6c,0x64,0x5f,0x70,0x6f,0x73,0x20,
    0x2b,0x20,0x28,0x77,0x6f,0x72,0x6c,0x64,0x5f,0x6e,0x6f,0x72,0x6d,0x61,0x6c,0x20,
    0x2a,0x20,0x28,0x28,0x28,0x28,0x5f,0x31,0x30,0x39,0x38,0x20,0x2b,0x20,0x30,0x2e,
    0x35,0x66,0x29,0x20,0x2a,0x20,0x31,0x2e,0x34,0x31,0x34,0x32,0x30,0x39,0x39,0x36,
    0x31,0x38,0x39,0x31,0x31,0x37,0x34,0x33,0x31,0x36,0x34,0x30,0x36,0x32,0x35,0x66,
    0x29,0x20,0x2a,0x20,0x73,0x71,0x72,0x74,0x28,0x6d,0x61,0x78,0x28,0x31,0x2e,0x30,
    0x66,0x20,0x2d,0x20,0x28,0x6e,0x5f,0x64,0x6f,0x74,0x5f,0x6c,0x20,0x2a,0x20,0x6e,
    0x5f,0x64,0x6f,0x74,0x5f,0x6c,0x29,0x2c,0x20,0x30,0x2e,0x30,0x66,0x29,0x29,0x29,
    0x20,0x2a,0x20,0x5f,0x31,0x30,0x37,0x33,0x5f,0x63,0x61,0x73,0x63,0x61,0x64,0x65,
    0x5f,0x74,0x65,0x78,0x65,0x6c,0x5f,0x77,0x6f,0x72,0x6c,0x64,0x5b,0x63,0x61,0x73,
    0x63,0x61,0x64,0x65,0x5d,0x29,0x29,0x2c,0x20,0x31,0x2e,0x30,0x66,0x29,0x2c,0x20,
    0x5f,0x31,0x30,0x37,0x33,0x5f,0x63,0x61,0x73,0x63,0x61,0x64,0x65,0x5f,0x6d,0x61,
    0x74,0x72,0x69,0x63,0x65,0x73,0x5b,0x63,0x61,0x73,0x63,0x61,0x64,0x65,0x5d,0x29,
    0x3b,0x0a,0x20,0x20,0x20,0x20,0x66,0x6c,0x6f,0x61,0x74,0x33,0x20,0x5f,0x31,0x31,
    0x32,0x38,0x20,0x3d,0x20,0x5f,0x31,0x31,0x32,0x30,0x2e,0x78,0x79,0x7a,0x20,0x2f,
    0x20,0x5f,0x31,0x31,0x32,0x30,0x2e,0x77,0x2e,0x78,0x78,0x78,0x3b,0x0a,0x20,0x20,
    0x20,0x20,0x66,0x6c,0x6f,0x61,0x74,0x20,0x5f,0x31,0x31,0x34,0x34,0x20,0x3d,0x20,
    0x5f,0x31,0x31,0x32,0x38,0x2e,0x7a,0x3b,0x0a,0x20,0x20,0x20,0x20,0x66,0x6c,0x6f,
    0x61,0x74,0x33,0x20,0x5f,0x31,0x31,0x34,0x35,0x20,0x3d,0x20,0x66,0x6c,0x6f,0x61,
    0x74,0x33,0x28,0x28,0x5f,0x31,0x31,0x32,0x38,0x2e,0x78,0x20,0x2a,0x20,0x30,0x2e,
    0x35,0x66,0x29,0x20,0x2b,0x20,0x30,0x2e,0x35,0x66,0x2c,0x20,0x28,0x28,0x5f,0x31,
    0x31,0x32,0x38,0x2e,0x79,0x20,0x2a,0x20,0x5f,0x31,0x30,0x37,0x33,0x5f,0x73,0x68,
    0x61,0x64,0x6f,0x77,0x5f,0x70,0x61,0x72,0x61,0x6d,0x73,0x2e,0x78,0x29,0x20,0x2a,
    0x20,0x30,0x2e,0x35,0x66,0x29,0x20,0x2b,0x20,0x30,0x2e,0x35,0x66,0x2c,0x20,0x5f,
    0x31,0x31,0x34,0x34,0x29,0x3b,0x0a,0x20,0x20,0x20,0x20,0x62,0x6f,0x6f,0x6c,0x20,
    0x5f,0x31,0x31,0x34,0x38,0x20,0x3d,0x20,0x5f,0x31,0x31,0x34,0x34,0x20,0x3c,0x20,
    0x30,0x2e,0x30,0x66,0x3b,0x0a,0x20,0x20,0x20,0x20,0x62,0x6f,0x6f,0x6c,0x20,0x5f,
    0x31,0x31,0x35,0x35,0x3b,0x0a,0x20,0x20,0x20,0x20,0x69,0x66,0x20,0x28,0x21,0x5f,
    0x31,0x31,0x34,0x38,0x29,0x0a,0x20,0x20,0x20,0x20,0x7b,0x0a,0x20,0x20,0x20,0x20,
    0x20,0x20,0x20,0x20,0x5f,0x31,0x31,0x35,0x35,0x20,0x3d,0x20,0x5f,0x31,0x31,0x34,
    0x34,0x20,0x3e,0x20,0x31,0x2e,0x30,0x66,0x3b,0x0a,0x20,0x20,0x20,0x20,0x7d,0x0a,
    0x20,0x20,0x20,0x20,0x65,0x6c,0x73,0x65,0x0a,0x20,0x20,0x20,0x20,0x7b,0x0a,0x20,
    0x20,0x20,0x20,0x20,0x20,0x20,0x20,0x5f,0x31,0x31,0x35,0x35,0x20,0x3d,0x20,0x5f,
    0x31,0x31,0x34,0x38,0x3b,0x0a,0x20,0x20,0x20,0x20,0x7d,0x0a,0x20,0x20,0x20,0x20,
    0x69,0x66,0x20,0x28,0x5f,0x31,0x31,0x35,0x35,0x29,0x0a,0x20,0x20,0x20,0x20,0x7b,
    0x0a,0x20,0x20,0x20,0x20,0x20,0x20,0x20,0x20,0x72,0x65,0x74,0x75,0x72,0x6e,0x20,
    0x31,0x2e,0x30,0x66,0x3b,0x0a,0x20,0x20,0x20,0x20,0x7d,0x0a,0x20,0x20,0x20,0x20,
    0x66,0x6c,0x6f,0x61,0x74,0x20,0x5f,0x31,0x31,0x36,0x35,0x20,0x3d,0x20,0x28,0x5f,
    0x31,0x30,0x39,0x38,0x20,0x2b,0x20,0x31,0x2e,0x30,0x66,0x29,0x20,0x2a,0x20,0x5f,
    0x31,0x30,0x37,0x33,0x5f,0x73,0x68,0x61,0x64,0x6f,0x77,0x5f,0x70,0x61,0x72,0x61,
    0x6d,0x73,0x2e,0x79,0x3b,0x0a,0x20,0x20,0x20,0x20,0x66,0x6c,0x6f,0x61,0x74,0x32,
    0x20,0x5f,0x31,0x31,0x36,0x37,0x20,0x3d,0x20,0x5f,0x31,0x31,0x34,0x35,0x2e,0x78,
    0x79,0x3b,0x0a,0x20,0x20,0x20,0x20,0x66,0x6c,0x6f,0x61,0x74,0x32,0x20,0x5f,0x31,
    0x31,0x37,0x30,0x20,0x3d,0x20,0x28,0x2d,0x5f,0x31,0x31,0x36,0x35,0x29,0x2e,0x78,
    0x78,0x3b,0x0a,0x20,0x20,0x20,0x20,0x62,0x6f,0x6f,0x6c,0x20,0x5f,0x31,0x31,0x37,
    0x33,0x20,0x3d,0x20,0x61,0x6e,0x79,0x28,0x62,0x6f,0x6f,0x6c,0x32,0x28,0x5f,0x31,
    0x31,0x36,0x37,0x2e,0x78,0x20,0x3c,0x20,0x5f,0x31,0x31,0x37,0x30,0x2e,0x78,0x2c,
    0x20,0x5f,0x31,0x31,0x36,0x37,0x2e,0x79,0x20,0x3c,0x20,0x5f,0x31,0x31,0x37,0x30,
    0x2e,0x79,0x29,0x29,0x3b,0x0a,0x20,0x20,0x20,0x20,0x62,0x6f,0x6f,0x6c,0x20,0x5f,
    0x31,0x31,0x38,0x34,0x3b,0x0a,0x20,0x20,0x20,0x20,0x69,0x66,0x20,0x28,0x21,0x5f,
    0x31,0x31,0x37,0x33,0x29,0x0a,0x20,0x20,0x20,0x20,0x7b,0x0a,0x20,0x20,0x20,0x20,
    0x20,0x20,0x20,0x20,0x66,0x6c,0x6f,0x61,0x74,0x32,0x20,0x5f,0x31,0x31,0x38,0x31,
    0x20,0x3d,0x20,0x28,0x31,0x2e,0x30,0x66,0x20,0x2b,0x20,0x5f,0x31,0x31,0x36,0x35,
    0x29,0x2e,0x78,0x78,0x3b,0x0a,0x20,0x20,0x20,0x20,0x20,0x20,0x20,0x20,0x5f,0x31,
    0x31,0x38,0x34,0x20,0x3d,0x20,0x61,0x6e,0x79,0x28,0x62,0x6f,0x6f,0x6c,0x32,0x28,
    0x5f,0x31,0x31,0x36,0x37,0x2e,0x78,0x20,0x3e,0x20,0x5f,0x31,0x31,0x38,0x31,0x2e,
    0x78,0x2c,0x20,0x5f,0x31,0x31,0x36,0x37,0x2e,0x79,0x20,0x3e,0x20,0x5f,0x31,0x31,
    0x38,0x31,0x2e,0x79,0x29,0x29,0x3b,0x0a,0x20,0x20,0x20,0x20,0x7d,0x0a,0x20,0x20,
    0x20,0x20,0x65,0x6c,0x73,0x65,0x0a,0x20,0x20,0x20,0x20,0x7b,0x0a,0x20,0x20,0x20,
    0x20,0x20,0x20,0x20,0x20,0x5f,0x31,0x31,0x38,0x34,0x20,0x3d,0x20,0x5f,0x31,0x31,
    0x37,0x33,0x3b,0x0a,0x20,0x20,0x20,0x20,0x7d,0x0a,0x20,0x20,0x20,0x20,0x69,0x66,
    0x20,0x28,0x5f,0x31,0x31,0x38,0x34,0x29,0x0a,0x20,0x20,0x20,0x20,0x7b,0x0a,0x20,
    0x20,0x20,0x20,0x20,0x20,0x20,0x20,0x72,0x65,0x74,0x75,0x72,0x6e,0x20,0x31,0x2e,
    0x30,0x66,0x3b,0x0a,0x20,0x20,0x20,0x20,0x7d,0x0a,0x20,0x20,0x20,0x20,0x69,0x6e,
    0x74,0x20,0x70,0x61,0x72,0x61,0x6d,0x20,0x3d,0x20,0x63,0x61,0x73,0x63,0x61,0x64,
    0x65,0x3b,0x0a,0x20,0x20,0x20,0x20,0x66,0x6c,0x6f,0x61,0x74,0x33,0x20,0x70,0x61,
    0x72,0x61,0x6d,0x5f,0x31,0x20,0x3d,0x20,0x5f,0x31,0x31,0x34,0x35,0x3b,0x0a,0x20,
    0x20,0x20,0x20,0x66,0x6c,0x6f,0x61,0x74,0x20,0x70,0x61,0x72,0x61,0x6d,0x5f,0x32,
    0x20,0x3d,0x20,0x5f,0x31,0x30,0x37,0x33,0x5f,0x63,0x61,0x73,0x63,0x61,0x64,0x65,
    0x5f,0x64,0x65,0x70,0x74,0x68,0x5f,0x62,0x69,0x61,0x73,0x5b,0x63,0x61,0x73,0x63,
    0x61,0x64,0x65,0x5d,0x3b,0x0a,0x20,0x20,0x20,0x20,0x66,0x6c,0x6f,0x61,0x74,0x20,
    0x70,0x61,0x72,0x61,0x6d,0x5f,0x33,0x20,0x3d,0x20,0x5f,0x31,0x30,0x38,0x38,0x3b,
    0x0a,0x20,0x20,0x20,0x20,0x66,0x6c,0x6f,0x61,0x74,0x20,0x70,0x61,0x72,0x61,0x6d,
    0x5f,0x34,0x20,0x3d,0x20,0x5f,0x31,0x30,0x37,0x33,0x5f,0x73,0x68,0x61,0x64,0x6f,
    0x77,0x5f,0x70,0x61,0x72,0x61,0x6d,0x73,0x2e,0x79,0x3b,0x0a,0x20,0x20,0x20,0x20,
    0x72,0x65,0x74,0x75,0x72,0x6e,0x20,0x73,0x61,0x6d,0x70,0x6c,0x65,0x53,0x68,0x61,
    0x64,0x6f,0x77,0x50,0x43,0x46,0x28,0x74,0x65,0x78,0x5f,0x73,0x68,0x61,0x64,0x6f,
    0x77,0x2c,0x20,0x73,0x6d,0x70,0x5f,0x73,0x68,0x61,0x64,0x6f,0x77,0x2c,0x20,0x70,
    0x61,0x72,0x61,0x6d,0x2c,0x20,0x70,0x61,0x72,0x61,0x6d,0x5f,0x31,0x2c,0x20,0x70,
    0x61,0x72,0x61,0x6d,0x5f,0x32,0x2c,0x20,0x70,0x61,0x72,0x61,0x6d,0x5f,0x33,0x2c,
    0x20,0x70,0x61,0x72,0x61,0x6d,0x5f,0x34,0x29,0x3b,0x0a,0x7d,0x0a,0x0a,0x66,0x6c,
    0x6f,0x61,0x74,0x20,0x73,0x61,0x6d,0x70,0x6c,0x65,0x53,0x68,0x61,0x64,0x6f,0x77,
    0x43,0x61,0x73,0x63,0x61,0x64,0x65,0x64,0x28,0x66,0x6c,0x6f,0x61,0x74,0x33,0x20,
    0x77,0x6f,0x72,0x6c,0x64,0x5f,0x70,0x6f,0x73,0x2c,0x20,0x66,0x6c,0x6f,0x61,0x74,
    0x33,0x20,0x77,0x6f,0x72,0x6c,0x64,0x5f,0x6e,0x6f,0x72,0x6d,0x61,0x6c,0x2c,0x20,
    0x66,0x6c,0x6f,0x61,0x74,0x20,0x6e,0x5f,0x64,0x6f,0x74,0x5f,0x6c,0x2c,0x20,0x66,
    0x6c,0x6f,0x61,0x74,0x20,0x76,0x69,0x65,0x77,0x5f,0x7a,0x29,0x0a,0x7b,0x0a,0x20,
    0x20,0x20,0x20,0x66,0x6c,0x6f,0x61,0x74,0x34,0x20,0x70,0x61,0x72,0x61,0x6d,0x20,
    0x3d,0x20,0x5f,0x31,0x30,0x37,0x33,0x5f,0x63,0x61,0x73,0x63,0x61,0x64,0x65,0x5f,
    0x66,0x61,0x72,0x5f,0x76,0x69,0x65,0x77,0x5f,0x7a,0x3b,0x0a,0x20,0x20,0x20,0x20,
    0x66,0x6c,0x6f,0x61,0x74,0x20,0x70,0x61,0x72,0x61,0x6d,0x5f,0x31,0x20,0x3d,0x20,
    0x76,0x69,0x65,0x77,0x5f,0x7a,0x3b,0x0a,0x20,0x20,0x20,0x20,0x69,0x6e,0x74,0x20,
    0x5f,0x31,0x32,0x31,0x31,0x20,0x3d,0x20,0x73,0x65,0x6c,0x65,0x63,0x74,0x53,0x68,
    0x61,0x64,0x6f,0x77,0x43,0x61,0x73,0x63,0x61,0x64,0x65,0x28,0x70,0x61,0x72,0x61,
    0x6d,0x2c,0x20,0x70,0x61,0x72,0x61,0x6d,0x5f,0x31,0x29,0x3b,0x0a,0x20,0x20,0x20,
    0x20,0x69,0x6e,0x74,0x20,0x70,0x61,0x72,0x61,0x6d,0x5f,0x32,0x20,0x3d,0x20,0x5f,
    0x31,0x32,0x31,0x31,0x3b,0x0a,0x20,0x20,0x20,0x20,0x66,0x6c,0x6f,0x61,0x74,0x33,
    0x20,0x70,0x61,0x72,0x61,0x6d,0x5f,0x33,0x20,0x3d,0x20,0x77,0x6f,0x72,0x6c,0x64,
    0x5f,0x70,0x6f,0x73,0x3b,0x0a,0x20,0x20,0x20,0x20,0x66,0x6c,0x6f,0x61,0x74,0x33,
    0x20,0x70,0x61,0x72,0x61,0x6d,0x5f,0x34,0x20,0x3d,0x20,0x77,0x6f,0x72,0x6c,0x64,
    0x5f,0x6e,0x6f,0x72,0x6d,0x61,0x6c,0x3b,0x0a,0x20,0x20,0x20,0x20,0x66,0x6c,0x6f,
    0x61,0x74,0x20,0x70,0x61,0x72,0x61,0x6d,0x5f,0x35,0x20,0x3d,0x20,0x6e,0x5f,0x64,
    0x6f,0x74,0x5f,0x6c,0x3b,0x0a,0x20,0x20,0x20,0x20,0x66,0x6c,0x6f,0x61,0x74,0x20,
    0x73,0x68,0x61,0x64,0x6f,0x77,0x20,0x3d,0x20,0x73,0x61,0x6d,0x70,0x6c,0x65,0x43,
    0x61,0x73,0x63,0x61,0x64,0x65,0x28,0x70,0x61,0x72,0x61,0x6d,0x5f,0x32,0x2c,0x20,
    0x70,0x61,0x72,0x61,0x6d,0x5f,0x33,0x2c,0x20,0x70,0x61,0x72,0x61,0x6d,0x5f,0x34,
    0x2c,0x20,0x70,0x61,0x72,0x61,0x6d,0x5f,0x35,0x29,0x3b,0x0a,0x20,0x20,0x20,0x20,
    0x69,0x66,0x20,0x28,0x5f,0x31,0x32,0x31,0x31,0x20,0x3c,0x20,0x33,0x29,0x0a,0x20,
    0x20,0x20,0x20,0x7b,0x0a,0x20,0x20,0x20,0x20,0x20,0x20,0x20,0x20,0x66,0x6c,0x6f,
    0x61,0x74,0x20,0x5f,0x31,0x32,0x33,0x33,0x3b,0x0a,0x20,0x20,0x20,0x20,0x20,0x20,
    0x20,0x20,0x69,0x66,0x20,0x28,0x5f,0x31,0x32,0x31,0x31,0x20,0x3d,0x3d,0x20,0x30,
    0x29,0x0a,0x20,0x20,0x20,0x20,0x20,0x20,0x20,0x20,0x7b,0x0a,0x20,0x20,0x20,0x20,
    0x20,0x20,0x20,0x20,0x20,0x20,0x20,0x20,0x5f,0x31,0x32,0x33,0x33,0x20,0x3d,0x20,
    0x30,0x2e,0x30,0x66,0x3b,0x0a,0x20,0x20,0x20,0x20,0x20,0x20,0x20,0x20,0x7d,0x0a,
    0x20,0x20,0x20,0x20,0x20,0x20,0x20,0x20,0x65,0x6c,0x73,0x65,0x0a,0x20,0x20,0x20,
    0x20,0x20,0x20,0x20,0x20,0x7b,0x0a,0x20,0x20,0x20,0x20,0x20,0x20,0x20,0x20,0x20,
    0x20,0x20,0x20,0x5f,0x31,0x32,0x33,0x33,0x20,0x3d,0x20,0x5f,0x31,0x30,0x37,0x33,
    0x5f,0x63,0x61,0x73,0x63,0x61,0x64,0x65,0x5f,0x66,0x61,0x72,0x5f,0x76,0x69,0x65,
    0x77,0x5f,0x7a,0x5b,0x5f,0x31,0x32,0x31,0x31,0x20,0x2d,0x20,0x31,0x5d,0x3b,0x0a,
    0x20,0x20,0x20,0x20,0x20,0x20,0x20,0x20,0x7d,0x0a,0x20,0x20,0x20,0x20,0x20,0x20,
    0x20,0x20,0x66,0x6c,0x6f,0x61,0x74,0x20,0x5f,0x31,0x32,0x34,0x36,0x20,0x3d,0x20,
    0x6c,0x65,0x72,0x70,0x28,0x5f,0x31,0x30,0x37,0x33,0x5f,0x63,0x61,0x73,0x63,0x61,
    0x64,0x65,0x5f,0x66,0x61,0x72,0x5f,0x76,0x69,0x65,0x77,0x5f,0x7a,0x5b,0x5f,0x31,
    0x32,0x31,0x31,0x5d,0x2c,0x20,0x5f,0x31,0x32,0x33,0x33,0x2c,0x20,0x30,0x2e,0x31,
    0x30,0x30,0x30,0x30,0x30,0x30,0x30,0x31,0x34,0x39,0x30,0x31,0x31,0x36,0x31,0x31,
    0x39,0x33,0x38,0x34,0x37,0x36,0x35,0x36,0x32,0x35,0x66,0x29,0x3b,0x0a,0x20,0x20,
    0x20,0x20,0x20,0x20,0x20,0x20,0x69,0x66,0x20,0x28,0x76,0x69,0x65,0x77,0x5f,0x7a,
    0x20,0x3e,0x20,0x5f,0x31,0x32,0x34,0x36,0x29,0x0a,0x20,0x20,0x20,0x20,0x20,0x20,
    0x20,0x20,0x7b,0x0a,0x20,0x20,0x20,0x20,0x20,0x20,0x20,0x20,0x20,0x20,0x20,0x20,
    0x69,0x6e,0x74,0x20,0x70,0x61,0x72,0x61,0x6d,0x5f,0x36,0x20,0x3d,0x20,0x5f,0x31,
    0x32,0x31,0x31,0x20,0x2b,0x20,0x31,0x3b,0x0a,0x20,0x20,0x20,0x20,0x20,0x20,0x20,
    0x20,0x20,0x20,0x20,0x20,0x66,0x6c,0x6f,0x61,0x74,0x33,0x20,0x70,0x61,0x72,0x61,
    0x6d,0x5f,0x37,0x20,0x3d,0x20,0x77,0x6f,0x72,0x6c,0x64,0x5f,0x70,0x6f,0x73,0x3b,
    0x0a,0x20,0x20,0x20,0x20,0x20,0x20,0x20,0x20,0x20,0x20,0x20,0x20,0x66,0x6c,0x6f,
    0x61,0x74,0x33,0x20,0x70,0x61,0x72,0x61,0x6d,0x5f,0x38,0x20,0x3d,0x20,0x77,0x6f,
    0x72,0x6c,0x64,0x5f,0x6e,0x6f,0x72,0x6d,0x61,0x6c,0x3b,0x0a,0x20,0x20,0x20,0x20,
    0x20,0x20,0x20,0x20,0x20,0x20,0x20,0x20,0x66,0x6c,0x6f,0x61,0x74,0x20,0x70,0x61,
    0x72,0x61,0x6d,0x5f,0x39,0x20,0x3d,0x20,0x6e,0x5f,0x64,0x6f,0x74,0x5f,0x6c,0x3b,
    0x0a,0x20,0x20,0x20,0x20,0x20,0x20,0x20,0x20,0x20,0x20,0x20,0x20,0x73,0x68,0x61,
    0x64,0x6f,0x77,0x20,0x3d,0x20,0x6c,0x65,0x72,0x70,0x28,0x73,0x68,0x61,0x64,0x6f,
    0x77,0x2c,0x20,0x73,0x61,0x6d,0x70,0x6c,0x65,0x43,0x61,0x73,0x63,0x61,0x64,0x65,
    0x28,0x70,0x61,0x72,0x61,0x6d,0x5f,0x36,0x2c,0x20,0x70,0x61,0x72,0x61,0x6d,0x5f,
    0x37,0x2c,0x20,0x70,0x61,0x72,0x61,0x6d,0x5f,0x38,0x2c,0x20,0x70,0x61,0x72,0x61,
    0x6d,0x5f,0x39,0x29,0x2c,0x20,0x28,0x76,0x69,0x65,0x77,0x5f,0x7a,0x20,0x2d,0x20,
    0x5f,0x31,0x32,0x34,0x36,0x29,0x20,0x2f,0x20,0x28,0x5f,0x31,0x30,0x37,0x33,0x5f,
    0x63,0x61,0x73,0x63,0x61,0x64,0x65,0x5f,0x66,0x61,0x72,0x5f,0x76,0x69,0x65,0x77,
    0x5f,0x7a,0x5b,0x5f,0x31,0x32,0x31,0x31,0x5d,0x20,0x2d,0x20,0x5f,0x31,0x32,0x34,
    0x36,0x29,0x29,0x3b,0x0a,0x20,0x20,0x20,0x20,0x20,0x20,0x20,0x20,0x7d,0x0a,0x20,
    0x20,0x20,0x20,0x7d,0x0a,0x20,0x20,0x20,0x20,0x72,0x65,0x74,0x75,0x72,0x6e,0x20,
    0x73,0x68,0x61,0x64,0x6f,0x77,0x3b,0x0a,0x7d,0x0a,0x0a,0x66,0x6c,0x6f,0x61,0x74,
    0x20,0x70,0x62,0x72,0x44,0x69,0x73,0x74,0x72,0x69,0x62,0x75,0x74,0x69,0x6f,0x6e,
    0x47,0x47,0x58,0x28,0x66,0x6c,0x6f,0x61,0x74,0x20,0x6e,0x5f,0x64,0x6f,0x74,0x5f,
    0x68,0x2c,0x20,0x66,0x6c,0x6f,0x61,0x74,0x20,0x61,0x6c,0x70,0x68,0x61,0x29,0x0a,
    0x7b,0x0a,0x20,0x20,0x20,0x20,0x66,0x6c,0x6f,0x61,0x74,0x20,0x5f,0x31,0x33,0x35,
    0x20,0x3d,0x20,0x61,0x6c,0x70,0x68,0x61,0x20,0x2a,0x20,0x61,0x6c,0x70,0x68,0x61,
    0x3b,0x0a,0x20,0x20,0x20,0x20,0x66,0x6c,0x6f,0x61,0x74,0x20,0x5f,0x31,0x34,0x34,
    0x20,0x3d,0x20,0x28,0x28,0x6e,0x5f,0x64,0x6f,0x74,0x5f,0x68,0x20,0x2a,0x20,0x6e,
    0x5f,0x64,0x6f,0x74,0x5f,0x68,0x29,0x20,0x2a,0x20,0x28,0x5f,0x31,0x33,0x35,0x20,
    0x2d,0x20,0x31,0x2e,0x30,0x66,0x29,0x29,0x20,0x2b,0x20,0x31,0x2e,0x30,0x66,0x3b,
    0x0a,0x20,0x20,0x20,0x20,0x72,0x65,0x74,0x75,0x72,0x6e,0x20,0x5f,0x31,0x33,0x35,
    0x20,0x2f,0x20,0x28,0x28,0x33,0x2e,0x31,0x34,0x31,0x35,0x39,0x32,0x37,0x34,0x31,
    0x30,0x31,0x32,0x35,0x37,0x33,0x32,0x34,0x32,0x31,0x38,0x37,0x35,0x66,0x20,0x2a,
    0x20,0x5f,0x31,0x34,0x34,0x29,0x20,0x2a,0x20,0x5f,0x31,0x34,0x34,0x29,0x3b,0x0a,
    0x7d,0x0a,0x0a,0x66,0x6c,0x6f,0x61,0x74,0x20,0x70,0x62,0x72,0x56,0x69,0x73,0x69,
    0x62,0x69,0x6c,0x69,0x74,0x79,0x53,0x6d,0x69,0x74,0x68,0x43,0x6f,0x72,0x72,0x65,
    0x6c,0x61,0x74,0x65,0x64,0x28,0x66,0x6c,0x6f,0x61,0x74,0x20,0x6e,0x5f,0x64,0x6f,
    0x74,0x5f,0x76,0x2c,0x20,0x66,0x6c,0x6f,0x61,0x74,0x20,0x6e,0x5f,0x64,0x6f,0x74,
    0x5f,0x6c,0x2c,0x20,0x66,0x6c,0x6f,0x61,0x74,0x20,0x61,0x6c,0x70,0x68,0x61,0x29,
    0x0a,0x7b,0x0a,0x20,0x20,0x20,0x20,0x66,0x6c,0x6f,0x61,0x74,0x20,0x5f,0x31,0x35,
    0x37,0x20,0x3d,0x20,0x61,0x6c,0x70,0x68,0x61,0x20,0x2a,0x20,0x61,0x6c,0x70,0x68,
    0x61,0x3b,0x0a,0x20,0x20,0x20,0x20,0x66,0x6c,0x6f,0x61,0x74,0x20,0x5f,0x31,0x36,
    0x34,0x20,0x3d,0x20,0x31,0x2e,0x30,0x66,0x20,0x2d,0x20,0x5f,0x31,0x35,0x37,0x3b,
    0x0a,0x20,0x20,0x20,0x20,0x72,0x65,0x74,0x75,0x72,0x6e,0x20,0x30,0x2e,0x35,0x66,
    0x20,0x2f,0x20,0x28,0x28,0x28,0x6e,0x5f,0x64,0x6f,0x74,0x5f,0x6c,0x20,0x2a,0x20,
    0x73,0x71,0x72,0x74,0x28,0x28,0x28,0x6e,0x5f,0x64,0x6f,0x74,0x5f,0x76,0x20,0x2a,
    0x20,0x6e,0x5f,0x64,0x6f,0x74,0x5f,0x76,0x29,0x20,0x2a,0x20,0x5f,0x31,0x36,0x34,
    0x29,0x20,0x2b,0x20,0x5f,0x31,0x35,0x37,0x29,0x29,0x20,0x2b,0x20,0x28,0x6e,0x5f,
    0x64,0x6f,0x74,0x5f,0x76,0x20,0x2a,0x20,0x73,0x71,0x72,0x74,0x28,0x28,0x28,0x6e,
    0x5f,0x64,0x6f,0x74,0x5f,0x6c,0x20,0x2a,0x20,0x6e,0x5f,0x64,0x6f,0x74,0x5f,0x6c,
    0x29,0x20,0x2a,0x20,0x5f,0x31,0x36,0x34,0x29,0x20,0x2b,0x20,0x5f,0x31,0x35,0x37,
    0x29,0x29,0x29,0x20,0x2b,0x20,0x39,0x2e,0x39,0x39,0x39,0x39,0x39,0x39,0x37,0x34,
    0x37,0x33,0x37,0x38,0x37,0x35,0x31,0x36,0x33,0x35,0x35,0x35,0x31,0x34,0x35,0x32,
    0x36,0x33,0x36,0x37,0x31,0x38,0x38,0x65,0x2d,0x30,0x36,0x66,0x29,0x3b,0x0a,0x7d,
    0x0a,0x0a,0x66,0x6c,0x6f,0x61,0x74,0x33,0x20,0x70,0x62,0x72,0x46,0x72,0x65,0x73,
    0x6e,0x65,0x6c,0x53,0x63,0x68,0x6c,0x69,0x63,0x6b,0x28,0x66,0x6c,0x6f,0x61,0x74,
    0x20,0x76,0x5f,0x64,0x6f,0x74,0x5f,0x68,0x2c,0x20,0x66,0x6c,0x6f,0x61,0x74,0x33,
    0x20,0x66,0x30,0x29,0x0a,0x7b,0x0a,0x20,0x20,0x20,0x20,0x66,0x6c,0x6f,0x61,0x74,
    0x20,0x5f,0x31,0x39,0x33,0x20,0x3d,0x20,0x31,0x2e,0x30,0x66,0x20,0x2d,0x20,0x76,
    0x5f,0x64,0x6f,0x74,0x5f,0x68,0x3b,0x0a,0x20,0x20,0x20,0x20,0x66,0x6c,0x6f,0x61,
    0x74,0x20,0x5f,0x31,0x39,0x37,0x20,0x3d,0x20,0x5f,0x31,0x39,0x33,0x20,0x2a,0x20,
    0x5f,0x31,0x39,0x33,0x3b,0x0a,0x20,0x20,0x20,0x20,0x72,0x65,0x74,0x75,0x72,0x6e,
    0x20,0x66,0x30,0x20,0x2b,0x20,0x28,0x28,0x31,0x2e,0x30,0x66,0x2e,0x78,0x78,0x78,
    0x20,0x2d,0x20,0x66,0x30,0x29,0x20,0x2a,0x20,0x28,0x28,0x5f,0x31,0x39,0x37,0x20,
    0x2a,0x20,0x5f,0x31,0x39,0x37,0x29,0x20,0x2a,0x20,0x5f,0x31,0x39,0x33,0x29,0x29,
    0x3b,0x0a,0x7d,0x0a,0x0a,0x66,0x6c,0x6f,0x61,0x74,0x33,0x20,0x62,0x72,0x64,0x66,
    0x5f,0x65,0x76,0x61,0x6c,0x75,0x61,0x74,0x65,0x28,0x66,0x6c,0x6f,0x61,0x74,0x33,
    0x20,0x4e,0x2c,0x20,0x66,0x6c,0x6f,0x61,0x74,0x33,0x20,0x56,0x2c,0x20,0x66,0x6c,
    0x6f,0x61,0x74,0x33,0x20,0x4c,0x2c,0x20,0x66,0x6c,0x6f,0x61,0x74,0x33,0x20,0x73,
    0x75,0x6e,0x5f,0x72,0x61,0x64,0x69,0x61,0x6e,0x63,0x65,0x2c,0x20,0x66,0x6c,0x6f,
    0x61,0x74,0x33,0x20,0x62,0x61,0x73,0x65,0x5f,0x63,0x6f,0x6c,0x6f,0x72,0x2c,0x20,
    0x66,0x6c,0x6f,0x61,0x74,0x20,0x6d,0x65,0x74,0x61,0x6c,0x6c,0x69,0x63,0x2c,0x20,
    0x66,0x6c,0x6f,0x61,0x74,0x20,0x72,0x6f,0x75,0x67,0x68,0x6e,0x65,0x73,0x73,0x29,
    0x0a,0x7b,0x0a,0x20,0x20,0x20,0x20,0x66,0x6c,0x6f,0x61,0x74,0x20,0x5f,0x32,0x31,
    0x36,0x20,0x3d,0x20,0x6d,0x61,0x78,0x28,0x64,0x6f,0x74,0x28,0x4e,0x2c,0x20,0x4c,
    0x29,0x2c,0x20,0x30,0x2e,0x30,0x66,0x29,0x3b,0x0a,0x20,0x20,0x20,0x20,0x66,0x6c,
    0x6f,0x61,0x74,0x33,0x20,0x5f,0x32,0x32,0x37,0x20,0x3d,0x20,0x6e,0x6f,0x72,0x6d,
    0x61,0x6c,0x69,0x7a,0x65,0x28,0x56,0x20,0x2b,0x20,0x4c,0x29,0x3b,0x0a,0x20,0x20,
    0x20,0x20,0x66,0x6c,0x6f,0x61,0x74,0x20,0x5f,0x32,0x34,0x31,0x20,0x3d,0x20,0x6d,
    0x61,0x78,0x28,0x72,0x6f,0x75,0x67,0x68,0x6e,0x65,0x73,0x73,0x2c,0x20,0x30,0x2e,
    0x30,0x34,0x35,0x30,0x30,0x30,0x30,0x30,0x31,0x37,0x38,0x38,0x31,0x33,0x39,0x33,
    0x34,0x33,0x32,0x36,0x31,0x37,0x31,0x38,0x37,0x35,0x66,0x29,0x3b,0x0a,0x20,0x20,
    0x20,0x20,0x66,0x6c,0x6f,0x61,0x74,0x20,0x5f,0x32,0x34,0x35,0x20,0x3d,0x20,0x5f,
    0x32,0x34,0x31,0x20,0x2a,0x20,0x5f,0x32,0x34,0x31,0x3b,0x0a,0x20,0x20,0x20,0x20,
    0x66,0x6c,0x6f,0x61,0x74,0x20,0x70,0x61,0x72,0x61,0x6d,0x20,0x3d,0x20,0x6d,0x61,
    0x78,0x28,0x64,0x6f,0x74,0x28,0x4e,0x2c,0x20,0x5f,0x32,0x32,0x37,0x29,0x2c,0x20,
    0x30,0x2e,0x30,0x66,0x29,0x3b,0x0a,0x20,0x20,0x20,0x20,0x66,0x6c,0x6f,0x61,0x74,
    0x20,0x70,0x61,0x72,0x61,0x6d,0x5f,0x31,0x20,0x3d,0x20,0x5f,0x32,0x34,0x35,0x3b,
    0x0a,0x20,0x20,0x20,0x20,0x66,0x6c,0x6f,0x61,0x74,0x20,0x70,0x61,0x72,0x61,0x6d,
    0x5f,0x32,0x20,0x3d,0x20,0x6d,0x61,0x78,0x28,0x64,0x6f,0x74,0x28,0x4e,0x2c,0x20,
    0x56,0x29,0x2c,0x20,0x39,0x2e,0x39,0x39,0x39,0x39,0x39,0x39,0x37,0x34,0x37,0x33,
    0x37,0x38,0x37,0x35,0x31,0x36,0x33,0x35,0x35,0x35,0x31,0x34,0x35,0x32,0x36,0x33,
    0x36,0x37,0x31,0x38,0x38,0x65,0x2d,0x30,0x35,0x66,0x29,0x3b,0x0a,0x20,0x20,0x20,
    0x20,0x66,0x6c,0x6f,0x61,0x74,0x20,0x70,0x61,0x72,0x61,0x6d,0x5f,0x33,0x20,0x3d,
    0x20,0x5f,0x32,0x31,0x36,0x3b,0x0a,0x20,0x20,0x20,0x20,0x66,0x6c,0x6f,0x61,0x74,
    0x20,0x70,0x61,0x72,0x61,0x6d,0x5f,0x34,0x20,0x3d,0x20,0x5f,0x32,0x34,0x35,0x3b,
    0x0a,0x20,0x20,0x20,0x20,0x66,0x6c,0x6f,0x61,0x74,0x20,0x70,0x61,0x72,0x61,0x6d,
    0x5f,0x35,0x20,0x3d,0x20,0x6d,0x61,0x78,0x28,0x64,0x6f,0x74,0x28,0x56,0x2c,0x20,
    0x5f,0x32,0x32,0x37,0x29,0x2c,0x20,0x30,0x2e,0x30,0x66,0x29,0x3b,0x0a,0x20,0x20,
    0x20,0x20,0x66,0x6c,0x6f,0x61,0x74,0x33,0x20,0x70,0x61,0x72,0x61,0x6d,0x5f,0x36,
    0x20,0x3d,0x20,0x6c,0x65,0x72,0x70,0x28,0x30,0x2e,0x30,0x33,0x39,0x39,0x39,0x39,
    0x39,0x39,0x39,0x31,0x30,0x35,0x39,0x33,0x30,0x33,0x32,0x38,0x33,0x36,0x39,0x31,
    0x34,0x30,0x36,0x32,0x35,0x66,0x2e,0x78,0x78,0x78,0x2c,0x20,0x62,0x61,0x73,0x65,
    0x5f,0x63,0x6f,0x6c,0x6f,0x72,0x2c,0x20,0x6d,0x65,0x74,0x61,0x6c,0x6c,0x69,0x63,
    0x2e,0x78,0x78,0x78,0x29,0x3b,0x0a,0x20,0x20,0x20,0x20,0x66,0x6c,0x6f,0x61,0x74,
    0x33,0x20,0x5f,0x32,0x37,0x32,0x20,0x3d,0x20,0x70,0x62,0x72,0x46,0x72,0x65,0x73,
    0x6e,0x65,0x6c,0x53,0x63,0x68,0x6c,0x69,0x63,0x6b,0x28,0x70,0x61,0x72,0x61,0x6d,
    0x5f,0x35,0x2c,0x20,0x70,0x61,0x72,0x61,0x6d,0x5f,0x36,0x29,0x3b,0x0a,0x20,0x20,
    0x20,0x20,0x72,0x65,0x74,0x75,0x72,0x6e,0x20,0x28,0x28,0x28,0x28,0x28,0x28,0x31,
    0x2e,0x30,0x66,0x2e,0x78,0x78,0x78,0x20,0x2d,0x20,0x5f,0x32,0x37,0x32,0x29,0x20,
    0x2a,0x20,0x28,0x31,0x2e,0x30,0x66,0x20,0x2d,0x20,0x6d,0x65,0x74,0x61,0x6c,0x6c,
    0x69,0x63,0x29,0x29,0x20,0x2a,0x20,0x62,0x61,0x73,0x65,0x5f,0x63,0x6f,0x6c,0x6f,
    0x72,0x29,0x20,0x2a,0x20,0x30,0x2e,0x33,0x31,0x38,0x33,0x30,0x39,0x38,0x37,0x33,
    0x33,0x34,0x32,0x35,0x31,0x34,0x30,0x33,0x38,0x30,0x38,0x35,0x39,0x33,0x37,0x35,
    0x66,0x2e,0x78,0x78,0x78,0x29,0x20,0x2b,0x20,0x28,0x5f,0x32,0x37,0x32,0x20,0x2a,
    0x20,0x28,0x70,0x62,0x72,0x44,0x69,0x73,0x74,0x72,0x69,0x62,0x75,0x74,0x69,0x6f,
    0x6e,0x47,0x47,0x58,0x28,0x70,0x61,0x72,0x61,0x6d,0x2c,0x20,0x70,0x61,0x72,0x61,
    0x6d,0x5f,0x31,0x29,0x20,0x2a,0x20,0x70,0x62,0x72,0x56,0x69,0x73,0x69,0x62,0x69,
    0x6c,0x69,0x74,0x79,0x53,0x6d,0x69,0x74,0x68,0x43,0x6f,0x72,0x72,0x65,0x6c,0x61,
    0x74,0x65,0x64,0x28,0x70,0x61,0x72,0x61,0x6d,0x5f,0x32,0x2c,0x20,0x70,0x61,0x72,
    0x61,0x6d,0x5f,0x33,0x2c,0x20,0x70,0x61,0x72,0x61,0x6d,0x5f,0x34,0x29,0x29,0x29,
    0x29,0x20,0x2a,0x20,0x73,0x75,0x6e,0x5f,0x72,0x61,0x64,0x69,0x61,0x6e,0x63,0x65,
    0x29,0x20,0x2a,0x20,0x5f,0x32,0x31,0x36,0x3b,0x0a,0x7d,0x0a,0x0a,0x66,0x6c,0x6f,
    0x61,0x74,0x33,0x20,0x70,0x62,0x72,0x45,0x76,0x61,0x6c,0x75,0x61,0x74,0x65,0x53,
    0x68,0x49,0x72,0x72,0x61,0x64,0x69,0x61,0x6e,0x63,0x65,0x28,0x66,0x6c,0x6f,0x61,
    0x74,0x33,0x20,0x4e,0x2c,0x20,0x66,0x6c,0x6f,0x61,0x74,0x34,0x20,0x73,0x68,0x5b,
    0x39,0x5d,0x29,0x0a,0x7b,0x0a,0x20,0x20,0x20,0x20,0x66,0x6c,0x6f,0x61,0x74,0x33,
    0x20,0x5f,0x34,0x32,0x36,0x20,0x3d,0x20,0x28,0x28,0x28,0x28,0x28,0x28,0x28,0x28,
    0x73,0x68,0x5b,0x30,0x5d,0x2e,0x78,0x79,0x7a,0x20,0x2a,0x20,0x30,0x2e,0x32,0x38,
    0x32,0x30,0x39,0x34,0x38,0x30,0x36,0x34,0x33,0x32,0x37,0x32,0x33,0x39,0x39,0x39,
    0x30,0x32,0x33,0x34,0x33,0x37,0x35,0x66,0x29,0x20,0x2b,0x20,0x28,0x73,0x68,0x5b,
    0x31,0x5d,0x2e,0x78,0x79,0x7a,0x20,0x2a,0x20,0x28,0x28,0x2d,0x30,0x2e,0x34,0x38,
    0x38,0x36,0x30,0x32,0x35,0x31,0x39,0x30,0x33,0x35,0x33,0x33,0x39,0x33,0x35,0x35,
    0x34,0x36,0x38,0x37,0x35,0x66,0x29,0x20,0x2a,0x20,0x4e,0x2e,0x79,0x29,0x29,0x29,
    0x20,0x2b,0x20,0x28,0x73,0x68,0x5b,0x32,0x5d,0x2e,0x78,0x79,0x7a,0x20,0x2a,0x20,
    0x28,0x30,0x2e,0x34,0x38,0x38,0x36,0x30,0x32,0x35,0x31,0x39,0x30,0x33,0x35,0x33,
    0x33,0x39,0x33,0x35,0x35,0x34,0x36,0x38,0x37,0x35,0x66,0x20,0x2a,0x20,0x4e,0x2e,
    0x7a,0x29,0x29,0x29,0x20,0x2b,0x20,0x28,0x73,0x68,0x5b,0x33,0x5d,0x2e,0x78,0x79,
    0x7a,0x20,0x2a,0x20,0x28,0x28,0x2d,0x30,0x2e,0x34,0x38,0x38,0x36,0x30,0x32,0x35,
    0x31,0x39,0x30,0x33,0x35,0x33,0x33,0x39,0x33,0x35,0x35,0x34,0x36,0x38,0x37,0x35,
    0x66,0x29,0x20,0x2a,0x20,0x4e,0x2e,0x78,0x29,0x29,0x29,0x20,0x2b,0x20,0x28,0x73,
    0x68,0x5b,0x34,0x5d,0x2e,0x78,0x79,0x7a,0x20,0x2a,0x20,0x28,0x28,0x31,0x2e,0x30,
    0x39,0x32,0x35,0x34,0x38,0x34,0x38,0x39,0x35,0x37,0x30,0x36,0x31,0x37,0x36,0x37,
    0x35,0x37,0x38,0x31,0x32,0x35,0x66,0x20,0x2a,0x20,0x4e,0x2e,0x78,0x29,0x20,0x2a,
    0x20,0x4e,0x2e,0x79,0x29,0x29,0x29,0x20,0x2b,0x20,0x28,0x73,0x68,0x5b,0x35,0x5d,
    0x2e,0x78,0x79,0x7a,0x20,0x2a,0x20,0x28,0x28,0x28,0x2d,0x31,0x2e,0x30,0x39,0x32,
    0x35,0x34,0x38,0x34,0x38,0x39,0x35,0x37,0x30,0x36,0x31,0x37,0x36,0x37,0x35,0x37,
    0x38,0x31,0x32,0x35,0x66,0x29,0x20,0x2a,0x20,0x4e,0x2e,0x79,0x29,0x20,0x2a,0x20,
    0x4e,0x2e,0x7a,0x29,0x29,0x29,0x20,0x2b,0x20,0x28,0x73,0x68,0x5b,0x36,0x5d,0x2e,
    0x78,0x79,0x7a,0x20,0x2a,0x20,0x28,0x30,0x2e,0x33,0x31,0x35,0x33,0x39,0x31,0x35,
    0x37,0x30,0x33,0x32,0x39,0x36,0x36,0x36,0x31,0x33,0x37,0x36,0x39,0x35,0x33,0x31,
    0x32,0x35,0x66,0x20,0x2a,0x20,0x28,0x28,0x28,0x33,0x2e,0x30,0x66,0x20,0x2a,0x20,
    0x4e,0x2e,0x7a,0x29,0x20,0x2a,0x20,0x4e,0x2e,0x7a,0x29,0x20,0x2d,0x20,0x31,0x2e,
    0x30,0x66,0x29,0x29,0x29,0x29,0x20,0x2b,0x20,0x28,0x73,0x68,0x5b,0x37,0x5d,0x2e,
    0x78,0x79,0x7a,0x20,0x2a,0x20,0x28,0x28,0x28,0x2d,0x31,0x2e,0x30,0x39,0x32,0x35,
    0x34,0x38,0x34,0x38,0x39,0x35,0x37,0x30,0x36,0x31,0x37,0x36,0x37,0x35,0x37,0x38,
    0x31,0x32,0x35,0x66,0x29,0x20,0x2a,0x20,0x4e,0x2e,0x78,0x29,0x20,0x2a,0x20,0x4e,
    0x2e,0x7a,0x29,0x29,0x29,0x20,0x2b,0x20,0x28,0x73,0x68,0x5b,0x38,0x5d,0x2e,0x78,
    0x79,0x7a,0x20,0x2a,0x20,0x28,0x30,0x2e,0x35,0x34,0x36,0x32,0x37,0x34,0x32,0x34,
    0x34,0x37,0x38,0x35,0x33,0x30,0x38,0x38,0x33,0x37,0x38,0x39,0x30,0x36,0x32,0x35,
    0x66,0x20,0x2a,0x20,0x28,0x28,0x4e,0x2e,0x78,0x20,0x2a,0x20,0x4e,0x2e,0x78,0x29,
    0x20,0x2d,0x20,0x28,0x4e,0x2e,0x79,0x20,0x2a,0x20,0x4e,0x2e,0x79,0x29,0x29,0x29,
    0x29,0x3b,0x0a,0x20,0x20,0x20,0x20,0x72,0x65,0x74,0x75,0x72,0x6e,0x20,0x5f,0x34,
    0x32,0x36,0x3b,0x0a,0x7d,0x0a,0x0a,0x66,0x6c,0x6f,0x61,0x74,0x33,0x20,0x70,0x62,
    0x72,0x45,0x76,0x61,0x6c,0x75,0x61,0x74,0x65,0x49,0x62,0x6c,0x28,0x66,0x6c,0x6f,
    0x61,0x74,0x33,0x20,0x4e,0x5f,0x77,0x6f,0x72,0x6c,0x64,0x2c,0x20,0x66,0x6c,0x6f,
    0x61,0x74,0x33,0x20,0x56,0x5f,0x77,0x6f,0x72,0x6c,0x64,0x2c,0x20,0x66,0x6c,0x6f,
    0x61,0x74,0x33,0x20,0x62,0x61,0x73,0x65,0x5f,0x63,0x6f,0x6c,0x6f,0x72,0x2c,0x20,
    0x66,0x6c,0x6f,0x61,0x74,0x20,0x6d,0x65,0x74,0x61,0x6c,0x6c,0x69,0x63,0x2c,0x20,
    0x66,0x6c,0x6f,0x61,0x74,0x20,0x72,0x6f,0x75,0x67,0x68,0x6e,0x65,0x73,0x73,0x2c,
    0x20,0x66,0x6c,0x6f,0x61,0x74,0x34,0x20,0x73,0x68,0x5b,0x39,0x5d,0x2c,0x20,0x54,
    0x65,0x78,0x74,0x75,0x72,0x65,0x43,0x75,0x62,0x65,0x3c,0x66,0x6c,0x6f,0x61,0x74,
    0x34,0x3e,0x20,0x74,0x65,0x78,0x5f,0x73,0x70,0x65,0x63,0x5f,0x63,0x75,0x62,0x65,
    0x2c,0x20,0x53,0x61,0x6d,0x70,0x6c,0x65,0x72,0x53,0x74,0x61,0x74,0x65,0x20,0x73,
    0x6d,0x70,0x5f,0x73,0x70,0x65,0x63,0x5f,0x63,0x75,0x62,0x65,0x2c,0x20,0x54,0x65,
    0x78,0x74,0x75,0x72,0x65,0x32,0x44,0x3c,0x66,0x6c,0x6f,0x61,0x74,0x34,0x3e,0x20,
    0x74,0x65,0x78,0x5f,0x62,0x72,0x64,0x66,0x5f,0x6c,0x75,0x74,0x5f,0x31,0x2c,0x20,
    0x53,0x61,0x6d,0x70,0x6c,0x65,0x72,0x53,0x74,0x61,0x74,0x65,0x20,0x73,0x6d,0x70,
    0x5f,0x62,0x72,0x64,0x66,0x5f,0x6c,0x75,0x74,0x5f,0x31,0x2c,0x20,0x66,0x6c,0x6f,
    0x61,0x74,0x20,0x6d,0x61,0x78,0x5f,0x6c,0x6f,0x64,0x29,0x0a,0x7b,0x0a,0x20,0x20,
    0x20,0x20,0x66,0x6c,0x6f,0x61,0x74,0x20,0x5f,0x34,0x33,0x33,0x20,0x3d,0x20,0x63,
    0x6c,0x61,0x6d,0x70,0x28,0x64,0x6f,0x74,0x28,0x4e,0x5f,0x77,0x6f,0x72,0x6c,0x64,
    0x2c,0x20,0x56,0x5f,0x77,0x6f,0x72,0x6c,0x64,0x29,0x2c,0x20,0x39,0x2e,0x39,0x39,
    0x39,0x39,0x39,0x39,0x37,0x34,0x37,0x33,0x37,0x38,0x37,0x35,0x31,0x36,0x33,0x35,
    0x35,0x35,0x31,0x34,0x35,0x32,0x36,0x33,0x36,0x37,0x31,0x38,0x38,0x65,0x2d,0x30,
    0x35,0x66,0x2c,0x20,0x31,0x2e,0x30,0x66,0x29,0x3b,0x0a,0x20,0x20,0x20,0x20,0x66,
    0x6c,0x6f,0x61,0x74,0x33,0x20,0x5f,0x34,0x34,0x33,0x20,0x3d,0x20,0x6c,0x65,0x72,
    0x70,0x28,0x30,0x2e,0x30,0x33,0x39,0x39,0x39,0x39,0x39,0x39,0x39,0x31,0x30,0x35,
    0x39,0x33,0x30,0x33,0x32,0x38,0x33,0x36,0x39,0x31,0x34,0x30,0x36,0x32,0x35,0x66,
    0x2e,0x78,0x78,0x78,0x2c,0x20,0x62,0x61,0x73,0x65,0x5f,0x63,0x6f,0x6c,0x6f,0x72,
    0x2c,0x20,0x6d,0x65,0x74,0x61,0x6c,0x6c,0x69,0x63,0x2e,0x78,0x78,0x78,0x29,0x3b,
    0x0a,0x20,0x20,0x20,0x20,0x66,0x6c,0x6f,0x61,0x74,0x33,0x20,0x70,0x61,0x72,0x61,
    0x6d,0x20,0x3d,0x20,0x4e,0x5f,0x77,0x6f,0x72,0x6c,0x64,0x3b,0x0a,0x20,0x20,0x20,
    0x20,0x66,0x6c,0x6f,0x61,0x74,0x34,0x20,0x70,0x61,0x72,0x61,0x6d,0x5f,0x31,0x5b,
    0x39,0x5d,0x20,0x3d,0x20,0x73,0x68,0x3b,0x0a,0x20,0x20,0x20,0x20,0x66,0x6c,0x6f,
    0x61,0x74,0x34,0x20,0x5f,0x35,0x30,0x37,0x20,0x3d,0x20,0x74,0x65,0x78,0x5f,0x62,
    0x72,0x64,0x66,0x5f,0x6c,0x75,0x74,0x5f,0x31,0x2e,0x53,0x61,0x6d,0x70,0x6c,0x65,
    0x28,0x73,0x6d,0x70,0x5f,0x62,0x72,0x64,0x66,0x5f,0x6c,0x75,0x74,0x5f,0x31,0x2c,
    0x20,0x66,0x6c,0x6f,0x61,0x74,0x32,0x28,0x5f,0x34,0x33,0x33,0x2c,0x20,0x72,0x6f,
    0x75,0x67,0x68,0x6e,0x65,0x73,0x73,0x29,0x29,0x3b,0x0a,0x20,0x20,0x20,0x20,0x72,
    0x65,0x74,0x75,0x72,0x6e,0x20,0x28,0x28,0x28,0x28,0x28,0x31,0x2e,0x30,0x66,0x2e,
    0x78,0x78,0x78,0x20,0x2d,0x20,0x28,0x5f,0x34,0x34,0x33,0x20,0x2b,0x20,0x28,0x28,
    0x6d,0x61,0x78,0x28,0x28,0x31,0x2e,0x30,0x66,0x20,0x2d,0x20,0x72,0x6f,0x75,0x67,
    0x68,0x6e,0x65,0x73,0x73,0x29,0x2e,0x78,0x78,0x78,0x2c,0x20,0x5f,0x34,0x34,0x33,
    0x29,0x20,0x2d,0x20,0x5f,0x34,0x34,0x33,0x29,0x20,0x2a,0x20,0x70,0x6f,0x77,0x28,
    0x6d,0x61,0x78,0x28,0x30,0x2e,0x30,0x66,0x2c,0x20,0x31,0x2e,0x30,0x66,0x20,0x2d,
    0x20,0x5f,0x34,0x33,0x33,0x29,0x2c,0x20,0x35,0x2e,0x30,0x66,0x29,0x29,0x29,0x29,
    0x20,0x2a,0x20,0x28,0x31,0x2e,0x30,0x66,0x20,0x2d,0x20,0x6d,0x65,0x74,0x61,0x6c,
    0x6c,0x69,0x63,0x29,0x29,0x20,0x2a,0x20,0x62,0x61,0x73,0x65,0x5f,0x63,0x6f,0x6c,
    0x6f,0x72,0x29,0x20,0x2a,0x20,0x6d,0x61,0x78,0x28,0x70,0x62,0x72,0x45,0x76,0x61,
    0x6c,0x75,0x61,0x74,0x65,0x53,0x68,0x49,0x72,0x72,0x61,0x64,0x69,0x61,0x6e,0x63,
    0x65,0x28,0x70,0x61,0x72,0x61,0x6d,0x2c,0x20,0x70,0x61,0x72,0x61,0x6d,0x5f,0x31,
    0x29,0x2c,0x20,0x30,0x2e,0x30,0x66,0x2e,0x78,0x78,0x78,0x29,0x29,0x20,0x2a,0x20,
    0x30,0x2e,0x33,0x31,0x38,0x33,0x30,0x39,0x38,0x37,0x33,0x33,0x34,0x32,0x35,0x31,
    0x34,0x30,0x33,0x38,0x30,0x38,0x35,0x39,0x33,0x37,0x35,0x66,0x2e,0x78,0x78,0x78,
    0x29,0x20,0x2b,0x20,0x28,0x74,0x65,0x78,0x5f,0x73,0x70,0x65,0x63,0x5f,0x63,0x75,
    0x62,0x65,0x2e,0x53,0x61,0x6d,0x70,0x6c,0x65,0x4c,0x65,0x76,0x65,0x6c,0x28,0x73,
    0x6d,0x70,0x5f,0x73,0x70,0x65,0x63,0x5f,0x63,0x75,0x62,0x65,0x2c,0x20,0x72,0x65,
    0x66,0x6c,0x65,0x63,0x74,0x28,0x2d,0x56,0x5f,0x77,0x6f,0x72,0x6c,0x64,0x2c,0x20,
    0x4e,0x5f,0x77,0x6f,0x72,0x6c,0x64,0x29,0x2c,0x20,0x72,0x6f,0x75,0x67,0x68,0x6e,
    0x65,0x73,0x73,0x20,0x2a,0x20,0x6d,0x61,0x78,0x5f,0x6c,0x6f,0x64,0x29,0x2e,0x78,
    0x79,0x7a,0x20,0x2a,0x20,0x28,0x28,0x5f,0x34,0x34,0x33,0x20,0x2a,0x20,0x5f,0x35,
    0x30,0x37,0x2e,0x78,0x29,0x20,0x2b,0x20,0x5f,0x35,0x30,0x37,0x2e,0x79,0x2e,0x78,
    0x78,0x78,0x29,0x29,0x3b,0x0a,0x7d,0x0a,0x0a,0x66,0x6c,0x6f,0x61,0x74,0x33,0x20,
    0x70,0x62,0x72,0x45,0x76,0x61,0x6c,0x75,0x61,0x74,0x65,0x41,0x6d,0x62,0x69,0x65,
    0x6e,0x74,0x28,0x62,0x6f,0x6f,0x6c,0x20,0x69,0x62,0x6c,0x45,0x6e,0x61,0x62,0x6c,
    0x65,0x64,0x2c,0x20,0x66,0x6c,0x6f,0x61,0x74,0x33,0x20,0x4e,0x5f,0x77,0x6f,0x72,
    0x6c,0x64,0x2c,0x20,0x66,0x6c,0x6f,0x61,0x74,0x33,0x20,0x56,0x5f,0x77,0x6f,0x72,
    0x6c,0x64,0x2c,0x20,0x66,0x6c,0x6f,0x61,0x74,0x33,0x20,0x62,0x61,0x73,0x65,0x5f,
    0x63,0x6f,0x6c,0x6f,0x72,0x2c,0x20,0x66,0x6c,0x6f,0x61,0x74,0x20,0x6d,0x65,0x74,
    0x61,0x6c,0x6c,0x69,0x63,0x2c,0x20,0x66,0x6c,0x6f,0x61,0x74,0x20,0x72,0x6f,0x75,
    0x67,0x68,0x6e,0x65,0x73,0x73,0x2c,0x20,0x66,0x6c,0x6f,0x61,0x74,0x20,0x66,0x6c,
    0x61,0x74,0x5f,0x73,0x74,0x72,0x65,0x6e,0x67,0x74,0x68,0x2c,0x20,0x66,0x6c,0x6f,
    0x61,0x74,0x34,0x20,0x73,0x68,0x5b,0x39,0x5d,0x2c,0x20,0x54,0x65,0x78,0x74,0x75,
    0x72,0x65,0x43,0x75,0x62,0x65,0x3c,0x66,0x6c,0x6f,0x61,0x74,0x34,0x3e,0x20,0x74,
    0x65,0x78,0x5f,0x73,0x70,0x65,0x63,0x5f,0x63,0x75,0x62,0x65,0x2c,0x20,0x53,0x61,
    0x6d,0x70,0x6c,0x65,0x72,0x53,0x74,0x61,0x74,0x65,0x20,0x73,0x6d,0x70,0x5f,0x73,
    0x70,0x65,0x63,0x5f,0x63,0x75,0x62,0x65,0x2c,0x20,0x54,0x65,0x78,0x74,0x75,0x72,
    0x65,0x32,0x44,0x3c,0x66,0x6c,0x6f,0x61,0x74,0x34,0x3e,0x20,0x74,0x65,0x78,0x5f,
    0x62,0x72,0x64,0x66,0x5f,0x6c,0x75,0x74,0x5f,0x31,0x2c,0x20,0x53,0x61,0x6d,0x70,
    0x6c,0x65,0x72,0x53,0x74,0x61,0x74,0x65,0x20,0x73,0x6d,0x70,0x5f,0x62,0x72,0x64,
    0x66,0x5f,0x6c,0x75,0x74,0x5f,0x31,0x2c,0x20,0x66,0x6c,0x6f,0x61,0x74,0x20,0x6d,
    0x61,0x78,0x5f,0x6c,0x6f,0x64,0x29,0x0a,0x7b,0x0a,0x20,0x20,0x20,0x20,0x66,0x6c,
    0x6f,0x61,0x74,0x33,0x20,0x72,0x65,0x73,0x75,0x6c,0x74,0x20,0x3d,0x20,0x62,0x61,
    0x73,0x65,0x5f,0x63,0x6f,0x6c,0x6f,0x72,0x20,0x2a,0x20,0x66,0x6c,0x61,0x74,0x5f,
    0x73,0x74,0x72,0x65,0x6e,0x67,0x74,0x68,0x3b,0x0a,0x20,0x20,0x20,0x20,0x69,0x66,
    0x20,0x28,0x69,0x62,0x6c,0x45,0x6e,0x61,0x62,0x6c,0x65,0x64,0x29,0x0a,0x20,0x20,
    0x20,0x20,0x7b,0x0a,0x20,0x20,0x20,0x20,0x20,0x20,0x20,0x20,0x66,0x6c,0x6f,0x61,
    0x74,0x33,0x20,0x70,0x61,0x72,0x61,0x6d,0x20,0x3d,0x20,0x4e,0x5f,0x77,0x6f,0x72,
    0x6c,0x64,0x3b,0x0a,0x20,0x20,0x20,0x20,0x20,0x20,0x20,0x20,0x66,0x6c,0x6f,0x61,
    0x74,0x33,0x20,0x70,0x61,0x72,0x61,0x6d,0x5f,0x31,0x20,0x3d,0x20,0x56,0x5f,0x77,
    0x6f,0x72,0x6c,0x64,0x3b,0x0a,0x20,0x20,0x20,0x20,0x20,0x20,0x20,0x20,0x66,0x6c,
    0x6f,0x61,0x74,0x33,0x20,0x70,0x61,0x72,0x61,0x6d,0x5f,0x32,0x20,0x3d,0x20,0x62,
    0x61,0x73,0x65,0x5f,0x63,0x6f,0x6c,0x6f,0x72,0x3b,0x0a,0x20,0x20,0x20,0x20,0x20,
    0x20,0x20,0x20,0x66,0x6c,0x6f,0x61,0x74,0x20,0x70,0x61,0x72,0x61,0x6d,0x5f,0x33,
    0x20,0x3d,0x20,0x6d,0x65,0x74,0x61,0x6c,0x6c,0x69,0x63,0x3b,0x0a,0x20,0x20,0x20,
    0x20,0x20,0x20,0x20,0x20,0x66,0x6c,0x6f,0x61,0x74,0x20,0x70,0x61,0x72,0x61,0x6d,
    0x5f,0x34,0x20,0x3d,0x20,0x72,0x6f,0x75,0x67,0x68,0x6e,0x65,0x73,0x73,0x3b,0x0a,
    0x20,0x20,0x20,0x20,0x20,0x20,0x20,0x20,0x66,0x6c,0x6f,0x61,0x74,0x34,0x20,0x70,
    0x61,0x72,0x61,0x6d,0x5f,0x35,0x5b,0x39,0x5d,0x20,0x3d,0x20,0x73,0x68,0x3b,0x0a,
    0x20,0x20,0x20,0x20,0x20,0x20,0x20,0x20,0x66,0x6c,0x6f,0x61,0x74,0x20,0x70,0x61,
    0x72,0x61,0x6d,0x5f,0x36,0x20,0x3d,0x20,0x6d,0x61,0x78,0x5f,0x6c,0x6f,0x64,0x3b,
    0x0a,0x20,0x20,0x20,0x20,0x20,0x20,0x20,0x20,0x72,0x65,0x73,0x75,0x6c,0x74,0x20,
    0x3d,0x20,0x70,0x62,0x72,0x45,0x76,0x61,0x6c,0x75,0x61,0x74,0x65,0x49,0x62,0x6c,
    0x28,0x70,0x61,0x72,0x61,0x6d,0x2c,0x20,0x70,0x61,0x72,0x61,0x6d,0x5f,0x31,0x2c,
    0x20,0x70,0x61,0x72,0x61,0x6d,0x5f,0x32,0x2c,0x20,0x70,0x61,0x72,0x61,0x6d,0x5f,
    0x33,0x2c,0x20,0x70,0x61,0x72,0x61,0x6d,0x5f,0x34,0x2c,0x20,0x70,0x61,0x72,0x61,
    0x6d,0x5f,0x35,0x2c,0x20,0x74,0x65,0x78,0x5f,0x73,0x70,0x65,0x63,0x5f,0x63,0x75,
    0x62,0x65,0x2c,0x20,0x73,0x6d,0x70,0x5f,0x73,0x70,0x65,0x63,0x5f,0x63,0x75,0x62,
    0x65,0x2c,0x20,0x74,0x65,0x78,0x5f,0x62,0x72,0x64,0x66,0x5f,0x6c,0x75,0x74,0x5f,
    0x31,0x2c,0x20,0x73,0x6d,0x70,0x5f,0x62,0x72,0x64,0x66,0x5f,0x6c,0x75,0x74,0x5f,
    0x31,0x2c,0x20,0x70,0x61,0x72,0x61,0x6d,0x5f,0x36,0x29,0x3b,0x0a,0x20,0x20,0x20,
    0x20,0x7d,0x0a,0x20,0x20,0x20,0x20,0x72,0x65,0x74,0x75,0x72,0x6e,0x20,0x72,0x65,
    0x73,0x75,0x6c,0x74,0x3b,0x0a,0x7d,0x0a,0x0a,0x76,0x6f,0x69,0x64,0x20,0x66,0x72,
    0x61,0x67,0x5f,0x6d,0x61,0x69,0x6e,0x28,0x29,0x0a,0x7b,0x0a,0x20,0x20,0x20,0x20,
    0x66,0x6c,0x6f,0x61,0x74,0x33,0x20,0x5f,0x31,0x32,0x38,0x30,0x20,0x3d,0x20,0x64,
    0x64,0x78,0x28,0x76,0x5f,0x76,0x69,0x65,0x77,0x5f,0x70,0x6f,0x73,0x29,0x3b,0x0a,
    0x20,0x20,0x20,0x20,0x66,0x6c,0x6f,0x61,0x74,0x33,0x20,0x5f,0x31,0x32,0x38,0x33,
    0x20,0x3d,0x20,0x64,0x64,0x79,0x28,0x76,0x5f,0x76,0x69,0x65,0x77,0x5f,0x70,0x6f,
    0x73,0x29,0x3b,0x0a,0x20,0x20,0x20,0x20,0x66,0x6c,0x6f,0x61,0x74,0x33,0x20,0x5f,
    0x31,0x32,0x39,0x32,0x20,0x3d,0x20,0x6e,0x6f,0x72,0x6d,0x61,0x6c,0x69,0x7a,0x65,
    0x28,0x63,0x72,0x6f,0x73,0x73,0x28,0x5f,0x31,0x32,0x38,0x33,0x20,0x2a,0x20,0x28,
    0x2d,0x5f,0x31,0x30,0x37,0x33,0x5f,0x73,0x68,0x61,0x64,0x6f,0x77,0x5f,0x70,0x61,
    0x72,0x61,0x6d,0x73,0x2e,0x78,0x29,0x2c,0x20,0x5f,0x31,0x32,0x38,0x30,0x29,0x29,
    0x3b,0x0a,0x20,0x20,0x20,0x20,0x66,0x6c,0x6f,0x61,0x74,0x20,0x5f,0x31,0x32,0x39,
    0x37,0x20,0x3d,0x20,0x2d,0x76,0x5f,0x76,0x69,0x65,0x77,0x5f,0x70,0x6f,0x73,0x2e,
    0x7a,0x3b,0x0a,0x20,0x20,0x20,0x20,0x69,0x66,0x20,0x28,0x5f,0x31,0x30,0x37,0x33,
    0x5f,0x66,0x6c,0x61,0x67,0x73,0x2e,0x78,0x20,0x3d,0x3d,0x20,0x31,0x29,0x0a,0x20,
    0x20,0x20,0x20,0x7b,0x0a,0x20,0x20,0x20,0x20,0x20,0x20,0x20,0x20,0x66,0x6c,0x6f,
    0x61,0x74,0x20,0x5f,0x31,0x33,0x30,0x38,0x20,0x3d,0x20,0x63,0x6c,0x61,0x6d,0x70,
    0x28,0x76,0x5f,0x76,0x69,0x65,0x77,0x5f,0x70,0x6f,0x73,0x2e,0x7a,0x20,0x2a,0x20,
    0x28,0x2d,0x30,0x2e,0x30,0x31,0x39,0x39,0x39,0x39,0x39,0x39,0x39,0x35,0x35,0x32,
    0x39,0x36,0x35,0x31,0x36,0x34,0x31,0x38,0x34,0x35,0x37,0x30,0x33,0x31,0x32,0x35,
    0x66,0x29,0x2c,0x20,0x30,0x2e,0x30,0x66,0x2c,0x20,0x31,0x2e,0x30,0x66,0x29,0x3b,
    0x0a,0x20,0x20,0x20,0x20,0x20,0x20,0x20,0x20,0x6f,0x75,0x74,0x5f,0x63,0x6f,0x6c,
    0x6f,0x72,0x20,0x3d,0x20,0x66,0x6c,0x6f,0x61,0x74,0x34,0x28,0x5f,0x31,0x33,0x30,
    0x38,0x2c,0x20,0x5f,0x31,0x33,0x30,0x38,0x2c,0x20,0x5f,0x31,0x33,0x30,0x38,0x2c,
    0x20,0x31,0x2e,0x30,0x66,0x29,0x3b,0x0a,0x20,0x20,0x20,0x20,0x20,0x20,0x20,0x20,
    0x72,0x65,0x74,0x75,0x72,0x6e,0x3b,0x0a,0x20,0x20,0x20,0x20,0x7d,0x0a,0x20,0x20,
    0x20,0x20,0x69,0x66,0x20,0x28,0x5f,0x31,0x30,0x37,0x33,0x5f,0x66,0x6c,0x61,0x67,
    0x73,0x2e,0x78,0x20,0x3d,0x3d,0x20,0x32,0x29,0x0a,0x20,0x20,0x20,0x20,0x7b,0x0a,
    0x20,0x20,0x20,0x20,0x20,0x20,0x20,0x20,0x66,0x6c,0x6f,0x61,0x74,0x34,0x20,0x70,
    0x61,0x72,0x61,0x6d,0x20,0x3d,0x20,0x5f,0x31,0x30,0x37,0x33,0x5f,0x63,0x61,0x73,
    0x63,0x61,0x64,0x65,0x5f,0x66,0x61,0x72,0x5f,0x76,0x69,0x65,0x77,0x5f,0x7a,0x3b,
    0x0a,0x20,0x20,0x20,0x20,0x20,0x20,0x20,0x20,0x66,0x6c,0x6f,0x61,0x74,0x20,0x70,
    0x61,0x72,0x61,0x6d,0x5f,0x31,0x20,0x3d,0x20,0x5f,0x31,0x32,0x39,0x37,0x3b,0x0a,
    0x20,0x20,0x20,0x20,0x20,0x20,0x20,0x20,0x69,0x6e,0x74,0x20,0x5f,0x31,0x33,0x32,
    0x35,0x20,0x3d,0x20,0x73,0x65,0x6c,0x65,0x63,0x74,0x53,0x68,0x61,0x64,0x6f,0x77,
    0x43,0x61,0x73,0x63,0x61,0x64,0x65,0x28,0x70,0x61,0x72,0x61,0x6d,0x2c,0x20,0x70,
    0x61,0x72,0x61,0x6d,0x5f,0x31,0x29,0x3b,0x0a,0x20,0x20,0x20,0x20,0x20,0x20,0x20,
    0x20,0x66,0x6c,0x6f,0x61,0x74,0x34,0x20,0x5f,0x31,0x33,0x33,0x36,0x20,0x3d,0x20,
    0x6d,0x75,0x6c,0x28,0x66,0x6c,0x6f,0x61,0x74,0x34,0x28,0x76,0x5f,0x77,0x6f,0x72,
    0x6c,0x64,0x5f,0x70,0x6f,0x73,0x2c,0x20,0x31,0x2e,0x30,0x66,0x29,0x2c,0x20,0x5f,
    0x31,0x30,0x37,0x33,0x5f,0x63,0x61,0x73,0x63,0x61,0x64,0x65,0x5f,0x6d,0x61,0x74,
    0x72,0x69,0x63,0x65,0x73,0x5b,0x5f,0x31,0x33,0x32,0x35,0x5d,0x29,0x3b,0x0a,0x20,
    0x20,0x20,0x20,0x20,0x20,0x20,0x20,0x66,0x6c,0x6f,0x61,0x74,0x33,0x20,0x5f,0x31,
    0x33,0x34,0x33,0x20,0x3d,0x20,0x5f,0x31,0x33,0x33,0x36,0x2e,0x78,0x79,0x7a,0x20,
    0x2f,0x20,0x5f,0x31,0x33,0x33,0x36,0x2e,0x77,0x2e,0x78,0x78,0x78,0x3b,0x0a,0x20,
    0x20,0x20,0x20,0x20,0x20,0x20,0x20,0x66,0x6c,0x6f,0x61,0x74,0x33,0x20,0x5f,0x31,
    0x33,0x36,0x30,0x20,0x3d,0x20,0x66,0x6c,0x6f,0x61,0x74,0x33,0x28,0x28,0x5f,0x31,
    0x33,0x34,0x33,0x2e,0x78,0x20,0x2a,0x20,0x30,0x2e,0x35,0x66,0x29,0x20,0x2b,0x20,
    0x30,0x2e,0x35,0x66,0x2c,0x20,0x28,0x28,0x5f,0x31,0x33,0x34,0x33,0x2e,0x79,0x20,
    0x2a,0x20,0x5f,0x31,0x30,0x37,0x33,0x5f,0x73,0x68,0x61,0x64,0x6f,0x77,0x5f,0x70,
    0x61,0x72,0x61,0x6d,0x73,0x2e,0x78,0x29,0x20,0x2a,0x20,0x30,0x2e,0x35,0x66,0x29,
    0x20,0x2b,0x20,0x30,0x2e,0x35,0x66,0x2c,0x20,0x5f,0x31,0x33,0x34,0x33,0x2e,0x7a,
    0x29,0x3b,0x0a,0x20,0x20,0x20,0x20,0x20,0x20,0x20,0x20,0x62,0x6f,0x6f,0x6c,0x20,
    0x5f,0x31,0x33,0x36,0x35,0x20,0x3d,0x20,0x61,0x6e,0x79,0x28,0x62,0x6f,0x6f,0x6c,
    0x33,0x28,0x5f,0x31,0x33,0x36,0x30,0x2e,0x78,0x20,0x3c,0x20,0x30,0x2e,0x30,0x66,
    0x2e,0x78,0x78,0x78,0x2e,0x78,0x2c,0x20,0x5f,0x31,0x33,0x36,0x30,0x2e,0x79,0x20,
    0x3c,0x20,0x30,0x2e,0x30,0x66,0x2e,0x78,0x78,0x78,0x2e,0x79,0x2c,0x20,0x5f,0x31,
    0x33,0x36,0x30,0x2e,0x7a,0x20,0x3c,0x20,0x30,0x2e,0x30,0x66,0x2e,0x78,0x78,0x78,
    0x2e,0x7a,0x29,0x29,0x3b,0x0a,0x20,0x20,0x20,0x20,0x20,0x20,0x20,0x20,0x62,0x6f,
    0x6f,0x6c,0x20,0x5f,0x31,0x33,0x37,0x32,0x3b,0x0a,0x20,0x20,0x20,0x20,0x20,0x20,
    0x20,0x20,0x69,0x66,0x20,0x28,0x21,0x5f,0x31,0x33,0x36,0x35,0x29,0x0a,0x20,0x20,
    0x20,0x20,0x20,0x20,0x20,0x20,0x7b,0x0a,0x20,0x20,0x20,0x20,0x20,0x20,0x20,0x20,
    0x20,0x20,0x20,0x20,0x5f,0x31,0x33,0x37,0x32,0x20,0x3d,0x20,0x61,0x6e,0x79,0x28,
    0x62,0x6f,0x6f,0x6c,0x33,0x28,0x5f,0x31,0x33,0x36,0x30,0x2e,0x78,0x20,0x3e,0x20,
    0x31,0x2e,0x30,0x66,0x2e,0x78,0x78,0x78,0x2e,0x78,0x2c,0x20,0x5f,0x31,0x33,0x36,
    0x30,0x2e,0x79,0x20,0x3e,0x20,0x31,0x2e,0x30,0x66,0x2e,0x78,0x78,0x78,0x2e,0x79,
    0x2c,0x20,0x5f,0x31,0x33,0x36,0x30,0x2e,0x7a,0x20,0x3e,0x20,0x31,0x2e,0x30,0x66,
    0x2e,0x78,0x78,0x78,0x2e,0x7a,0x29,0x29,0x3b,0x0a,0x20,0x20,0x20,0x20,0x20,0x20,
    0x20,0x20,0x7d,0x0a,0x20,0x20,0x20,0x20,0x20,0x20,0x20,0x20,0x65,0x6c,0x73,0x65,
    0x0a,0x20,0x20,0x20,0x20,0x20,0x20,0x20,0x20,0x7b,0x0a,0x20,0x20,0x20,0x20,0x20,
    0x20,0x20,0x20,0x20,0x20,0x20,0x20,0x5f,0x31,0x33,0x37,0x32,0x20,0x3d,0x20,0x5f,
    0x31,0x33,0x36,0x35,0x3b,0x0a,0x20,0x20,0x20,0x20,0x20,0x20,0x20,0x20,0x7d,0x0a,
    0x20,0x20,0x20,0x20,0x20,0x20,0x20,0x20,0x66,0x6c,0x6f,0x61,0x74,0x33,0x20,0x74,
    0x69,0x6e,0x74,0x20,0x3d,0x20,0x31,0x2e,0x30,0x66,0x2e,0x78,0x78,0x78,0x3b,0x0a,
    0x20,0x20,0x20,0x20,0x20,0x20,0x20,0x20,0x69,0x66,0x20,0x28,0x21,0x5f,0x31,0x33,
    0x37,0x32,0x29,0x0a,0x20,0x20,0x20,0x20,0x20,0x20,0x20,0x20,0x7b,0x0a,0x20,0x20,
    0x20,0x20,0x20,0x20,0x20,0x20,0x20,0x20,0x20,0x20,0x69,0x6e,0x74,0x20,0x70,0x61,
    0x72,0x61,0x6d,0x5f,0x32,0x20,0x3d,0x20,0x5f,0x31,0x33,0x32,0x35,0x3b,0x0a,0x20,
    0x20,0x20,0x20,0x20,0x20,0x20,0x20,0x20,0x20,0x20,0x20,0x74,0x69,0x6e,0x74,0x20,
    0x3d,0x20,0x73,0x68,0x61,0x64,0x6f,0x77,0x43,0x61,0x73,0x63,0x61,0x64,0x65,0x54,
    0x69,0x6e,0x74,0x28,0x70,0x61,0x72,0x61,0x6d,0x5f,0x32,0x29,0x3b,0x0a,0x20,0x20,
    0x20,0x20,0x20,0x20,0x20,0x20,0x7d,0x0a,0x20,0x20,0x20,0x20,0x20,0x20,0x20,0x20,
    0x6f,0x75,0x74,0x5f,0x63,0x6f,0x6c,0x6f,0x72,0x20,0x3d,0x20,0x66,0x6c,0x6f,0x61,
    0x74,0x34,0x28,0x74,0x69,0x6e,0x74,0x2c,0x20,0x31,0x2e,0x30,0x66,0x29,0x3b,0x0a,
    0x20,0x20,0x20,0x20,0x20,0x20,0x20,0x20,0x72,0x65,0x74,0x75,0x72,0x6e,0x3b,0x0a,
    0x20,0x20,0x20,0x20,0x7d,0x0a,0x20,0x20,0x20,0x20,0x69,0x66,0x20,0x28,0x5f,0x31,
    0x30,0x37,0x33,0x5f,0x66,0x6c,0x61,0x67,0x73,0x2e,0x78,0x20,0x3d,0x3d,0x20,0x33,
    0x29,0x0a,0x20,0x20,0x20,0x20,0x7b,0x0a,0x20,0x20,0x20,0x20,0x20,0x20,0x20,0x20,
    0x6f,0x75,0x74,0x5f,0x63,0x6f,0x6c,0x6f,0x72,0x20,0x3d,0x20,0x66,0x6c,0x6f,0x61,
    0x74,0x34,0x28,0x28,0x5f,0x31,0x32,0x39,0x32,0x20,0x2a,0x20,0x30,0x2e,0x35,0x66,
    0x29,0x20,0x2b,0x20,0x30,0x2e,0x35,0x66,0x2e,0x78,0x78,0x78,0x2c,0x20,0x31,0x2e,
    0x30,0x66,0x29,0x3b,0x0a,0x20,0x20,0x20,0x20,0x20,0x20,0x20,0x20,0x72,0x65,0x74,
    0x75,0x72,0x6e,0x3b,0x0a,0x20,0x20,0x20,0x20,0x7d,0x0a,0x20,0x20,0x20,0x20,0x75,
    0x69,0x6e,0x74,0x20,0x5f,0x31,0x34,0x31,0x33,0x5f,0x64,0x75,0x6d,0x6d,0x79,0x5f,
    0x70,0x61,0x72,0x61,0x6d,0x65,0x74,0x65,0x72,0x3b,0x0a,0x20,0x20,0x20,0x20,0x66,
    0x6c,0x6f,0x61,0x74,0x34,0x20,0x5f,0x31,0x34,0x32,0x31,0x20,0x3d,0x20,0x74,0x65,
    0x78,0x5f,0x61,0x6f,0x2e,0x53,0x61,0x6d,0x70,0x6c,0x65,0x4c,0x65,0x76,0x65,0x6c,
    0x28,0x73,0x6d,0x70,0x5f,0x61,0x6f,0x2c,0x20,0x67,0x6c,0x5f,0x46,0x72,0x61,0x67,
    0x43,0x6f,0x6f,0x72,0x64,0x2e,0x78,0x79,0x20,0x2f,0x20,0x66,0x6c,0x6f,0x61,0x74,
    0x32,0x28,0x69,0x6e,0x74,0x32,0x28,0x73,0x70,0x76,0x54,0x65,0x78,0x74,0x75,0x72,
    0x65,0x53,0x69,0x7a,0x65,0x28,0x74,0x65,0x78,0x5f,0x61,0x6f,0x2c,0x20,0x75,0x69,
    0x6e,0x74,0x28,0x30,0x29,0x2c,0x20,0x5f,0x31,0x34,0x31,0x33,0x5f,0x64,0x75,0x6d,
    0x6d,0x79,0x5f,0x70,0x61,0x72,0x61,0x6d,0x65,0x74,0x65,0x72,0x29,0x29,0x29,0x2c,
    0x20,0x30,0x2e,0x30,0x66,0x29,0x3b,0x0a,0x20,0x20,0x20,0x20,0x66,0x6c,0x6f,0x61,
    0x74,0x20,0x5f,0x31,0x34,0x32,0x32,0x20,0x3d,0x20,0x5f,0x31,0x34,0x32,0x31,0x2e,
    0x78,0x3b,0x0a,0x20,0x20,0x20,0x20,0x69,0x66,0x20,0x28,0x5f,0x31,0x30,0x37,0x33,
    0x5f,0x66,0x6c,0x61,0x67,0x73,0x2e,0x78,0x20,0x3d,0x3d,0x20,0x34,0x29,0x0a,0x20,
    0x20,0x20,0x20,0x7b,0x0a,0x20,0x20,0x20,0x20,0x20,0x20,0x20,0x20,0x6f,0x75,0x74,
    0x5f,0x63,0x6f,0x6c,0x6f,0x72,0x20,0x3d,0x20,0x66,0x6c,0x6f,0x61,0x74,0x34,0x28,
    0x5f,0x31,0x34,0x32,0x32,0x2c,0x20,0x5f,0x31,0x34,0x32,0x32,0x2c,0x20,0x5f,0x31,
    0x34,0x32,0x32,0x2c,0x20,0x31,0x2e,0x30,0x66,0x29,0x3b,0x0a,0x20,0x20,0x20,0x20,
    0x20,0x20,0x20,0x20,0x72,0x65,0x74,0x75,0x72,0x6e,0x3b,0x0a,0x20,0x20,0x20,0x20,
    0x7d,0x0a,0x20,0x20,0x20,0x20,0x66,0x6c,0x6f,0x61,0x74,0x33,0x20,0x5f,0x31,0x34,
    0x35,0x32,0x20,0x3d,0x20,0x6e,0x6f,0x72,0x6d,0x61,0x6c,0x69,0x7a,0x65,0x28,0x6d,
    0x75,0x6c,0x28,0x5f,0x31,0x32,0x39,0x32,0x2c,0x20,0x74,0x72,0x61,0x6e,0x73,0x70,
    0x6f,0x73,0x65,0x28,0x66,0x6c,0x6f,0x61,0x74,0x33,0x78,0x33,0x28,0x5f,0x31,0x30,
    0x37,0x33,0x5f,0x76,0x69,0x65,0x77,0x5b,0x30,0x5d,0x2e,0x78,0x79,0x7a,0x2c,0x20,
    0x5f,0x31,0x30,0x37,0x33,0x5f,0x76,0x69,0x65,0x77,0x5b,0x31,0x5d,0x2e,0x78,0x79,
    0x7a,0x2c,0x20,0x5f,0x31,0x30,0x37,0x33,0x5f,0x76,0x69,0x65,0x77,0x5b,0x32,0x5d,
    0x2e,0x78,0x79,0x7a,0x29,0x29,0x29,0x29,0x3b,0x0a,0x20,0x20,0x20,0x20,0x66,0x6c,
    0x6f,0x61,0x74,0x33,0x20,0x5f,0x31,0x34,0x35,0x37,0x20,0x3d,0x20,0x6e,0x6f,0x72,
    0x6d,0x61,0x6c,0x69,0x7a,0x65,0x28,0x5f,0x31,0x30,0x37,0x33,0x5f,0x73,0x75,0x6e,
    0x5f,0x64,0x69,0x72,0x5f,0x76,0x69,0x65,0x77,0x2e,0x78,0x79,0x7a,0x29,0x3b,0x0a,
    0x20,0x20,0x20,0x20,0x66,0x6c,0x6f,0x61,0x74,0x33,0x20,0x70,0x61,0x72,0x61,0x6d,
    0x5f,0x33,0x20,0x3d,0x20,0x76,0x5f,0x77,0x6f,0x72,0x6c,0x64,0x5f,0x70,0x6f,0x73,
    0x3b,0x0a,0x20,0x20,0x20,0x20,0x66,0x6c,0x6f,0x61,0x74,0x33,0x20,0x70,0x61,0x72,
    0x61,0x6d,0x5f,0x34,0x20,0x3d,0x20,0x5f,0x31,0x34,0x35,0x32,0x3b,0x0a,0x20,0x20,
    0x20,0x20,0x66,0x6c,0x6f,0x61,0x74,0x20,0x70,0x61,0x72,0x61,0x6d,0x5f,0x35,0x20,
    0x3d,0x20,0x6d,0x61,0x78,0x28,0x64,0x6f,0x74,0x28,0x5f,0x31,0x32,0x39,0x32,0x2c,
    0x20,0x5f,0x31,0x34,0x35,0x37,0x29,0x2c,0x20,0x30,0x2e,0x30,0x66,0x29,0x3b,0x0a,
    0x20,0x20,0x20,0x20,0x66,0x6c,0x6f,0x61,0x74,0x20,0x70,0x61,0x72,0x61,0x6d,0x5f,
    0x36,0x20,0x3d,0x20,0x5f,0x31,0x32,0x39,0x37,0x3b,0x0a,0x20,0x20,0x20,0x20,0x66,
    0x6c,0x6f,0x61,0x74,0x33,0x20,0x70,0x61,0x72,0x61,0x6d,0x5f,0x37,0x20,0x3d,0x20,
    0x5f,0x31,0x32,0x39,0x32,0x3b,0x0a,0x20,0x20,0x20,0x20,0x66,0x6c,0x6f,0x61,0x74,
    0x33,0x20,0x70,0x61,0x72,0x61,0x6d,0x5f,0x38,0x20,0x3d,0x20,0x6e,0x6f,0x72,0x6d,
    0x61,0x6c,0x69,0x7a,0x65,0x28,0x2d,0x76,0x5f,0x76,0x69,0x65,0x77,0x5f,0x70,0x6f,
    0x73,0x29,0x3b,0x0a,0x20,0x20,0x20,0x20,0x66,0x6c,0x6f,0x61,0x74,0x33,0x20,0x70,
    0x61,0x72,0x61,0x6d,0x5f,0x39,0x20,0x3d,0x20,0x5f,0x31,0x34,0x35,0x37,0x3b,0x0a,
    0x20,0x20,0x20,0x20,0x66,0x6c,0x6f,0x61,0x74,0x33,0x20,0x70,0x61,0x72,0x61,0x6d,
    0x5f,0x31,0x30,0x20,0x3d,0x20,0x5f,0x31,0x30,0x37,0x33,0x5f,0x73,0x75,0x6e,0x5f,
    0x63,0x6f,0x6c,0x6f,0x72,0x2e,0x78,0x79,0x7a,0x20,0x2a,0x20,0x73,0x61,0x6d,0x70,
    0x6c,0x65,0x53,0x68,0x61,0x64,0x6f,0x77,0x43,0x61,0x73,0x63,0x61,0x64,0x65,0x64,
    0x28,0x70,0x61,0x72,0x61,0x6d,0x5f,0x33,0x2c,0x20,0x70,0x61,0x72,0x61,0x6d,0x5f,
    0x34,0x2c,0x20,0x70,0x61,0x72,0x61,0x6d,0x5f,0x35,0x2c,0x20,0x70,0x61,0x72,0x61,
    0x6d,0x5f,0x36,0x29,0x3b,0x0a,0x20,0x20,0x20,0x20,0x66,0x6c,0x6f,0x61,0x74,0x33,
    0x20,0x70,0x61,0x72,0x61,0x6d,0x5f,0x31,0x31,0x20,0x3d,0x20,0x76,0x5f,0x62,0x61,
    0x73,0x65,0x5f,0x63,0x6f,0x6c,0x6f,0x72,0x2e,0x78,0x79,0x7a,0x3b,0x0a,0x20,0x20,
    0x20,0x20,0x66,0x6c,0x6f,0x61,0x74,0x20,0x70,0x61,0x72,0x61,0x6d,0x5f,0x31,0x32,
    0x20,0x3d,0x20,0x76,0x5f,0x6d,0x61,0x74,0x65,0x72,0x69,0x61,0x6c,0x2e,0x78,0x3b,
    0x0a,0x20,0x20,0x20,0x20,0x66,0x6c,0x6f,0x61,0x74,0x20,0x70,0x61,0x72,0x61,0x6d,
    0x5f,0x31,0x33,0x20,0x3d,0x20,0x76,0x5f,0x6d,0x61,0x74,0x65,0x72,0x69,0x61,0x6c,
    0x2e,0x79,0x3b,0x0a,0x20,0x20,0x20,0x20,0x62,0x6f,0x6f,0x6c,0x20,0x70,0x61,0x72,
    0x61,0x6d,0x5f,0x31,0x34,0x20,0x3d,0x20,0x5f,0x31,0x30,0x37,0x33,0x5f,0x69,0x62,
    0x6c,0x5f,0x70,0x61,0x72,0x61,0x6d,0x73,0x2e,0x79,0x20,0x3e,0x20,0x30,0x2e,0x35,
    0x66,0x3b,0x0a,0x20,0x20,0x20,0x20,0x66,0x6c,0x6f,0x61,0x74,0x33,0x20,0x70,0x61,
    0x72,0x61,0x6d,0x5f,0x31,0x35,0x20,0x3d,0x20,0x5f,0x31,0x34,0x35,0x32,0x3b,0x0a,
    0x20,0x20,0x20,0x20,0x66,0x6c,0x6f,0x61,0x74,0x33,0x20,0x70,0x61,0x72,0x61,0x6d,
    0x5f,0x31,0x36,0x20,0x3d,0x20,0x6e,0x6f,0x72,0x6d,0x61,0x6c,0x69,0x7a,0x65,0x28,
    0x5f,0x31,0x30,0x37,0x33,0x5f,0x63,0x61,0x6d,0x65,0x72,0x61,0x5f,0x70,0x6f,0x73,
    0x5f,0x77,0x6f,0x72,0x6c,0x64,0x2e,0x78,0x79,0x7a,0x20,0x2d,0x20,0x76,0x5f,0x77,
    0x6f,0x72,0x6c,0x64,0x5f,0x70,0x6f,0x73,0x29,0x3b,0x0a,0x20,0x20,0x20,0x20,0x66,
    0x6c,0x6f,0x61,0x74,0x33,0x20,0x70,0x61,0x72,0x61,0x6d,0x5f,0x31,0x37,0x20,0x3d,
    0x20,0x76,0x5f,0x62,0x61,0x73,0x65,0x5f,0x63,0x6f,0x6c,0x6f,0x72,0x2e,0x78,0x79,
    0x7a,0x3b,0x0a,0x20,0x20,0x20,0x20,0x66,0x6c,0x6f,0x61,0x74,0x20,0x70,0x61,0x72,
    0x61,0x6d,0x5f,0x31,0x38,0x20,0x3d,0x20,0x76,0x5f,0x6d,0x61,0x74,0x65,0x72,0x69,
    0x61,0x6c,0x2e,0x78,0x3b,0x0a,0x20,0x20,0x20,0x20,0x66,0x6c,0x6f,0x61,0x74,0x20,
    0x70,0x61,0x72,0x61,0x6d,0x5f,0x31,0x39,0x20,0x3d,0x20,0x76,0x5f,0x6d,0x61,0x74,
    0x65,0x72,0x69,0x61,0x6c,0x2e,0x79,0x3b,0x0a,0x20,0x20,0x20,0x20,0x66,0x6c,0x6f,
    0x61,0x74,0x20,0x70,0x61,0x72,0x61,0x6d,0x5f,0x32,0x30,0x20,0x3d,0x20,0x5f,0x31,
    0x30,0x37,0x33,0x5f,0x73,0x75,0x6e,0x5f,0x63,0x6f,0x6c,0x6f,0x72,0x2e,0x77,0x3b,
    0x0a,0x20,0x20,0x20,0x20,0x66,0x6c,0x6f,0x61,0x74,0x34,0x20,0x70,0x61,0x72,0x61,
    0x6d,0x5f,0x32,0x31,0x5b,0x39,0x5d,0x3b,0x0a,0x20,0x20,0x20,0x20,0x70,0x61,0x72,
    0x61,0x6d,0x5f,0x32,0x31,0x5b,0x30,0x5d,0x20,0x3d,0x20,0x5f,0x31,0x30,0x37,0x33,
    0x5f,0x73,0x68,0x5b,0x30,0x5d,0x3b,0x0a,0x20,0x20,0x20,0x20,0x70,0x61,0x72,0x61,
    0x6d,0x5f,0x32,0x31,0x5b,0x31,0x5d,0x20,0x3d,0x20,0x5f,0x31,0x30,0x37,0x33,0x5f,
    0x73,0x68,0x5b,0x31,0x5d,0x3b,0x0a,0x20,0x20,0x20,0x20,0x70,0x61,0x72,0x61,0x6d,
    0x5f,0x32,0x31,0x5b,0x32,0x5d,0x20,0x3d,0x20,0x5f,0x31,0x30,0x37,0x33,0x5f,0x73,
    0x68,0x5b,0x32,0x5d,0x3b,0x0a,0x20,0x20,0x20,0x20,0x70,0x61,0x72,0x61,0x6d,0x5f,
    0x32,0x31,0x5b,0x33,0x5d,0x20,0x3d,0x20,0x5f,0x31,0x30,0x37,0x33,0x5f,0x73,0x68,
    0x5b,0x33,0x5d,0x3b,0x0a,0x20,0x20,0x20,0x20,0x70,0x61,0x72,0x61,0x6d,0x5f,0x32,
    0x31,0x5b,0x34,0x5d,0x20,0x3d,0x20,0x5f,0x31,0x30,0x37,0x33,0x5f,0x73,0x68,0x5b,
    0x34,0x5d,0x3b,0x0a,0x20,0x20,0x20,0x20,0x70,0x61,0x72,0x61,0x6d,0x5f,0x32,0x31,
    0x5b,0x35,0x5d,0x20,0x3d,0x20,0x5f,0x31,0x30,0x37,0x33,0x5f,0x73,0x68,0x5b,0x35,
    0x5d,0x3b,0x0a,0x20,0x20,0x20,0x20,0x70,0x61,0x72,0x61,0x6d,0x5f,0x32,0x31,0x5b,
    0x36,0x5d,0x20,0x3d,0x20,0x5f,0x31,0x30,0x37,0x33,0x5f,0x73,0x68,0x5b,0x36,0x5d,
    0x3b,0x0a,0x20,0x20,0x20,0x20,0x70,0x61,0x72,0x61,0x6d,0x5f,0x32,0x31,0x5b,0x37,
    0x5d,0x20,0x3d,0x20,0x5f,0x31,0x30,0x37,0x33,0x5f,0x73,0x68,0x5b,0x37,0x5d,0x3b,
    0x0a,0x20,0x20,0x20,0x20,0x70,0x61,0x72,0x61,0x6d,0x5f,0x32,0x31,0x5b,0x38,0x5d,
    0x20,0x3d,0x20,0x5f,0x31,0x30,0x37,0x33,0x5f,0x73,0x68,0x5b,0x38,0x5d,0x3b,0x0a,
    0x20,0x20,0x20,0x20,0x66,0x6c,0x6f,0x61,0x74,0x20,0x70,0x61,0x72,0x61,0x6d,0x5f,
    0x32,0x32,0x20,0x3d,0x20,0x5f,0x31,0x30,0x37,0x33,0x5f,0x69,0x62,0x6c,0x5f,0x70,
    0x61,0x72,0x61,0x6d,0x73,0x2e,0x78,0x3b,0x0a,0x20,0x20,0x20,0x20,0x6f,0x75,0x74,
    0x5f,0x63,0x6f,0x6c,0x6f,0x72,0x20,0x3d,0x20,0x66,0x6c,0x6f,0x61,0x74,0x34,0x28,
    0x28,0x62,0x72,0x64,0x66,0x5f,0x65,0x76,0x61,0x6c,0x75,0x61,0x74,0x65,0x28,0x70,
    0x61,0x72,0x61,0x6d,0x5f,0x37,0x2c,0x20,0x70,0x61,0x72,0x61,0x6d,0x5f,0x38,0x2c,
    0x20,0x70,0x61,0x72,0x61,0x6d,0x5f,0x39,0x2c,0x20,0x70,0x61,0x72,0x61,0x6d,0x5f,
    0x31,0x30,0x2c,0x20,0x70,0x61,0x72,0x61,0x6d,0x5f,0x31,0x31,0x2c,0x20,0x70,0x61,
    0x72,0x61,0x6d,0x5f,0x31,0x32,0x2c,0x20,0x70,0x61,0x72,0x61,0x6d,0x5f,0x31,0x33,
    0x29,0x20,0x2b,0x20,0x28,0x70,0x62,0x72,0x45,0x76,0x61,0x6c,0x75,0x61,0x74,0x65,
    0x41,0x6d,0x62,0x69,0x65,0x6e,0x74,0x28,0x70,0x61,0x72,0x61,0x6d,0x5f,0x31,0x34,
    0x2c,0x20,0x70,0x61,0x72,0x61,0x6d,0x5f,0x31,0x35,0x2c,0x20,0x70,0x61,0x72,0x61,
    0x6d,0x5f,0x31,0x36,0x2c,0x20,0x70,0x61,0x72,0x61,0x6d,0x5f,0x31,0x37,0x2c,0x20,
    0x70,0x61,0x72,0x61,0x6d,0x5f,0x31,0x38,0x2c,0x20,0x70,0x61,0x72,0x61,0x6d,0x5f,
    0x31,0x39,0x2c,0x20,0x70,0x61,0x72,0x61,0x6d,0x5f,0x32,0x30,0x2c,0x20,0x70,0x61,
    0x72,0x61,0x6d,0x5f,0x32,0x31,0x2c,0x20,0x74,0x65,0x78,0x5f,0x69,0x62,0x6c,0x5f,
    0x73,0x70,0x65,0x63,0x2c,0x20,0x73,0x6d,0x70,0x5f,0x69,0x62,0x6c,0x5f,0x73,0x70,
    0x65,0x63,0x2c,0x20,0x74,0x65,0x78,0x5f,0x62,0x72,0x64,0x66,0x5f,0x6c,0x75,0x74,
    0x2c,0x20,0x73,0x6d,0x70,0x5f,0x62,0x72,0x64,0x66,0x5f,0x6c,0x75,0x74,0x2c,0x20,
    0x70,0x61,0x72,0x61,0x6d,0x5f,0x32,0x32,0x29,0x20,0x2a,0x20,0x5f,0x31,0x34,0x32,
    0x32,0x29,0x29,0x20,0x2a,0x20,0x76,0x5f,0x62,0x61,0x73,0x65,0x5f,0x63,0x6f,0x6c,
    0x6f,0x72,0x2e,0x77,0x2c,0x20,0x76,0x5f,0x62,0x61,0x73,0x65,0x5f,0x63,0x6f,0x6c,
    0x6f,0x72,0x2e,0x77,0x29,0x3b,0x0a,0x7d,0x0a,0x0a,0x53,0x50,0x49,0x52,0x56,0x5f,
    0x43,0x72,0x6f,0x73,0x73,0x5f,0x4f,0x75,0x74,0x70,0x75,0x74,0x20,0x6d,0x61,0x69,
    0x6e,0x28,0x53,0x50,0x49,0x52,0x56,0x5f,0x43,0x72,0x6f,0x73,0x73,0x5f,0x49,0x6e,
    0x70,0x75,0x74,0x20,0x73,0x74,0x61,0x67,0x65,0x5f,0x69,0x6e,0x70,0x75,0x74,0x29,
    0x0a,0x7b,0x0a,0x20,0x20,0x20,0x20,0x67,0x6c,0x5f,0x46,0x72,0x61,0x67,0x43,0x6f,
    0x6f,0x72,0x64,0x20,0x3d,0x20,0x73,0x74,0x61,0x67,0x65,0x5f,0x69,0x6e,0x70,0x75,
    0x74,0x2e,0x67,0x6c,0x5f,0x46,0x72,0x61,0x67,0x43,0x6f,0x6f,0x72,0x64,0x3b,0x0a,
    0x20,0x20,0x20,0x20,0x67,0x6c,0x5f,0x46,0x72,0x61,0x67,0x43,0x6f,0x6f,0x72,0x64,
    0x2e,0x77,0x20,0x3d,0x20,0x31,0x2e,0x30,0x20,0x2f,0x20,0x67,0x6c,0x5f,0x46,0x72,
    0x61,0x67,0x43,0x6f,0x6f,0x72,0x64,0x2e,0x77,0x3b,0x0a,0x20,0x20,0x20,0x20,0x76,
    0x5f,0x76,0x69,0x65,0x77,0x5f,0x70,0x6f,0x73,0x20,0x3d,0x20,0x73,0x74,0x61,0x67,
    0x65,0x5f,0x69,0x6e,0x70,0x75,0x74,0x2e,0x76,0x5f,0x76,0x69,0x65,0x77,0x5f,0x70,
    0x6f,0x73,0x3b,0x0a,0x20,0x20,0x20,0x20,0x76,0x5f,0x77,0x6f,0x72,0x6c,0x64,0x5f,
    0x70,0x6f,0x73,0x20,0x3d,0x20,0x73,0x74,0x61,0x67,0x65,0x5f,0x69,0x6e,0x70,0x75,
    0x74,0x2e,0x76,0x5f,0x77,0x6f,0x72,0x6c,0x64,0x5f,0x70,0x6f,0x73,0x3b,0x0a,0x20,
    0x20,0x20,0x20,0x76,0x5f,0x62,0x61,0x73,0x65,0x5f,0x63,0x6f,0x6c,0x6f,0x72,0x20,
    0x3d,0x20,0x73,0x74,0x61,0x67,0x65,0x5f,0x69,0x6e,0x70,0x75,0x74,0x2e,0x76,0x5f,
    0x62,0x61,0x73,0x65,0x5f,0x63,0x6f,0x6c,0x6f,0x72,0x3b,0x0a,0x20,0x20,0x20,0x20,
    0x76,0x5f,0x6d,0x61,0x74,0x65,0x72,0x69,0x61,0x6c,0x20,0x3d,0x20,0x73,0x74,0x61,
    0x67,0x65,0x5f,0x69,0x6e,0x70,0x75,0x74,0x2e,0x76,0x5f,0x6d,0x61,0x74,0x65,0x72,
    0x69,0x61,0x6c,0x3b,0x0a,0x20,0x20,0x20,0x20,0x66,0x72,0x61,0x67,0x5f,0x6d,0x61,
    0x69,0x6e,0x28,0x29,0x3b,0x0a,0x20,0x20,0x20,0x20,0x53,0x50,0x49,0x52,0x56,0x5f,
    0x43,0x72,0x6f,0x73,0x73,0x5f,0x4f,0x75,0x74,0x70,0x75,0x74,0x20,0x73,0x74,0x61,
    0x67,0x65,0x5f,0x6f,0x75,0x74,0x70,0x75,0x74,0x3b,0x0a,0x20,0x20,0x20,0x20,0x73,
    0x74,0x61,0x67,0x65,0x5f,0x6f,0x75,0x74,0x70,0x75,0x74,0x2e,0x6f,0x75,0x74,0x5f,
    0x63,0x6f,0x6c,0x6f,0x72,0x20,0x3d,0x20,0x6f,0x75,0x74,0x5f,0x63,0x6f,0x6c,0x6f,
    0x72,0x3b,0x0a,0x20,0x20,0x20,0x20,0x72,0x65,0x74,0x75,0x72,0x6e,0x20,0x73,0x74,
    0x61,0x67,0x65,0x5f,0x6f,0x75,0x74,0x70,0x75,0x74,0x3b,0x0a,0x7d,0x0a,0x00,
};
/*
    #include <metal_stdlib>
    #include <simd/simd.h>

    using namespace metal;

    struct cube_instance
    {
        float4 xform_row0;
        float4 xform_row1;
        float4 xform_row2;
        float4 base_color;
        float4 material;
    };

    struct cube_instances
    {
        cube_instance instances[1];
    };

    struct ub_draw
    {
        int4 inst_base;
    };

    struct ub_frame
    {
        float4x4 view;
        float4x4 proj;
        float4x4 view_proj;
        float4x4 inv_view_proj;
        float4 camera_pos;
        float4 viewport;
    };

    struct main0_out
    {
        float3 v_view_pos [[user(locn0)]];
        float3 v_world_pos [[user(locn1)]];
        float4 v_base_color [[user(locn2)]];
        float4 v_material [[user(locn3)]];
        float4 gl_Position [[position]];
    };

    struct main0_in
    {
        float3 in_pos [[attribute(0)]];
    };

    vertex main0_out main0(main0_in in [[stage_in]], constant ub_frame& _78 [[buffer(0)]], constant ub_draw& _21 [[buffer(2)]], const device cube_instances& _15 [[buffer(8)]], uint gl_InstanceIndex [[instance_id]])
    {
        main0_out out = {};
        int _30 = _21.inst_base.x + int(gl_InstanceIndex);
        float4 _58 = float4(in.in_pos, 1.0);
        float _64 = dot(_15.instances[_30].xform_row0, _58);
        float _68 = dot(_15.instances[_30].xform_row1, _58);
        float _72 = dot(_15.instances[_30].xform_row2, _58);
        float4 _87 = _78.view * float4(_64, _68, _72, 1.0);
        out.v_view_pos = _87.xyz;
        out.v_world_pos = float3(_64, _68, _72);
        out.v_base_color = _15.instances[_30].base_color;
        out.v_material = _15.instances[_30].material;
        out.gl_Position = _78.proj * _87;
        return out;
    }

*/
static const uint8_t vs_source_metal_macos[1543] = {
    0x23,0x69,0x6e,0x63,0x6c,0x75,0x64,0x65,0x20,0x3c,0x6d,0x65,0x74,0x61,0x6c,0x5f,
    0x73,0x74,0x64,0x6c,0x69,0x62,0x3e,0x0a,0x23,0x69,0x6e,0x63,0x6c,0x75,0x64,0x65,
    0x20,0x3c,0x73,0x69,0x6d,0x64,0x2f,0x73,0x69,0x6d,0x64,0x2e,0x68,0x3e,0x0a,0x0a,
    0x75,0x73,0x69,0x6e,0x67,0x20,0x6e,0x61,0x6d,0x65,0x73,0x70,0x61,0x63,0x65,0x20,
    0x6d,0x65,0x74,0x61,0x6c,0x3b,0x0a,0x0a,0x73,0x74,0x72,0x75,0x63,0x74,0x20,0x63,
    0x75,0x62,0x65,0x5f,0x69,0x6e,0x73,0x74,0x61,0x6e,0x63,0x65,0x0a,0x7b,0x0a,0x20,
    0x20,0x20,0x20,0x66,0x6c,0x6f,0x61,0x74,0x34,0x20,0x78,0x66,0x6f,0x72,0x6d,0x5f,
    0x72,0x6f,0x77,0x30,0x3b,0x0a,0x20,0x20,0x20,0x20,0x66,0x6c,0x6f,0x61,0x74,0x34,
    0x20,0x78,0x66,0x6f,0x72,0x6d,0x5f,0x72,0x6f,0x77,0x31,0x3b,0x0a,0x20,0x20,0x20,
    0x20,0x66,0x6c,0x6f,0x61,0x74,0x34,0x20,0x78,0x66,0x6f,0x72,0x6d,0x5f,0x72,0x6f,
    0x77,0x32,0x3b,0x0a,0x20,0x20,0x20,0x20,0x66,0x6c,0x6f,0x61,0x74,0x34,0x20,0x62,
    0x61,0x73,0x65,0x5f,0x63,0x6f,0x6c,0x6f,0x72,0x3b,0x0a,0x20,0x20,0x20,0x20,0x66,
    0x6c,0x6f,0x61,0x74,0x34,0x20,0x6d,0x61,0x74,0x65,0x72,0x69,0x61,0x6c,0x3b,0x0a,
    0x7d,0x3b,0x0a,0x0a,0x73,0x74,0x72,0x75,0x63,0x74,0x20,0x63,0x75,0x62,0x65,0x5f,
    0x69,0x6e,0x73,0x74,0x61,0x6e,0x63,0x65,0x73,0x0a,0x7b,0x0a,0x20,0x20,0x20,0x20,
    0x63,0x75,0x62,0x65,0x5f,0x69,0x6e,0x73,0x74,0x61,0x6e,0x63,0x65,0x20,0x69,0x6e,
    0x73,0x74,0x61,0x6e,0x63,0x65,0x73,0x5b,0x31,0x5d,0x3b,0x0a,0x7d,0x3b,0x0a,0x0a,
    0x73,0x74,0x72,0x75,0x63,0x74,0x20,0x75,0x62,0x5f,0x64,0x72,0x61,0x77,0x0a,0x7b,
    0x0a,0x20,0x20,0x20,0x20,0x69,0x6e,0x74,0x34,0x20,0x69,0x6e,0x73,0x74,0x5f,0x62,
    0x61,0x73,0x65,0x3b,0x0a,0x7d,0x3b,0x0a,0x0a,0x73,0x74,0x72,0x75,0x63,0x74,0x20,
    0x75,0x62,0x5f,0x66,0x72,0x61,0x6d,0x65,0x0a,0x7b,0x0a,0x20,0x20,0x20,0x20,0x66,
    0x6c,0x6f,0x61,0x74,0x34,0x78,0x34,0x20,0x76,0x69,0x65,0x77,0x3b,0x0a,0x20,0x20,
    0x20,0x20,0x66,0x6c,0x6f,0x61,0x74,0x34,0x78,0x34,0x20,0x70,0x72,0x6f,0x6a,0x3b,
    0x0a,0x20,0x20,0x20,0x20,0x66,0x6c,0x6f,0x61,0x74,0x34,0x78,0x34,0x20,0x76,0x69,
    0x65,0x77,0x5f,0x70,0x72,0x6f,0x6a,0x3b,0x0a,0x20,0x20,0x20,0x20,0x66,0x6c,0x6f,
    0x61,0x74,0x34,0x78,0x34,0x20,0x69,0x6e,0x76,0x5f,0x76,0x69,0x65,0x77,0x5f,0x70,
    0x72,0x6f,0x6a,0x3b,0x0a,0x20,0x20,0x20,0x20,0x66,0x6c,0x6f,0x61,0x74,0x34,0x20,
    0x63,0x61,0x6d,0x65,0x72,0x61,0x5f,0x70,0x6f,0x73,0x3b,0x0a,0x20,0x20,0x20,0x20,
    0x66,0x6c,0x6f,0x61,0x74,0x34,0x20,0x76,0x69,0x65,0x77,0x70,0x6f,0x72,0x74,0x3b,
    0x0a,0x7d,0x3b,0x0a,0x0a,0x73,0x74,0x72,0x75,0x63,0x74,0x20,0x6d,0x61,0x69,0x6e,
    0x30,0x5f,0x6f,0x75,0x74,0x0a,0x7b,0x0a,0x20,0x20,0x20,0x20,0x66,0x6c,0x6f,0x61,
    0x74,0x33,0x20,0x76,0x5f,0x76,0x69,0x65,0x77,0x5f,0x70,0x6f,0x73,0x20,0x5b,0x5b,
    0x75,0x73,0x65,0x72,0x28,0x6c,0x6f,0x63,0x6e,0x30,0x29,0x5d,0x5d,0x3b,0x0a,0x20,
    0x20,0x20,0x20,0x66,0x6c,0x6f,0x61,0x74,0x33,0x20,0x76,0x5f,0x77,0x6f,0x72,0x6c,
    0x64,0x5f,0x70,0x6f,0x73,0x20,0x5b,0x5b,0x75,0x73,0x65,0x72,0x28,0x6c,0x6f,0x63,
    0x6e,0x31,0x29,0x5d,0x5d,0x3b,0x0a,0x20,0x20,0x20,0x20,0x66,0x6c,0x6f,0x61,0x74,
    0x34,0x20,0x76,0x5f,0x62,0x61,0x73,0x65,0x5f,0x63,0x6f,0x6c,0x6f,0x72,0x20,0x5b,
    0x5b,0x75,0x73,0x65,0x72,0x28,0x6c,0x6f,0x63,0x6e,0x32,0x29,0x5d,0x5d,0x3b,0x0a,
    0x20,0x20,0x20,0x20,0x66,0x6c,0x6f,0x61,0x74,0x34,0x20,0x76,0x5f,0x6d,0x61,0x74,
    0x65,0x72,0x69,0x61,0x6c,0x20,0x5b,0x5b,0x75,0x73,0x65,0x72,0x28,0x6c,0x6f,0x63,
    0x6e,0x33,0x29,0x5d,0x5d,0x3b,0x0a,0x20,0x20,0x20,0x20,0x66,0x6c,0x6f,0x61,0x74,
    0x34,0x20,0x67,0x6c,0x5f,0x50,0x6f,0x73,0x69,0x74,0x69,0x6f,0x6e,0x20,0x5b,0x5b,
    0x70,0x6f,0x73,0x69,0x74,0x69,0x6f,0x6e,0x5d,0x5d,0x3b,0x0a,0x7d,0x3b,0x0a,0x0a,
    0x73,0x74,0x72,0x75,0x63,0x74,0x20,0x6d,0x61,0x69,0x6e,0x30,0x5f,0x69,0x6e,0x0a,
    0x7b,0x0a,0x20,0x20,0x20,0x20,0x66,0x6c,0x6f,0x61,0x74,0x33,0x20,0x69,0x6e,0x5f,
    0x70,0x6f,0x73,0x20,0x5b,0x5b,0x61,0x74,0x74,0x72,0x69,0x62,0x75,0x74,0x65,0x28,
    0x30,0x29,0x5d,0x5d,0x3b,0x0a,0x7d,0x3b,0x0a,0x0a,0x76,0x65,0x72,0x74,0x65,0x78,
    0x20,0x6d,0x61,0x69,0x6e,0x30,0x5f,0x6f,0x75,0x74,0x20,0x6d,0x61,0x69,0x6e,0x30,
    0x28,0x6d,0x61,0x69,0x6e,0x30,0x5f,0x69,0x6e,0x20,0x69,0x6e,0x20,0x5b,0x5b,0x73,
    0x74,0x61,0x67,0x65,0x5f,0x69,0x6e,0x5d,0x5d,0x2c,0x20,0x63,0x6f,0x6e,0x73,0x74,
    0x61,0x6e,0x74,0x20,0x75,0x62,0x5f,0x66,0x72,0x61,0x6d,0x65,0x26,0x20,0x5f,0x37,
    0x38,0x20,0x5b,0x5b,0x62,0x75,0x66,0x66,0x65,0x72,0x28,0x30,0x29,0x5d,0x5d,0x2c,
    0x20,0x63,0x6f,0x6e,0x73,0x74,0x61,0x6e,0x74,0x20,0x75,0x62,0x5f,0x64,0x72,0x61,
    0x77,0x26,0x20,0x5f,0x32,0x31,0x20,0x5b,0x5b,0x62,0x75,0x66,0x66,0x65,0x72,0x28,
    0x32,0x29,0x5d,0x5d,0x2c,0x20,0x63,0x6f,0x6e,0x73,0x74,0x20,0x64,0x65,0x76,0x69,
    0x63,0x65,0x20,0x63,0x75,0x62,0x65,0x5f,0x69,0x6e,0x73,0x74,0x61,0x6e,0x63,0x65,
    0x73,0x26,0x20,0x5f,0x31,0x35,0x20,0x5b,0x5b,0x62,0x75,0x66,0x66,0x65,0x72,0x28,
    0x38,0x29,0x5d,0x5d,0x2c,0x20,0x75,0x69,0x6e,0x74,0x20,0x67,0x6c,0x5f,0x49,0x6e,
    0x73,0x74,0x61,0x6e,0x63,0x65,0x49,0x6e,0x64,0x65,0x78,0x20,0x5b,0x5b,0x69,0x6e,
    0x73,0x74,0x61,0x6e,0x63,0x65,0x5f,0x69,0x64,0x5d,0x5d,0x29,0x0a,0x7b,0x0a,0x20,
    0x20,0x20,0x20,0x6d,0x61,0x69,0x6e,0x30,0x5f,0x6f,0x75,0x74,0x20,0x6f,0x75,0x74,
    0x20,0x3d,0x20,0x7b,0x7d,0x3b,0x0a,0x20,0x20,0x20,0x20,0x69,0x6e,0x74,0x20,0x5f,
    0x33,0x30,0x20,0x3d,0x20,0x5f,0x32,0x31,0x2e,0x69,0x6e,0x73,0x74,0x5f,0x62,0x61,
    0x73,0x65,0x2e,0x78,0x20,0x2b,0x20,0x69,0x6e,0x74,0x28,0x67,0x6c,0x5f,0x49,0x6e,
    0x73,0x74,0x61,0x6e,0x63,0x65,0x49,0x6e,0x64,0x65,0x78,0x29,0x3b,0x0a,0x20,0x20,
    0x20,0x20,0x66,0x6c,0x6f,0x61,0x74,0x34,0x20,0x5f,0x35,0x38,0x20,0x3d,0x20,0x66,
    0x6c,0x6f,0x61,0x74,0x34,0x28,0x69,0x6e,0x2e,0x69,0x6e,0x5f,0x70,0x6f,0x73,0x2c,
    0x20,0x31,0x2e,0x30,0x29,0x3b,0x0a,0x20,0x20,0x20,0x20,0x66,0x6c,0x6f,0x61,0x74,
    0x20,0x5f,0x36,0x34,0x20,0x3d,0x20,0x64,0x6f,0x74,0x28,0x5f,0x31,0x35,0x2e,0x69,
    0x6e,0x73,0x74,0x61,0x6e,0x63,0x65,0x73,0x5b,0x5f,0x33,0x30,0x5d,0x2e,0x78,0x66,
    0x6f,0x72,0x6d,0x5f,0x72,0x6f,0x77,0x30,0x2c,0x20,0x5f,0x35,0x38,0x29,0x3b,0x0a,
    0x20,0x20,0x20,0x20,0x66,0x6c,0x6f,0x61,0x74,0x20,0x5f,0x36,0x38,0x20,0x3d,0x20,
    0x64,0x6f,0x74,0x28,0x5f,0x31,0x35,0x2e,0x69,0x6e,0x73,0x74,0x61,0x6e,0x63,0x65,
    0x73,0x5b,0x5f,0x33,0x30,0x5d,0x2e,0x78,0x66,0x6f,0x72,0x6d,0x5f,0x72,0x6f,0x77,
    0x31,0x2c,0x20,0x5f,0x35,0x38,0x29,0x3b,0x0a,0x20,0x20,0x20,0x20,0x66,0x6c,0x6f,
    0x61,0x74,0x20,0x5f,0x37,0x32,0x20,0x3d,0x20,0x64,0x6f,0x74,0x28,0x5f,0x31,0x35,
    0x2e,0x69,0x6e,0x73,0x74,0x61,0x6e,0x63,0x65,0x73,0x5b,0x5f,0x33,0x30,0x5d,0x2e,
    0x78,0x66,0x6f,0x72,0x6d,0x5f,0x72,0x6f,0x77,0x32,0x2c,0x20,0x5f,0x35,0x38,0x29,
    0x3b,0x0a,0x20,0x20,0x20,0x20,0x66,0x6c,0x6f,0x61,0x74,0x34,0x20,0x5f,0x38,0x37,
    0x20,0x3d,0x20,0x5f,0x37,0x38,0x2e,0x76,0x69,0x65,0x77,0x20,0x2a,0x20,0x66,0x6c,
    0x6f,0x61,0x74,0x34,0x28,0x5f,0x36,0x34,0x2c,0x20,0x5f,0x36,0x38,0x2c,0x20,0x5f,
    0x37,0x32,0x2c,0x20,0x31,0x2e,0x30,0x29,0x3b,0x0a,0x20,0x20,0x20,0x20,0x6f,0x75,
    0x74,0x2e,0x76,0x5f,0x76,0x69,0x65,0x77,0x5f,0x70,0x6f,0x73,0x20,0x3d,0x20,0x5f,
    0x38,0x37,0x2e,0x78,0x79,0x7a,0x3b,0x0a,0x20,0x20,0x20,0x20,0x6f,0x75,0x74,0x2e,
    0x76,0x5f,0x77,0x6f,0x72,0x6c,0x64,0x5f,0x70,0x6f,0x73,0x20,0x3d,0x20,0x66,0x6c,
    0x6f,0x61,0x74,0x33,0x28,0x5f,0x36,0x34,0x2c,0x20,0x5f,0x36,0x38,0x2c,0x20,0x5f,
    0x37,0x32,0x29,0x3b,0x0a,0x20,0x20,0x20,0x20,0x6f,0x75,0x74,0x2e,0x76,0x5f,0x62,
    0x61,0x73,0x65,0x5f,0x63,0x6f,0x6c,0x6f,0x72,0x20,0x3d,0x20,0x5f,0x31,0x35,0x2e,
    0x69,0x6e,0x73,0x74,0x61,0x6e,0x63,0x65,0x73,0x5b,0x5f,0x33,0x30,0x5d,0x2e,0x62,
    0x61,0x73,0x65,0x5f,0x63,0x6f,0x6c,0x6f,0x72,0x3b,0x0a,0x20,0x20,0x20,0x20,0x6f,
    0x75,0x74,0x2e,0x76,0x5f,0x6d,0x61,0x74,0x65,0x72,0x69,0x61,0x6c,0x20,0x3d,0x20,
    0x5f,0x31,0x35,0x2e,0x69,0x6e,0x73,0x74,0x61,0x6e,0x63,0x65,0x73,0x5b,0x5f,0x33,
    0x30,0x5d,0x2e,0x6d,0x61,0x74,0x65,0x72,0x69,0x61,0x6c,0x3b,0x0a,0x20,0x20,0x20,
    0x20,0x6f,0x75,0x74,0x2e,0x67,0x6c,0x5f,0x50,0x6f,0x73,0x69,0x74,0x69,0x6f,0x6e,
    0x20,0x3d,0x20,0x5f,0x37,0x38,0x2e,0x70,0x72,0x6f,0x6a,0x20,0x2a,0x20,0x5f,0x38,
    0x37,0x3b,0x0a,0x20,0x20,0x20,0x20,0x72,0x65,0x74,0x75,0x72,0x6e,0x20,0x6f,0x75,
    0x74,0x3b,0x0a,0x7d,0x0a,0x0a,0x00,
};
/*
    #pragma clang diagnostic ignored "-Wmissing-prototypes"
    #pragma clang diagnostic ignored "-Wmissing-braces"

    #include <metal_stdlib>
    #include <simd/simd.h>

    using namespace metal;

    template<typename T, size_t Num>
    struct spvUnsafeArray
    {
        T elements[Num ? Num : 1];

        thread T& operator [] (size_t pos) thread
        {
            return elements[pos];
        }
        constexpr const thread T& operator [] (size_t pos) const thread
        {
            return elements[pos];
        }

        device T& operator [] (size_t pos) device
        {
            return elements[pos];
        }
        constexpr const device T& operator [] (size_t pos) const device
        {
            return elements[pos];
        }

        constexpr const constant T& operator [] (size_t pos) const constant
        {
            return elements[pos];
        }

        threadgroup T& operator [] (size_t pos) threadgroup
        {
            return elements[pos];
        }
        constexpr const threadgroup T& operator [] (size_t pos) const threadgroup
        {
            return elements[pos];
        }
    };

    struct ub_pass
    {
        float4 sun_dir_view;
        float4 sun_color;
        int4 flags;
        float4 cascade_far_view_z;
        float4 cascade_texel_world;
        float4 cascade_depth_bias;
        float4 shadow_params;
        float4x4 cascade_matrices[4];
        float4x4 view;
        float4 camera_pos_world;
        float4 sh[9];
        float4 ibl_params;
    };

    struct main0_out
    {
        float4 out_color [[color(0)]];
    };

    struct main0_in
    {
        float3 v_view_pos [[user(locn0)]];
        float3 v_world_pos [[user(locn1)]];
        float4 v_base_color [[user(locn2), flat]];
        float4 v_material [[user(locn3), flat]];
    };

    static inline __attribute__((always_inline))
    int selectShadowCascade(thread const float4& far_view_z, thread const float& view_z)
    {
        int cascade = 3;
        for (int i = 0; i < 3; i++)
        {
            if (view_z < far_view_z[i])
            {
                cascade = i;
                break;
            }
        }
        return cascade;
    }

    static inline __attribute__((always_inline))
    float3 shadowCascadeTint(thread const int& cascade)
    {
        if (cascade == 0)
        {
            return float3(1.0, 0.4000000059604644775390625, 0.4000000059604644775390625);
        }
        if (cascade == 1)
        {
            return float3(0.4000000059604644775390625, 1.0, 0.4000000059604644775390625);
        }
        if (cascade == 2)
        {
            return float3(0.4000000059604644775390625, 0.4000000059604644775390625, 1.0);
        }
        return float3(1.0, 0.89999997615814208984375, 0.300000011920928955078125);
    }

    static inline __attribute__((always_inline))
    float sampleShadowTap(depth2d_array<float> tex, sampler smp, thread const float2& uv, thread const float& layer, thread const float& ref_z)
    {
        float4 _607 = float4(uv, layer, ref_z);
        return tex.sample_compare(smp, _607.xy, uint(rint(_607.z)), ref_z);
    }

    static inline __attribute__((always_inline))
    float sampleShadowPCF(depth2d_array<float> tex, sampler smp, thread const int& cascade, thread const float3& light_uv, thread const float& bias0, thread const float& scale, thread const float& inv_size)
    {
        float _617 = float(cascade);
        float _622 = light_uv.z - bias0;
        float2 _627 = light_uv.xy * (1.0 / inv_size);
        float2 _632 = floor(_627 + float2(0.5));
        float _639 = (_627.x + 0.5) - _632.x;
        float _646 = (_627.y + 0.5) - _632.y;
        float2 _651 = (_632 - float2(0.5)) * inv_size;
        float _655 = inv_size * scale;
        float _658 = 5.0 * _639;
        float _660 = _658 - 6.0;
        float _664 = 11.0 * _639;
        float _666 = _664 - 28.0;
        float _672 = (-17.0) - _664;
        float _677 = (-1.0) - _658;
        float _681 = 4.0 * _639;
        float _685 = ((_681 - 5.0) / _660) - 3.0;
        float _693 = ((_681 - 16.0) / _666) - 1.0;
        float _702 = (((-5.0) - (7.0 * _639)) / _672) + 1.0;
        float _708 = ((-_639) / _677) + 3.0;
        float _711 = 5.0 * _646;
        float _712 = _711 - 6.0;
        float _715 = 11.0 * _646;
        float _716 = _715 - 28.0;
        float _721 = (-17.0) - _715;
        float _726 = (-1.0) - _711;
        float _729 = 4.0 * _646;
        float _733 = ((_729 - 5.0) / _712) - 3.0;
        float _740 = ((_729 - 16.0) / _716) - 1.0;
        float _748 = (((-5.0) - (7.0 * _646)) / _721) + 1.0;
        float _754 = ((-_646) / _726) + 3.0;
        float sum = 0.0;
        float2 param = _651 + (float2(_685, _733) * _655);
        float param_1 = _617;
        float param_2 = _622;
        sum += ((_660 * _712) * sampleShadowTap(tex, smp, param, param_1, param_2));
        float2 param_3 = _651 + (float2(_693, _733) * _655);
        float param_4 = _617;
        float param_5 = _622;
        sum += ((_666 * _712) * sampleShadowTap(tex, smp, param_3, param_4, param_5));
        float2 param_6 = _651 + (float2(_702, _733) * _655);
        float param_7 = _617;
        float param_8 = _622;
        sum += ((_672 * _712) * sampleShadowTap(tex, smp, param_6, param_7, param_8));
        float2 param_9 = _651 + (float2(_708, _733) * _655);
        float param_10 = _617;
        float param_11 = _622;
        sum += ((_677 * _712) * sampleShadowTap(tex, smp, param_9, param_10, param_11));
        float2 param_12 = _651 + (float2(_685, _740) * _655);
        float param_13 = _617;
        float param_14 = _622;
        sum += ((_660 * _716) * sampleShadowTap(tex, smp, param_12, param_13, param_14));
        float2 param_15 = _651 + (float2(_693, _740) * _655);
        float param_16 = _617;
        float param_17 = _622;
        sum += ((_666 * _716) * sampleShadowTap(tex, smp, param_15, param_16, param_17));
        float2 param_18 = _651 + (float2(_702, _740) * _655);
        float param_19 = _617;
        float param_20 = _622;
        sum += ((_672 * _716) * sampleShadowTap(tex, smp, param_18, param_19, param_20));
        float2 param_21 = _651 + (float2(_708, _740) * _655);
        float param_22 = _617;
        float param_23 = _622;
        sum += ((_677 * _716) * sampleShadowTap(tex, smp, param_21, param_22, param_23));
        float2 param_24 = _651 + (float2(_685, _748) * _655);
        float param_25 = _617;
        float param_26 = _622;
        sum += ((_660 * _721) * sampleShadowTap(tex, smp, param_24, param_25, param_26));
        float2 param_27 = _651 + (float2(_693, _748) * _655);
        float param_28 = _617;
        float param_29 = _622;
        sum += ((_666 * _721) * sampleShadowTap(tex, smp, param_27, param_28, param_29));
        float2 param_30 = _651 + (float2(_702, _748) * _655);
        float param_31 = _617;
        float param_32 = _622;
        sum += ((_672 * _721) * sampleShadowTap(tex, smp, param_30, param_31, param_32));
        float2 param_33 = _651 + (float2(_708, _748) * _655);
        float param_34 = _617;
        float param_35 = _622;
        sum += ((_677 * _721) * sampleShadowTap(tex, smp, param_33, param_34, param_35));
        float2 param_36 = _651 + (float2(_685, _754) * _655);
        float param_37 = _617;
        float param_38 = _622;
        sum += ((_660 * _726) * sampleShadowTap(tex, smp, param_36, param_37, param_38));
        float2 param_39 = _651 + (float2(_693, _754) * _655);
        float param_40 = _617;
        float param_41 = _622;
        sum += ((_666 * _726) * sampleShadowTap(tex, smp, param_39, param_40, param_41));
        float2 param_42 = _651 + (float2(_702, _754) * _655);
        float param_43 = _617;
        float param_44 = _622;
        sum += ((_672 * _726) * sampleShadowTap(tex, smp, param_42, param_43, param_44));
        float2 param_45 = _651 + (float2(_708, _754) * _655);
        float param_46 = _617;
        float param_47 = _622;
        float _1058 = sum;
        float _1059 = _1058 + ((_677 * _726) * sampleShadowTap(tex, smp, param_45, param_46, param_47));
        sum = _1059;
        return _1059 * 0.000369822490029036998748779296875;
    }

    static inline __attribute__((always_inline))
    float sampleCascade(thread const int& cascade, thread const float3& world_pos, thread const float3& world_normal, thread const float& n_dot_l, constant ub_pass& _1073, depth2d_array<float> tex_shadow, sampler smp_shadow)
    {
        float _1088 = fast::clamp(_1073.cascade_texel_world.x / _1073.cascade_texel_world[cascade], 0.25, 1.0);
        float _1098 = 3.0 * _1088;
        float4 _1120 = _1073.cascade_matrices[cascade] * float4(world_pos + (world_normal * ((((_1098 + 0.5) * 1.41420996189117431640625) * sqrt(fast::max(1.0 - (n_dot_l * n_dot_l), 0.0))) * _1073.cascade_texel_world[cascade])), 1.0);
        float3 _1128 = _1120.xyz / float3(_1120.w);
        float _1144 = _1128.z;
        float3 _1145 = float3((_1128.x * 0.5) + 0.5, ((_1128.y * _1073.shadow_params.x) * 0.5) + 0.5, _1144);
        bool _1148 = _1144 < 0.0;
        bool _1155;
        if (!_1148)
        {
            _1155 = _1144 > 1.0;
        }
        else
        {
            _1155 = _1148;
        }
        if (_1155)
        {
            return 1.0;
        }
        float _1165 = (_1098 + 1.0) * _1073.shadow_params.y;
        float2 _1167 = _1145.xy;
        bool _1173 = any(_1167 < float2(-_1165));
        bool _1184;
        if (!_1173)
        {
            _1184 = any(_1167 > float2(1.0 + _1165));
        }
        else
        {
            _1184 = _1173;
        }
        if (_1184)
        {
            return 1.0;
        }
        int param = cascade;
        float3 param_1 = _1145;
        float param_2 = _1073.cascade_depth_bias[cascade];
        float param_3 = _1088;
        float param_4 = _1073.shadow_params.y;
        return sampleShadowPCF(tex_shadow, smp_shadow, param, param_1, param_2, param_3, param_4);
    }

    static inline __attribute__((always_inline))
    float sampleShadowCascaded(thread const float3& world_pos, thread const float3& world_normal, thread const float& n_dot_l, thread const float& view_z, constant ub_pass& _1073, depth2d_array<float> tex_shadow, sampler smp_shadow)
    {
        float4 param = _1073.cascade_far_view_z;
        float param_1 = view_z;
        int _1211 = selectShadowCascade(param, param_1);
        int param_2 = _1211;
        float3 param_3 = world_pos;
        float3 param_4 = world_normal;
        float param_5 = n_dot_l;
        float shadow = sampleCascade(param_2, param_3, param_4, param_5, _1073, tex_shadow, smp_shadow);
        if (_1211 < 3)
        {
            float _1233;
            if (_1211 == 0)
            {
                _1233 = 0.0;
            }
            else
            {
                _1233 = _1073.cascade_far_view_z[_1211 - 1];
            }
            float _1246 = mix(_1073.cascade_far_view_z[_1211], _1233, 0.100000001490116119384765625);
            if (view_z > _1246)
            {
                int param_6 = _1211 + 1;
                float3 param_7 = world_pos;
                float3 param_8 = world_normal;
                float param_9 = n_dot_l;
                shadow = mix(shadow, sampleCascade(param_6, param_7, param_8, param_9, _1073, tex_shadow, smp_shadow), (view_z - _1246) / (_1073.cascade_far_view_z[_1211] - _1246));
            }
        }
        return shadow;
    }

    static inline __attribute__((always_inline))
    float pbrDistributionGGX(thread const float& n_dot_h, thread const float& alpha)
    {
        float _135 = alpha * alpha;
        float _144 = ((n_dot_h * n_dot_h) * (_135 - 1.0)) + 1.0;
        return _135 / ((3.1415927410125732421875 * _144) * _144);
    }

    static inline __attribute__((always_inline))
    float pbrVisibilitySmithCorrelated(thread const float& n_dot_v, thread const float& n_dot_l, thread const float& alpha)
    {
        float _157 = alpha * alpha;
        float _164 = 1.0 - _157;
        return 0.5 / (((n_dot_l * sqrt(((n_dot_v * n_dot_v) * _164) + _157)) + (n_dot_v * sqrt(((n_dot_l * n_dot_l) * _164) + _157))) + 9.9999997473787516355514526367188e-06);
    }

    static inline __attribute__((always_inline))
    float3 pbrFresnelSchlick(thread const float& v_dot_h, thread const float3& f0)
    {
        float _193 = 1.0 - v_dot_h;
        float _197 = _193 * _193;
        return f0 + ((float3(1.0) - f0) * ((_197 * _197) * _193));
    }

    static inline __attribute__((always_inline))
    float3 brdf_evaluate(thread const float3& N, thread const float3& V, thread const float3& L, thread const float3& sun_radiance, thread const float3& base_color, thread const float& metallic, thread const float& roughness)
    {
        float _216 = fast::max(dot(N, L), 0.0);
        float3 _227 = fast::normalize(V + L);
        float _241 = fast::max(roughness, 0.04500000178813934326171875);
        float _245 = _241 * _241;
        float param = fast::max(dot(N, _227), 0.0);
        float param_1 = _245;
        float param_2 = fast::max(dot(N, V), 9.9999997473787516355514526367188e-05);
        float param_3 = _216;
        float param_4 = _245;
        float param_5 = fast::max(dot(V, _227), 0.0);
        float3 param_6 = mix(float3(0.039999999105930328369140625), base_color, float3(metallic));
        float3 _272 = pbrFresnelSchlick(param_5, param_6);
        return ((((((float3(1.0) - _272) * (1.0 - metallic)) * base_color) * float3(0.3183098733425140380859375)) + (_272 * (pbrDistributionGGX(param, param_1) * pbrVisibilitySmithCorrelated(param_2, param_3, param_4)))) * sun_radiance) * _216;
    }

    static inline __attribute__((always_inline))
    float3 pbrEvaluateShIrradiance(thread const float3& N, thread const spvUnsafeArray<float4, 9>& sh)
    {
        float3 _426 = ((((((((sh[0].xyz * 0.2820948064327239990234375) + (sh[1].xyz * ((-0.48860251903533935546875) * N.y))) + (sh[2].xyz * (0.48860251903533935546875 * N.z))) + (sh[3].xyz * ((-0.48860251903533935546875) * N.x))) + (sh[4].xyz * ((1.09254848957061767578125 * N.x) * N.y))) + (sh[5].xyz * (((-1.09254848957061767578125) * N.y) * N.z))) + (sh[6].xyz * (0.3153915703296661376953125 * (((3.0 * N.z) * N.z) - 1.0)))) + (sh[7].xyz * (((-1.09254848957061767578125) * N.x) * N.z))) + (sh[8].xyz * (0.546274244785308837890625 * ((N.x * N.x) - (N.y * N.y))));
        return _426;
    }

    static inline __attribute__((always_inline))
    float3 pbrEvaluateIbl(thread const float3& N_world, thread const float3& V_world, thread const float3& base_color, thread const float& metallic, thread const float& roughness, thread const spvUnsafeArray<float4, 9>& sh, texturecube<float> tex_spec_cube, sampler smp_spec_cube, texture2d<float> tex_brdf_lut, sampler smp_brdf_lut, thread const float& max_lod)
    {
        float _433 = fast::clamp(dot(N_world, V_world), 9.9999997473787516355514526367188e-05, 1.0);
        float3 _443 = mix(float3(0.039999999105930328369140625), base_color, float3(metallic));
        float3 param = N_world;
        spvUnsafeArray<float4, 9> param_1 = sh;
        float4 _507 = tex_brdf_lut.sample(smp_brdf_lut, float2(_433, roughness));
        return (((((float3(1.0) - (_443 + ((fast::max(float3(1.0 - roughness), _443) - _443) * powr(fast::max(0.0, 1.0 - _433), 5.0)))) * (1.0 - metallic)) * base_color) * fast::max(pbrEvaluateShIrradiance(param, param_1), float3(0.0))) * float3(0.3183098733425140380859375)) + (tex_spec_cube.sample(smp_spec_cube, reflect(-V_world, N_world), level(roughness * max_lod)).xyz * ((_443 * _507.x) + float3(_507.y)));
    }

    static inline __attribute__((always_inline))
    float3 pbrEvaluateAmbient(thread const bool& iblEnabled, thread const float3& N_world, thread const float3& V_world, thread const float3& base_color, thread const float& metallic, thread const float& roughness, thread const float& flat_strength, thread const spvUnsafeArray<float4, 9>& sh, texturecube<float> tex_spec_cube, sampler smp_spec_cube, texture2d<float> tex_brdf_lut, sampler smp_brdf_lut, thread const float& max_lod)
    {
        float3 result = base_color * flat_strength;
        if (iblEnabled)
        {
            float3 param = N_world;
            float3 param_1 = V_world;
            float3 param_2 = base_color;
            float param_3 = metallic;
            float param_4 = roughness;
            spvUnsafeArray<float4, 9> param_5 = sh;
            float param_6 = max_lod;
            result = pbrEvaluateIbl(param, param_1, param_2, param_3, param_4, param_5, tex_spec_cube, smp_spec_cube, tex_brdf_lut, smp_brdf_lut, param_6);
        }
        return result;
    }

    fragment main0_out main0(main0_in in [[stage_in]], constant ub_pass& _1073 [[buffer(1)]], depth2d_array<float> tex_shadow [[texture(0)]], texturecube<float> tex_ibl_spec [[texture(1)]], texture2d<float> tex_brdf_lut [[texture(2)]], texture2d<float> tex_ao [[texture(3)]], sampler smp_shadow [[sampler(0)]], sampler smp_ibl_spec [[sampler(1)]], sampler smp_brdf_lut [[sampler(2)]], sampler smp_ao [[sampler(3)]], float4 gl_FragCoord [[position]])
    {
        main0_out out = {};
        float3 _1280 = dfdx(in.v_view_pos);
        float3 _1283 = dfdy(in.v_view_pos);
        float3 _1292 = fast::normalize(cross(_1283 * (-_1073.shadow_params.x), _1280));
        float _1297 = -in.v_view_pos.z;
        if (_1073.flags.x == 1)
        {
            float _1308 = fast::clamp(in.v_view_pos.z * (-0.0199999995529651641845703125), 0.0, 1.0);
            out.out_color = float4(_1308, _1308, _1308, 1.0);
            return out;
        }
        if (_1073.flags.x == 2)
        {
            float4 param = _1073.cascade_far_view_z;
            float param_1 = _1297;
            int _1325 = selectShadowCascade(param, param_1);
            float4 _1336 = _1073.cascade_matrices[_1325] * float4(in.v_world_pos, 1.0);
            float3 _1343 = _1336.xyz / float3(_1336.w);
            float3 _1360 = float3((_1343.x * 0.5) + 0.5, ((_1343.y * _1073.shadow_params.x) * 0.5) + 0.5, _1343.z);
            bool _1365 = any(_1360 < float3(0.0));
            bool _1372;
            if (!_1365)
            {
                _1372 = any(_1360 > float3(1.0));
            }
            else
            {
                _1372 = _1365;
            }
            float3 tint = float3(1.0);
            if (!_1372)
            {
                int param_2 = _1325;
                tint = shadowCascadeTint(param_2);
            }
            out.out_color = float4(tint, 1.0);
            return out;
        }
        if (_1073.flags.x == 3)
        {
            out.out_color = float4((_1292 * 0.5) + float3(0.5), 1.0);
            return out;
        }
        float4 _1421 = tex_ao.sample(smp_ao, (gl_FragCoord.xy / float2(int2(tex_ao.get_width(), tex_ao.get_height()))), level(0.0));
        float _1422 = _1421.x;
        if (_1073.flags.x == 4)
        {
            out.out_color = float4(_1422, _1422, _1422, 1.0);
            return out;
        }
        float3 _1452 = fast::normalize(transpose(float3x3(_1073.view[0].xyz, _1073.view[1].xyz, _1073.view[2].xyz)) * _1292);
        float3 _1457 = fast::normalize(_1073.sun_dir_view.xyz);
        float3 param_3 = in.v_world_pos;
        float3 param_4 = _1452;
        float param_5 = fast::max(dot(_1292, _1457), 0.0);
        float param_6 = _1297;
        float3 param_7 = _1292;
        float3 param_8 = fast::normalize(-in.v_view_pos);
        float3 param_9 = _1457;
        float3 param_10 = _1073.sun_color.xyz * sampleShadowCascaded(param_3, param_4, param_5, param_6, _1073, tex_shadow, smp_shadow);
        float3 param_11 = in.v_base_color.xyz;
        float param_12 = in.v_material.x;
        float param_13 = in.v_material.y;
        bool param_14 = _1073.ibl_params.y > 0.5;
        float3 param_15 = _1452;
        float3 param_16 = fast::normalize(_1073.camera_pos_world.xyz - in.v_world_pos);
        float3 param_17 = in.v_base_color.xyz;
        float param_18 = in.v_material.x;
        float param_19 = in.v_material.y;
        float param_20 = _1073.sun_color.w;
        spvUnsafeArray<float4, 9> param_21;
        param_21[0] = _1073.sh[0];
        param_21[1] = _1073.sh[1];
        param_21[2] = _1073.sh[2];
        param_21[3] = _1073.sh[3];
        param_21[4] = _1073.sh[4];
        param_21[5] = _1073.sh[5];
        param_21[6] = _1073.sh[6];
        param_21[7] = _1073.sh[7];
        param_21[8] = _1073.sh[8];
        float param_22 = _1073.ibl_params.x;
        out.out_color = float4((brdf_evaluate(param_7, param_8, param_9, param_10, param_11, param_12, param_13) + (pbrEvaluateAmbient(param_14, param_15, param_16, param_17, param_18, param_19, param_20, param_21, tex_ibl_spec, smp_ibl_spec, tex_brdf_lut, smp_brdf_lut, param_22) * _1422)) * in.v_base_color.w, in.v_base_color.w);
        return out;
    }

*/
static const uint8_t fs_source_metal_macos[19158] = {
    0x23,0x70,0x72,0x61,0x67,0x6d,0x61,0x20,0x63,0x6c,0x61,0x6e,0x67,0x20,0x64,0x69,
    0x61,0x67,0x6e,0x6f,0x73,0x74,0x69,0x63,0x20,0x69,0x67,0x6e,0x6f,0x72,0x65,0x64,
    0x20,0x22,0x2d,0x57,0x6d,0x69,0x73,0x73,0x69,0x6e,0x67,0x2d,0x70,0x72,0x6f,0x74,
    0x6f,0x74,0x79,0x70,0x65,0x73,0x22,0x0a,0x23,0x70,0x72,0x61,0x67,0x6d,0x61,0x20,
    0x63,0x6c,0x61,0x6e,0x67,0x20,0x64,0x69,0x61,0x67,0x6e,0x6f,0x73,0x74,0x69,0x63,
    0x20,0x69,0x67,0x6e,0x6f,0x72,0x65,0x64,0x20,0x22,0x2d,0x57,0x6d,0x69,0x73,0x73,
    0x69,0x6e,0x67,0x2d,0x62,0x72,0x61,0x63,0x65,0x73,0x22,0x0a,0x0a,0x23,0x69,0x6e,
    0x63,0x6c,0x75,0x64,0x65,0x20,0x3c,0x6d,0x65,0x74,0x61,0x6c,0x5f,0x73,0x74,0x64,
    0x6c,0x69,0x62,0x3e,0x0a,0x23,0x69,0x6e,0x63,0x6c,0x75,0x64,0x65,0x20,0x3c,0x73,
    0x69,0x6d,0x64,0x2f,0x73,0x69,0x6d,0x64,0x2e,0x68,0x3e,0x0a,0x0a,0x75,0x73,0x69,
    0x6e,0x67,0x20,0x6e,0x61,0x6d,0x65,0x73,0x70,0x61,0x63,0x65,0x20,0x6d,0x65,0x74,
    0x61,0x6c,0x3b,0x0a,0x0a,0x74,0x65,0x6d,0x70,0x6c,0x61,0x74,0x65,0x3c,0x74,0x79,
    0x70,0x65,0x6e,0x61,0x6d,0x65,0x20,0x54,0x2c,0x20,0x73,0x69,0x7a,0x65,0x5f,0x74,
    0x20,0x4e,0x75,0x6d,0x3e,0x0a,0x73,0x74,0x72,0x75,0x63,0x74,0x20,0x73,0x70,0x76,
    0x55,0x6e,0x73,0x61,0x66,0x65,0x41,0x72,0x72,0x61,0x79,0x0a,0x7b,0x0a,0x20,0x20,
    0x20,0x20,0x54,0x20,0x65,0x6c,0x65,0x6d,0x65,0x6e,0x74,0x73,0x5b,0x4e,0x75,0x6d,
    0x20,0x3f,0x20,0x4e,0x75,0x6d,0x20,0x3a,0x20,0x31,0x5d,0x3b,0x0a,0x20,0x20,0x20,
    0x20,0x0a,0x20,0x20,0x20,0x20,0x74,0x68,0x72,0x65,0x61,0x64,0x20,0x54,0x26,0x20,
    0x6f,0x70,0x65,0x72,0x61,0x74,0x6f,0x72,0x20,0x5b,0x5d,0x20,0x28,0x73,0x69,0x7a,
    0x65,0x5f,0x74,0x20,0x70,0x6f,0x73,0x29,0x20,0x74,0x68,0x72,0x65,0x61,0x64,0x0a,
    0x20,0x20,0x20,0x20,0x7b,0x0a,0x20,0x20,0x20,0x20,0x20,0x20,0x20,0x20,0x72,0x65,
    0x74,0x75,0x72,0x6e,0x20,0x65,0x6c,0x65,0x6d,0x65,0x6e,0x74,0x73,0x5b,0x70,0x6f,
    0x73,0x5d,0x3b,0x0a,0x20,0x20,0x20,0x20,0x7d,0x0a,0x20,0x20,0x20,0x20,0x63,0x6f,
    0x6e,0x73,0x74,0x65,0x78,0x70,0x72,0x20,0x63,0x6f,0x6e,0x73,0x74,0x20,0x74,0x68,
    0x72,0x65,0x61,0x64,0x20,0x54,0x26,0x20,0x6f,0x70,0x65,0x72,0x61,0x74,0x6f,0x72,
    0x20,0x5b,0x5d,0x20,0x28,0x73,0x69,0x7a,0x65,0x5f,0x74,0x20,0x70,0x6f,0x73,0x29,
    0x20,0x63,0x6f,0x6e,0x73,0x74,0x20,0x74,0x68,0x72,0x65,0x61,0x64,0x0a,0x20,0x20,
    0x20,0x20,0x7b,0x0a,0x20,0x20,0x20,0x20,0x20,0x20,0x20,0x20,0x72,0x65,0x74,0x75,
    0x72,0x6e,0x20,0x65,0x6c,0x65,0x6d,0x65,0x6e,0x74,0x73,0x5b,0x70,0x6f,0x73,0x5d,
    0x3b,0x0a,0x20,0x20,0x20,0x20,0x7d,0x0a,0x20,0x20,0x20,0x20,0x0a,0x20,0x20,0x20,
    0x20,0x64,0x65,0x76,0x69,0x63,0x65,0x20,0x54,0x26,0x20,0x6f,0x70,0x65,0x72,0x61,
    0x74,0x6f,0x72,0x20,0x5b,0x5d,0x20,0x28,0x73,0x69,0x7a,0x65,0x5f,0x74,0x20,0x70,
    0x6f,0x73,0x29,0x20,0x64,0x65,0x76,0x69,0x63,0x65,0x0a,0x20,0x20,0x20,0x20,0x7b,
    0x0a,0x20,0x20,0x20,0x20,0x20,0x20,0x20,0x20,0x72,0x65,0x74,0x75,0x72,0x6e,0x20,
    0x65,0x6c,0x65,0x6d,0x65,0x6e,0x74,0x73,0x5b,0x70,0x6f,0x73,0x5d,0x3b,0x0a,0x20,
    0x20,0x20,0x20,0x7d,0x0a,0x20,0x20,0x20,0x20,0x63,0x6f,0x6e,0x73,0x74,0x65,0x78,
    0x70,0x72,0x20,0x63,0x6f,0x6e,0x73,0x74,0x20,0x64,0x65,0x76,0x69,0x63,0x65,0x20,
    0x54,0x26,0x20,0x6f,0x70,0x65,0x72,0x61,0x74,0x6f,0x72,0x20,0x5b,0x5d,0x20,0x28,
    0x73,0x69,0x7a,0x65,0x5f,0x74,0x20,0x70,0x6f,0x73,0x29,0x20,0x63,0x6f,0x6e,0x73,
    0x74,0x20,0x64,0x65,0x76,0x69,0x63,0x65,0x0a,0x20,0x20,0x20,0x20,0x7b,0x0a,0x20,
    0x20,0x20,0x20,0x20,0x20,0x20,0x20,0x72,0x65,0x74,0x75,0x72,0x6e,0x20,0x65,0x6c,
    0x65,0x6d,0x65,0x6e,0x74,0x73,0x5b,0x70,0x6f,0x73,0x5d,0x3b,0x0a,0x20,0x20,0x20,
    0x20,0x7d,0x0a,0x20,0x20,0x20,0x20,0x0a,0x20,0x20,0x20,0x20,0x63,0x6f,0x6e,0x73,
    0x74,0x65,0x78,0x70,0x72,0x20,0x63,0x6f,0x6e,0x73,0x74,0x20,0x63,0x6f,0x6e,0x73,
    0x74,0x61,0x6e,0x74,0x20,0x54,0x26,0x20,0x6f,0x70,0x65,0x72,0x61,0x74,0x6f,0x72,
    0x20,0x5b,0x5d,0x20,0x28,0x73,0x69,0x7a,0x65,0x5f,0x74,0x20,0x70,0x6f,0x73,0x29,
    0x20,0x63,0x6f,0x6e,0x73,0x74,0x20,0x63,0x6f,0x6e,0x73,0x74,0x61,0x6e,0x74,0x0a,
    0x20,0x20,0x20,0x20,0x7b,0x0a,0x20,0x20,0x20,0x20,0x20,0x20,0x20,0x20,0x72,0x65,
    0x74,0x75,0x72,0x6e,0x20,0x65,0x6c,0x65,0x6d,0x65,0x6e,0x74,0x73,0x5b,0x70,0x6f,
    0x73,0x5d,0x3b,0x0a,0x20,0x20,0x20,0x20,0x7d,0x0a,0x20,0x20,0x20,0x20,0x0a,0x20,
    0x20,0x20,0x20,0x74,0x68,0x72,0x65,0x61,0x64,0x67,0x72,0x6f,0x75,0x70,0x20,0x54,
    0x26,0x20,0x6f,0x70,0x65,0x72,0x61,0x74,0x6f,0x72,0x20,0x5b,0x5d,0x20,0x28,0x73,
    0x69,0x7a,0x65,0x5f,0x74,0x20,0x70,0x6f,0x73,0x29,0x20,0x74,0x68,0x72,0x65,0x61,
    0x64,0x67,0x72,0x6f,0x75,0x70,0x0a,0x20,0x20,0x20,0x20,0x7b,0x0a,0x20,0x20,0x20,
    0x20,0x20,0x20,0x20,0x20,0x72,0x65,0x74,0x75,0x72,0x6e,0x20,0x65,0x6c,0x65,0x6d,
    0x65,0x6e,0x74,0x73,0x5b,0x70,0x6f,0x73,0x5d,0x3b,0x0a,0x20,0x20,0x20,0x20,0x7d,
    0x0a,0x20,0x20,0x20,0x20,0x63,0x6f,0x6e,0x73,0x74,0x65,0x78,0x70,0x72,0x20,0x63,
    0x6f,0x6e,0x73,0x74,0x20,0x74,0x68,0x72,0x65,0x61,0x64,0x67,0x72,0x6f,0x75,0x70,
    0x20,0x54,0x26,0x20,0x6f,0x70,0x65,0x72,0x61,0x74,0x6f,0x72,0x20,0x5b,0x5d,0x20,
    0x28,0x73,0x69,0x7a,0x65,0x5f,0x74,0x20,0x70,0x6f,0x73,0x29,0x20,0x63,0x6f,0x6e,
    0x73,0x74,0x20,0x74,0x68,0x72,0x65,0x61,0x64,0x67,0x72,0x6f,0x75,0x70,0x0a,0x20,
    0x20,0x20,0x20,0x7b,0x0a,0x20,0x20,0x20,0x20,0x20,0x20,0x20,0x20,0x72,0x65,0x74,
    0x75,0x72,0x6e,0x20,0x65,0x6c,0x65,0x6d,0x65,0x6e,0x74,0x73,0x5b,0x70,0x6f,0x73,
    0x5d,0x3b,0x0a,0x20,0x20,0x20,0x20,0x7d,0x0a,0x7d,0x3b,0x0a,0x0a,0x73,0x74,0x72,
    0x75,0x63,0x74,0x20,0x75,0x62,0x5f,0x70,0x61,0x73,0x73,0x0a,0x7b,0x0a,0x20,0x20,
    0x20,0x20,0x66,0x6c,0x6f,0x61,0x74,0x34,0x20,0x73,0x75,0x6e,0x5f,0x64,0x69,0x72,
    0x5f,0x76,0x69,0x65,0x77,0x3b,0x0a,0x20,0x20,0x20,0x20,0x66,0x6c,0x6f,0x61,0x74,
    0x34,0x20,0x73,0x75,0x6e,0x5f,0x63,0x6f,0x6c,0x6f,0x72,0x3b,0x0a,0x20,0x20,0x20,
    0x20,0x69,0x6e,0x74,0x34,0x20,0x66,0x6c,0x61,0x67,0x73,0x3b,0x0a,0x20,0x20,0x20,
    0x20,0x66,0x6c,0x6f,0x61,0x74,0x34,0x20,0x63,0x61,0x73,0x63,0x61,0x64,0x65,0x5f,
    0x66,0x61,0x72,0x5f,0x76,0x69,0x65,0x77,0x5f,0x7a,0x3b,0x0a,0x20,0x20,0x20,0x20,
    0x66,0x6c,0x6f,0x61,0x74,0x34,0x20,0x63,0x61,0x73,0x63,0x61,0x64,0x65,0x5f,0x74,
    0x65,0x78,0x65,0x6c,0x5f,0x77,0x6f,0x72,0x6c,0x64,0x3b,0x0a,0x20,0x20,0x20,0x20,
    0x66,0x6c,0x6f,0x61,0x74,0x34,0x20,0x63,0x61,0x73,0x63,0x61,0x64,0x65,0x5f,0x64,
    0x65,0x70,0x74,0x68,0x5f,0x62,0x69,0x61,0x73,0x3b,0x0a,0x20,0x20,0x20,0x20,0x66,
    0x6c,0x6f,0x61,0x74,0x34,0x20,0x73,0x68,0x61,0x64,0x6f,0x77,0x5f,0x70,0x61,0x72,
    0x61,0x6d,0x73,0x3b,0x0a,0x20,0x20,0x20,0x20,0x66,0x6c,0x6f,0x61,0x74,0x34,0x78,
    0x34,0x20,0x63,0x61,0x73,0x63,0x61,0x64,0x65,0x5f,0x6d,0x61,0x74,0x72,0x69,0x63,
    0x65,0x73,0x5b,0x34,0x5d,0x3b,0x0a,0x20,0x20,0x20,0x20,0x66,0x6c,0x6f,0x61,0x74,
    0x34,0x78,0x34,0x20,0x76,0x69,0x65,0x77,0x3b,0x0a,0x20,0x20,0x20,0x20,0x66,0x6c,
    0x6f,0x61,0x74,0x34,0x20,0x63,0x61,0x6d,0x65,0x72,0x61,0x5f,0x70,0x6f,0x73,0x5f,
    0x77,0x6f,0x72,0x6c,0x64,0x3b,0x0a,0x20,0x20,0x20,0x20,0x66,0x6c,0x6f,0x61,0x74,
    0x34,0x20,0x73,0x68,0x5b,0x39,0x5d,0x3b,0x0a,0x20,0x20,0x20,0x20,0x66,0x6c,0x6f,
    0x61,0x74,0x34,0x20,0x69,0x62,0x6c,0x5f,0x70,0x61,0x72,0x61,0x6d,0x73,0x3b,0x0a,
    0x7d,0x3b,0x0a,0x0a,0x73,0x74,0x72,0x75,0x63,0x74,0x20,0x6d,0x61,0x69,0x6e,0x30,
    0x5f,0x6f,0x75,0x74,0x0a,0x7b,0x0a,0x20,0x20,0x20,0x20,0x66,0x6c,0x6f,0x61,0x74,
    0x34,0x20,0x6f,0x75,0x74,0x5f,0x63,0x6f,0x6c,0x6f,0x72,0x20,0x5b,0x5b,0x63,0x6f,
    0x6c,0x6f,0x72,0x28,0x30,0x29,0x5d,0x5d,0x3b,0x0a,0x7d,0x3b,0x0a,0x0a,0x73,0x74,
    0x72,0x75,0x63,0x74,0x20,0x6d,0x61,0x69,0x6e,0x30,0x5f,0x69,0x6e,0x0a,0x7b,0x0a,
    0x20,0x20,0x20,0x20,0x66,0x6c,0x6f,0x61,0x74,0x33,0x20,0x76,0x5f,0x76,0x69,0x65,
    0x77,0x5f,0x70,0x6f,0x73,0x20,0x5b,0x5b,0x75,0x73,0x65,0x72,0x28,0x6c,0x6f,0x63,
    0x6e,0x30,0x29,0x5d,0x5d,0x3b,0x0a,0x20,0x20,0x20,0x20,0x66,0x6c,0x6f,0x61,0x74,
    0x33,0x20,0x76,0x5f,0x77,0x6f,0x72,0x6c,0x64,0x5f,0x70,0x6f,0x73,0x20,0x5b,0x5b,
    0x75,0x73,0x65,0x72,0x28,0x6c,0x6f,0x63,0x6e,0x31,0x29,0x5d,0x5d,0x3b,0x0a,0x20,
    0x20,0x20,0x20,0x66,0x6c,0x6f,0x61,0x74,0x34,0x20,0x76,0x5f,0x62,0x61,0x73,0x65,
    0x5f,0x63,0x6f,0x6c,0x6f,0x72,0x20,0x5b,0x5b,0x75,0x73,0x65,0x72,0x28,0x6c,0x6f,
    0x63,0x6e,0x32,0x29,0x2c,0x20,0x66,0x6c,0x61,0x74,0x5d,0x5d,0x3b,0x0a,0x20,0x20,
    0x20,0x20,0x66,0x6c,0x6f,0x61,0x74,0x34,0x20,0x76,0x5f,0x6d,0x61,0x74,0x65,0x72,
    0x69,0x61,0x6c,0x20,0x5b,0x5b,0x75,0x73,0x65,0x72,0x28,0x6c,0x6f,0x63,0x6e,0x33,
    0x29,0x2c,0x20,0x66,0x6c,0x61,0x74,0x5d,0x5d,0x3b,0x0a,0x7d,0x3b,0x0a,0x0a,0x73,
    0x74,0x61,0x74,0x69,0x63,0x20,0x69,0x6e,0x6c,0x69,0x6e,0x65,0x20,0x5f,0x5f,0x61,
    0x74,0x74,0x72,0x69,0x62,0x75,0x74,0x65,0x5f,0x5f,0x28,0x28,0x61,0x6c,0x77,0x61,
    0x79,0x73,0x5f,0x69,0x6e,0x6c,0x69,0x6e,0x65,0x29,0x29,0x0a,0x69,0x6e,0x74,0x20,
    0x73,0x65,0x6c,0x65,0x63,0x74,0x53,0x68,0x61,0x64,0x6f,0x77,0x43,0x61,0x73,0x63,
    0x61,0x64,0x65,0x28,0x74,0x68,0x72,0x65,0x61,0x64,0x20,0x63,0x6f,0x6e,0x73,0x74,
    0x20,0x66,0x6c,0x6f,0x61,0x74,0x34,0x26,0x20,0x66,0x61,0x72,0x5f,0x76,0x69,0x65,
    0x77,0x5f,0x7a,0x2c,0x20,0x74,0x68,0x72,0x65,0x61,0x64,0x20,0x63,0x6f,0x6e,0x73,
    0x74,0x20,0x66,0x6c,0x6f,0x61,0x74,0x26,0x20,0x76,0x69,0x65,0x77,0x5f,0x7a,0x29,
    0x0a,0x7b,0x0a,0x20,0x20,0x20,0x20,0x69,0x6e,0x74,0x20,0x63,0x61,0x73,0x63,0x61,
    0x64,0x65,0x20,0x3d,0x20,0x33,0x3b,0x0a,0x20,0x20,0x20,0x20,0x66,0x6f,0x72,0x20,
    0x28,0x69,0x6e,0x74,0x20,0x69,0x20,0x3d,0x20,0x30,0x3b,0x20,0x69,0x20,0x3c,0x20,
    0x33,0x3b,0x20,0x69,0x2b,0x2b,0x29,0x0a,0x20,0x20,0x20,0x20,0x7b,0x0a,0x20,0x20,
    0x20,0x20,0x20,0x20,0x20,0x20,0x69,0x66,0x20,0x28,0x76,0x69,0x65,0x77,0x5f,0x7a,
    0x20,0x3c,0x20,0x66,0x61,0x72,0x5f,0x76,0x69,0x65,0x77,0x5f,0x7a,0x5b,0x69,0x5d,
    0x29,0x0a,0x20,0x20,0x20,0x20,0x20,0x20,0x20,0x20,0x7b,0x0a,0x20,0x20,0x20,0x20,
    0x20,0x20,0x20,0x20,0x20,0x20,0x20,0x20,0x63,0x61,0x73,0x63,0x61,0x64,0x65,0x20,
    0x3d,0x20,0x69,0x3b,0x0a,0x20,0x20,0x20,0x20,0x20,0x20,0x20,0x20,0x20,0x20,0x20,
    0x20,0x62,0x72,0x65,0x61,0x6b,0x3b,0x0a,0x20,0x20,0x20,0x20,0x20,0x20,0x20,0x20,
    0x7d,0x0a,0x20,0x20,0x20,0x20,0x7d,0x0a,0x20,0x20,0x20,0x20,0x72,0x65,0x74,0x75,
    0x72,0x6e,0x20,0x63,0x61,0x73,0x63,0x61,0x64,0x65,0x3b,0x0a,0x7d,0x0a,0x0a,0x73,
    0x74,0x61,0x74,0x69,0x63,0x20,0x69,0x6e,0x6c,0x69,0x6e,0x65,0x20,0x5f,0x5f,0x61,
    0x74,0x74,0x72,0x69,0x62,0x75,0x74,0x65,0x5f,0x5f,0x28,0x28,0x61,0x6c,0x77,0x61,
    0x79,0x73,0x5f,0x69,0x6e,0x6c,0x69,0x6e,0x65,0x29,0x29,0x0a,0x66,0x6c,0x6f,0x61,
    0x74,0x33,0x20,0x73,0x68,0x61,0x64,0x6f,0x77,0x43,0x61,0x73,0x63,0x61,0x64,0x65,
    0x54,0x69,0x6e,0x74,0x28,0x74,0x68,0x72,0x65,0x61,0x64,0x20,0x63,0x6f,0x6e,0x73,
    0x74,0x20,0x69,0x6e,0x74,0x26,0x20,0x63,0x61,0x73,0x63,0x61,0x64,0x65,0x29,0x0a,
    0x7b,0x0a,0x20,0x20,0x20,0x20,0x69,0x66,0x20,0x28,0x63,0x61,0x73,0x63,0x61,0x64,
    0x65,0x20,0x3d,0x3d,0x20,0x30,0x29,0x0a,0x20,0x20,0x20,0x20,0x7b,0x0a,0x20,0x20,
    0x20,0x20,0x20,0x20,0x20,0x20,0x72,0x65,0x74,0x75,0x72,0x6e,0x20,0x66,0x6c,0x6f,
    0x61,0x74,0x33,0x28,0x31,0x2e,0x30,0x2c,0x20,0x30,0x2e,0x34,0x30,0x30,0x30,0x30,
    0x30,0x30,0x30,0x35,0x39,0x36,0x30,0x34,0x36,0x34,0x34,0x37,0x37,0x35,0x33,0x39,
    0x30,0x36,0x32,0x35,0x2c,0x20,0x30,0x2e,0x34,0x30,0x30,0x30,0x30,0x30,0x30,0x30,
    0x35,0x39,0x36,0x30,0x34,0x36,0x34,0x34,0x37,0x37,0x35,0x33,0x39,0x30,0x36,0x32,
    0x35,0x29,0x3b,0x0a,0x20,0x20,0x20,0x20,0x7d,0x0a,0x20,0x20,0x20,0x20,0x69,0x66,
    0x20,0x28,0x63,0x61,0x73,0x63,0x61,0x64,0x65,0x20,0x3d,0x3d,0x20,0x31,0x29,0x0a,
    0x20,0x20,0x20,0x20,0x7b,0x0a,0x20,0x20,0x20,0x20,0x20,0x20,0x20,0x20,0x72,0x65,
    0x74,0x75,0x72,0x6e,0x20,0x66,0x6c,0x6f,0x61,0x74,0x33,0x28,0x30,0x2e,0x34,0x30,
    0x30,0x30,0x30,0x30,0x30,0x30,0x35,0x39,0x36,0x30,0x34,0x36,0x34,0x34,0x37,0x37,
    0x35,0x33,0x39,0x30,0x36,0x32,0x35,0x2c,0x20,0x31,0x2e,0x30,0x2c,0x20,0x30,0x2e,
    0x34,0x30,0x30,0x30,0x30,0x30,0x30,0x30,0x35,0x39,0x36,0x30,0x34,0x36,0x34,0x34,
    0x37,0x37,0x35,0x33,0x39,0x30,0x36,0x32,0x35,0x29,0x3b,0x0a,0x20,0x20,0x20,0x20,
    0x7d,0x0a,0x20,0x20,0x20,0x20,0x69,0x66,0x20,0x28,0x63,0x61,0x73,0x63,0x61,0x64,
    0x65,0x20,0x3d,0x3d,0x20,0x32,0x29,0x0a,0x20,0x20,0x20,0x20,0x7b,0x0a,0x20,0x20,
    0x20,0x20,0x20,0x20,0x20,0x20,0x72,0x65,0x74,0x75,0x72,0x6e,0x20,0x66,0x6c,0x6f,
    0x61,0x74,0x33,0x28,0x30,0x2e,0x34,0x30,0x30,0x30,0x30,0x30,0x30,0x30,0x35,0x39,
    0x36,0x30,0x34,0x36,0x34,0x34,0x37,0x37,0x35,0x33,0x39,0x30,0x36,0x32,0x35,0x2c,
    0x20,0x30,0x2e,0x34,0x30,0x30,0x30,0x30,0x30,0x30,0x30,0x35,0x39,0x36,0x30,0x34,
    0x36,0x34,0x34,0x37,0x37,0x35,0x33,0x39,0x30,0x36,0x32,0x35,0x2c,0x20,0x31,0x2e,
    0x30,0x29,0x3b,0x0a,0x20,0x20,0x20,0x20,0x7d,0x0a,0x20,0x20,0x20,0x20,0x72,0x65,
    0x74,0x75,0x72,0x6e,0x20,0x66,0x6c,0x6f,0x61,0x74,0x33,0x28,0x31,0x2e,0x30,0x2c,
    0x20,0x30,0x2e,0x38,0x39,0x39,0x39,0x39,0x39,0x39,0x37,0x36,0x31,0x35,0x38,0x31,
    0x34,0x32,0x30,0x38,0x39,0x38,0x34,0x33,0x37,0x35,0x2c,0x20,0x30,0x2e,0x33,0x30,
    0x30,0x30,0x30,0x30,0x30,0x31,0x31,0x39,0x32,0x30,0x39,0x32,0x38,0x39,0x35,0x35,
    0x30,0x37,0x38,0x31,0x32,0x35,0x29,0x3b,0x0a,0x7d,0x0a,0x0a,0x73,0x74,0x61,0x74,
    0x69,0x63,0x20,0x69,0x6e,0x6c,0x69,0x6e,0x65,0x20,0x5f,0x5f,0x61,0x74,0x74,0x72,
    0x69,0x62,0x75,0x74,0x65,0x5f,0x5f,0x28,0x28,0x61,0x6c,0x77,0x61,0x79,0x73,0x5f,
    0x69,0x6e,0x6c,0x69,0x6e,0x65,0x29,0x29,0x0a,0x66,0x6c,0x6f,0x61,0x74,0x20,0x73,
    0x61,0x6d,0x70,0x6c,0x65,0x53,0x68,0x61,0x64,0x6f,0x77,0x54,0x61,0x70,0x28,0x64,
    0x65,0x70,0x74,0x68,0x32,0x64,0x5f,0x61,0x72,0x72,0x61,0x79,0x3c,0x66,0x6c,0x6f,
    0x61,0x74,0x3e,0x20,0x74,0x65,0x78,0x2c,0x20,0x73,0x61,0x6d,0x70,0x6c,0x65,0x72,
    0x20,0x73,0x6d,0x70,0x2c,0x20,0x74,0x68,0x72,0x65,0x61,0x64,0x20,0x63,0x6f,0x6e,
    0x73,0x74,0x20,0x66,0x6c,0x6f,0x61,0x74,0x32,0x26,0x20,0x75,0x76,0x2c,0x20,0x74,
    0x68,0x72,0x65,0x61,0x64,0x20,0x63,0x6f,0x6e,0x73,0x74,0x20,0x66,0x6c,0x6f,0x61,
    0x74,0x26,0x20,0x6c,0x61,0x79,0x65,0x72,0x2c,0x20,0x74,0x68,0x72,0x65,0x61,0x64,
    0x20,0x63,0x6f,0x6e,0x73,0x74,0x20,0x66,0x6c,0x6f,0x61,0x74,0x26,0x20,0x72,0x65,
    0x66,0x5f,0x7a,0x29,0x0a,0x7b,0x0a,0x20,0x20,0x20,0x20,0x66,0x6c,0x6f,0x61,0x74,
    0x34,0x20,0x5f,0x36,0x30,0x37,0x20,0x3d,0x20,0x66,0x6c,0x6f,0x61,0x74,0x34,0x28,
    0x75,0x76,0x2c,0x20,0x6c,0x61,0x79,0x65,0x72,0x2c,0x20,0x72,0x65,0x66,0x5f,0x7a,
    0x29,0x3b,0x0a,0x20,0x20,0x20,0x20,0x72,0x65,0x74,0x75,0x72,0x6e,0x20,0x74,0x65,
    0x78,0x2e,0x73,0x61,0x6d,0x70,0x6c,0x65,0x5f,0x63,0x6f,0x6d,0x70,0x61,0x72,0x65,
    0x28,0x73,0x6d,0x70,0x2c,0x20,0x5f,0x36,0x30,0x37,0x2e,0x78,0x79,0x2c,0x20,0x75,
    0x69,0x6e,0x74,0x28,0x72,0x69,0x6e,0x74,0x28,0x5f,0x36,0x30,0x37,0x2e,0x7a,0x29,
    0x29,0x2c,0x20,0x72,0x65,0x66,0x5f,0x7a,0x29,0x3b,0x0a,0x7d,0x0a,0x0a,0x73,0x74,
    0x61,0x74,0x69,0x63,0x20,0x69,0x6e,0x6c,0x69,0x6e,0x65,0x20,0x5f,0x5f,0x61,0x74,
    0x74,0x72,0x69,0x62,0x75,0x74,0x65,0x5f,0x5f,0x28,0x28,0x61,0x6c,0x77,0x61,0x79,
    0x73,0x5f,0x69,0x6e,0x6c,0x69,0x6e,0x65,0x29,0x29,0x0a,0x66,0x6c,0x6f,0x61,0x74,
    0x20,0x73,0x61,0x6d,0x70,0x6c,0x65,0x53,0x68,0x61,0x64,0x6f,0x77,0x50,0x43,0x46,
    0x28,0x64,0x65,0x70,0x74,0x68,0x32,0x64,0x5f,0x61,0x72,0x72,0x61,0x79,0x3c,0x66,
    0x6c,0x6f,0x61,0x74,0x3e,0x20,0x74,0x65,0x78,0x2c,0x20,0x73,0x61,0x6d,0x70,0x6c,
    0x65,0x72,0x20,0x73,0x6d,0x70,0x2c,0x20,0x74,0x68,0x72,0x65,0x61,0x64,0x20,0x63,
    0x6f,0x6e,0x73,0x74,0x20,0x69,0x6e,0x74,0x26,0x20,0x63,0x61,0x73,0x63,0x61,0x64,
    0x65,0x2c,0x20,0x74,0x68,0x72,0x65,0x61,0x64,0x20,0x63,0x6f,0x6e,0x73,0x74,0x20,
    0x66,0x6c,0x6f,0x61,0x74,0x33,0x26,0x20,0x6c,0x69,0x67,0x68,0x74,0x5f,0x75,0x76,
    0x2c,0x20,0x74,0x68,0x72,0x65,0x61,0x64,0x20,0x63,0x6f,0x6e,0x73,0x74,0x20,0x66,
    0x6c,0x6f,0x61,0x74,0x26,0x20,0x62,0x69,0x61,0x73,0x30,0x2c,0x20,0x74,0x68,0x72,
    0x65,0x61,0x64,0x20,0x63,0x6f,0x6e,0x73,0x74,0x20,0x66,0x6c,0x6f,0x61,0x74,0x26,
    0x20,0x73,0x63,0x61,0x6c,0x65,0x2c,0x20,0x74,0x68,0x72,0x65,0x61,0x64,0x20,0x63,
    0x6f,0x6e,0x73,0x74,0x20,0x66,0x6c,0x6f,0x61,0x74,0x26,0x20,0x69,0x6e,0x76,0x5f,
    0x73,0x69,0x7a,0x65,0x29,0x0a,0x7b,0x0a,0x20,0x20,0x20,0x20,0x66,0x6c,0x6f,0x61,
    0x74,0x20,0x5f,0x36,0x31,0x37,0x20,0x3d,0x20,0x66,0x6c,0x6f,0x61,0x74,0x28,0x63,
    0x61,0x73,0x63,0x61,0x64,0x65,0x29,0x3b,0x0a,0x20,0x20,0x20,0x20,0x66,0x6c,0x6f,
    0x61,0x74,0x20,0x5f,0x36,0x32,0x32,0x20,0x3d,0x20,0x6c,0x69,0x67,0x68,0x74,0x5f,
    0x75,0x76,0x2e,0x7a,0x20,0x2d,0x20,0x62,0x69,0x61,0x73,0x30,0x3b,0x0a,0x20,0x20,
    0x20,0x20,0x66,0x6c,0x6f,0x61,0x74,0x32,0x20,0x5f,0x36,0x32,0x37,0x20,0x3d,0x20,
    0x6c,0x69,0x67,0x68,0x74,0x5f,0x75,0x76,0x2e,0x78,0x79,0x20,0x2a,0x20,0x28,0x31,
    0x2e,0x30,0x20,0x2f,0x20,0x69,0x6e,0x76,0x5f,0x73,0x69,0x7a,0x65,0x29,0x3b,0x0a,
    0x20,0x20,0x20,0x20,0x66,0x6c,0x6f,0x61,0x74,0x32,0x20,0x5f,0x36,0x33,0x32,0x20,
    0x3d,0x20,0x66,0x6c,0x6f,0x6f,0x72,0x28,0x5f,0x36,0x32,0x37,0x20,0x2b,0x20,0x66,
    0x6c,0x6f,0x61,0x74,0x32,0x28,0x30,0x2e,0x35,0x29,0x29,0x3b,0x0a,0x20,0x20,0x20,
    0x20,0x66,0x6c,0x6f,0x61,0x74,0x20,0x5f,0x36,0x33,0x39,0x20,0x3d,0x20,0x28,0x5f,
    0x36,0x32,0x37,0x2e,0x78,0x20,0x2b,0x20,0x30,0x2e,0x35,0x29,0x20,0x2d,0x20,0x5f,
    0x36,0x33,0x32,0x2e,0x78,0x3b,0x0a,0x20,0x20,0x20,0x20,0x66,0x6c,0x6f,0x61,0x74,
    0x20,0x5f,0x36,0x34,0x36,0x20,0x3d,0x20,0x28,0x5f,0x36,0x32,0x37,0x2e,0x79,0x20,
    0x2b,0x20,0x30,0x2e,0x35,0x29,0x20,0x2d,0x20,0x5f,0x36,0x33,0x32,0x2e,0x79,0x3b,
    0x0a,0x20,0x20,0x20,0x20,0x66,0x6c,0x6f,0x61,0x74,0x32,0x20,0x5f,0x36,0x35,0x31,
    0x20,0x3d,0x20,0x28,0x5f,0x36,0x33,0x32,0x20,0x2d,0x20,0x66,0x6c,0x6f,0x61,0x74,
    0x32,0x28,0x30,0x2e,0x35,0x29,0x29,0x20,0x2a,0x20,0x69,0x6e,0x76,0x5f,0x73,0x69,
    0x7a,0x65,0x3b,0x0a,0x20,0x20,0x20,0x20,0x66,0x6c,0x6f,0x61,0x74,0x20,0x5f,0x36,
    0x35,0x35,0x20,0x3d,0x20,0x69,0x6e,0x76,0x5f,0x73,0x69,0x7a,0x65,0x20,0x2a,0x20,
    0x73,0x63,0x61,0x6c,0x65,0x3b,0x0a,0x20,0x20,0x20,0x20,0x66,0x6c,0x6f,0x61,0x74,
    0x20,0x5f,0x36,0x35,0x38,0x20,0x3d,0x20,0x35,0x2e,0x30,0x20,0x2a,0x20,0x5f,0x36,
    0x33,0x39,0x3b,0x0a,0x20,0x20,0x20,0x20,0x66,0x6c,0x6f,0x61,0x74,0x20,0x5f,0x36,
    0x36,0x30,0x20,0x3d,0x20,0x5f,0x36,0x35,0x38,0x20,0x2d,0x20,0x36,0x2e,0x30,0x3b,
    0x0a,0x20,0x20,0x20,0x20,0x66,0x6c,0x6f,0x61,0x74,0x20,0x5f,0x36,0x36,0x34,0x20,
    0x3d,0x20,0x31,0x31,0x2e,0x30,0x20,0x2a,0x20,0x5f,0x36,0x33,0x39,0x3b,0x0a,0x20,
    0x20,0x20,0x20,0x66,0x6c,0x6f,0x61,0x74,0x20,0x5f,0x36,0x36,0x36,0x20,0x3d,0x20,
    0x5f,0x36,0x36,0x34,0x20,0x2d,0x20,0x32,0x38,0x2e,0x30,0x3b,0x0a,0x20,0x20,0x20,
    0x20,0x66,0x6c,0x6f,0x61,0x74,0x20,0x5f,0x36,0x37,0x32,0x20,0x3d,0x20,0x28,0x2d,
    0x31,0x37,0x2e,0x30,0x29,0x20,0x2d,0x20,0x5f,0x36,0x36,0x34,0x3b,0x0a,0x20,0x20,
    0x20,0x20,0x66,0x6c,0x6f,0x61,0x74,0x20,0x5f,0x36,0x37,0x37,0x20,0x3d,0x20,0x28,
    0x2d,0x31,0x2e,0x30,0x29,0x20,0x2d,0x20,0x5f,0x36,0x35,0x38,0x3b,0x0a,0x20,0x20,
    0x20,0x20,0x66,0x6c,0x6f,0x61,0x74,0x20,0x5f,0x36,0x38,0x31,0x20,0x3d,0x20,0x34,
    0x2e,0x30,0x20,0x2a,0x20,0x5f,0x36,0x33,0x39,0x3b,0x0a,0x20,0x20,0x20,0x20,0x66,
    0x6c,0x6f,0x61,0x74,0x20,0x5f,0x36,0x38,0x35,0x20,0x3d,0x20,0x28,0x28,0x5f,0x36,
    0x38,0x31,0x20,0x2d,0x20,0x35,0x2e,0x30,0x29,0x20,0x2f,0x20,0x5f,0x36,0x36,0x30,
    0x29,0x20,0x2d,0x20,0x33,0x2e,0x30,0x3b,0x0a,0x20,0x20,0x20,0x20,0x66,0x6c,0x6f,
    0x61,0x74,0x20,0x5f,0x36,0x39,0x33,0x20,0x3d,0x20,0x28,0x28,0x5f,0x36,0x38,0x31,
    0x20,0x2d,0x20,0x31,0x36,0x2e,0x30,0x29,0x20,0x2f,0x20,0x5f,0x36,0x36,0x36,0x29,
    0x20,0x2d,0x20,0x31,0x2e,0x30,0x3b,0x0a,0x20,0x20,0x20,0x20,0x66,0x6c,0x6f,0x61,
    0x74,0x20,0x5f,0x37,0x30,0x32,0x20,0x3d,0x20,0x28,0x28,0x28,0x2d,0x35,0x2e,0x30,
    0x29,0x20,0x2d,0x20,0x28,0x37,0x2e,0x30,0x20,0x2a,0x20,0x5f,0x36,0x33,0x39,0x29,
    0x29,0x20,0x2f,0x20,0x5f,0x36,0x37,0x32,0x29,0x20,0x2b,0x20,0x31,0x2e,0x30,0x3b,
    0x0a,0x20,0x20,0x20,0x20,0x66,0x6c,0x6f,0x61,0x74,0x20,0x5f,0x37,0x30,0x38,0x20,
    0x3d,0x20,0x28,0x28,0x2d,0x5f,0x36,0x33,0x39,0x29,0x20,0x2f,0x20,0x5f,0x36,0x37,
    0x37,0x29,0x20,0x2b,0x20,0x33,0x2e,0x30,0x3b,0x0a,0x20,0x20,0x20,0x20,0x66,0x6c,
    0x6f,0x61,0x74,0x20,0x5f,0x37,0x31,0x31,0x20,0x3d,0x20,0x35,0x2e,0x30,0x20,0x2a,
    0x20,0x5f,0x36,0x34,0x36,0x3b,0x0a,0x20,0x20,0x20,0x20,0x66,0x6c,0x6f,0x61,0x74,
    0x20,0x5f,0x37,0x31,0x32,0x20,0x3d,0x20,0x5f,0x37,0x31,0x31,0x20,0x2d,0x20,0x36,
    0x2e,0x30,0x3b,0x0a,0x20,0x20,0x20,0x20,0x66,0x6c,0x6f,0x61,0x74,0x20,0x5f,0x37,
    0x31,0x35,0x20,0x3d,0x20,0x31,0x31,0x2e,0x30,0x20,0x2a,0x20,0x5f,0x36,0x34,0x36,
    0x3b,0x0a,0x20,0x20,0x20,0x20,0x66,0x6c,0x6f,0x61,0x74,0x20,0x5f,0x37,0x31,0x36,
    0x20,0x3d,0x20,0x5f,0x37,0x31,0x35,0x20,0x2d,0x20,0x32,0x38,0x2e,0x30,0x3b,0x0a,
    0x20,0x20,0x20,0x20,0x66,0x6c,0x6f,0x61,0x74,0x20,0x5f,0x37,0x32,0x31,0x20,0x3d,
    0x20,0x28,0x2d,0x31,0x37,0x2e,0x30,0x29,0x20,0x2d,0x20,0x5f,0x37,0x31,0x35,0x3b,
    0x0a,0x20,0x20,0x20,0x20,0x66,0x6c,0x6f,0x61,0x74,0x20,0x5f,0x37,0x32,0x36,0x20,
    0x3d,0x20,0x28,0x2d,0x31,0x2e,0x30,0x29,0x20,0x2d,0x20,0x5f,0x37,0x31,0x31,0x3b,
    0x0a,0x20,0x20,0x20,0x20,0x66,0x6c,0x6f,0x61,0x74,0x20,0x5f,0x37,0x32,0x39,0x20,
    0x3d,0x20,0x34,0x2e,0x30,0x20,0x2a,0x20,0x5f,0x36,0x34,0x36,0x3b,0x0a,0x20,0x20,
    0x20,0x20,0x66,0x6c,0x6f,0x61,0x74,0x20,0x5f,0x37,0x33,0x33,0x20,0x3d,0x20,0x28,
    0x28,0x5f,0x37,0x32,0x39,0x20,0x2d,0x20,0x35,0x2e,0x30,0x29,0x20,0x2f,0x20,0x5f,
    0x37,0x31,0x32,0x29,0x20,0x2d,0x20,0x33,0x2e,0x30,0x3b,0x0a,0x20,0x20,0x20,0x20,
    0x66,0x6c,0x6f,0x61,0x74,0x20,0x5f,0x37,0x34,0x30,0x20,0x3d,0x20,0x28,0x28,0x5f,
    0x37,0x32,0x39,0x20,0x2d,0x20,0x31,0x36,0x2e,0x30,0x29,0x20,0x2f,0x20,0x5f,0x37,
    0x31,0x36,0x29,0x20,0x2d,0x20,0x31,0x2e,0x30,0x3b,0x0a,0x20,0x20,0x20,0x20,0x66,
    0x6c,0x6f,0x61,0x74,0x20,0x5f,0x37,0x34,0x38,0x20,0x3d,0x20,0x28,0x28,0x28,0x2d,
    0x35,0x2e,0x30,0x29,0x20,0x2d,0x20,0x28,0x37,0x2e,0x30,0x20,0x2a,0x20,0x5f,0x36,
    0x34,0x36,0x29,0x29,0x20,0x2f,0x20,0x5f,0x37,0x32,0x31,0x29,0x20,0x2b,0x20,0x31,
    0x2e,0x30,0x3b,0x0a,0x20,0x20,0x20,0x20,0x66,0x6c,0x6f,0x61,0x74,0x20,0x5f,0x37,
    0x35,0x34,0x20,0x3d,0x20,0x28,0x28,0x2d,0x5f,0x36,0x34,0x36,0x29,0x20,0x2f,0x20,
    0x5f,0x37,0x32,0x36,0x29,0x20,0x2b,0x20,0x33,0x2e,0x30,0x3b,0x0a,0x20,0x20,0x20,
    0x20,0x66,0x6c,0x6f,0x61,0x74,0x20,0x73,0x75,0x6d,0x20,0x3d,0x20,0x30,0x2e,0x30,
    0x3b,0x0a,0x20,0x20,0x20,0x20,0x66,0x6c,0x6f,0x61,0x74,0x32,0x20,0x70,0x61,0x72,
    0x61,0x6d,0x20,0x3d,0x20,0x5f,0x36,0x35,0x31,0x20,0x2b,0x20,0x28,0x66,0x6c,0x6f,
    0x61,0x74,0x32,0x28,0x5f,0x36,0x38,0x35,0x2c,0x20,0x5f,0x37,0x33,0x33,0x29,0x20,
    0x2a,0x20,0x5f,0x36,0x35,0x35,0x29,0x3b,0x0a,0x20,0x20,0x20,0x20,0x66,0x6c,0x6f,
    0x61,0x74,0x20,0x70,0x61,0x72,0x61,0x6d,0x5f,0x31,0x20,0x3d,0x20,0x5f,0x36,0x31,
    0x37,0x3b,0x0a,0x20,0x20,0x20,0x20,0x66,0x6c,0x6f,0x61,0x74,0x20,0x70,0x61,0x72,
    0x61,0x6d,0x5f,0x32,0x20,0x3d,0x20,0x5f,0x36,0x32,0x32,0x3b,0x0a,0x20,0x20,0x20,
    0x20,0x73,0x75,0x6d,0x20,0x2b,0x3d,0x20,0x28,0x28,0x5f,0x36,0x36,0x30,0x20,0x2a,
    0x20,0x5f,0x37,0x31,0x32,0x29,0x20,0x2a,0x20,0x73,0x61,0x6d,0x70,0x6c,0x65,0x53,
    0x68,0x61,0x64,0x6f,0x77,0x54,0x61,0x70,0x28,0x74,0x65,0x78,0x2c,0x20,0x73,0x6d,
    0x70,0x2c,0x20,0x70,0x61,0x72,0x61,0x6d,0x2c,0x20,0x70,0x61,0x72,0x61,0x6d,0x5f,
    0x31,0x2c,0x20,0x70,0x61,0x72,0x61,0x6d,0x5f,0x32,0x29,0x29,0x3b,0x0a,0x20,0x20,
    0x20,0x20,0x66,0x6c,0x6f,0x61,0x74,0x32,0x20,0x70,0x61,0x72,0x61,0x6d,0x5f,0x33,
    0x20,0x3d,0x20,0x5f,0x36,0x35,0x31,0x20,0x2b,0x20,0x28,0x66,0x6c,0x6f,0x61,0x74,
    0x32,0x28,0x5f,0x36,0x39,0x33,0x2c,0x20,0x5f,0x37,0x33,0x33,0x29,0x20,0x2a,0x20,
    0x5f,0x36,0x35,0x35,0x29,0x3b,0x0a,0x20,0x20,0x20,0x20,0x66,0x6c,0x6f,0x61,0x74,
    0x20,0x70,0x61,0x72,0x61,0x6d,0x5f,0x34,0x20,0x3d,0x20,0x5f,0x36,0x31,0x37,0x3b,
    0x0a,0x20,0x20,0x20,0x20,0x66,0x6c,0x6f,0x61,0x74,0x20,0x70,0x61,0x72,0x61,0x6d,
    0x5f,0x35,0x20,0x3d,0x20,0x5f,0x36,0x32,0x32,0x3b,0x0a,0x20,0x20,0x20,0x20,0x73,
    0x75,0x6d,0x20,0x2b,0x3d,0x20,0x28,0x28,0x5f,0x36,0x36,0x36,0x20,0x2a,0x20,0x5f,
    0x37,0x31,0x32,0x29,0x20,0x2a,0x20,0x73,0x61,0x6d,0x70,0x6c,0x65,0x53,0x68,0x61,
    0x64,0x6f,0x77,0x54,0x61,0x70,0x28,0x74,0x65,0x78,0x2c,0x20,0x73,0x6d,0x70,0x2c,
    0x20,0x70,0x61,0x72,0x61,0x6d,0x5f,0x33,0x2c,0x20,0x70,0x61,0x72,0x61,0x6d,0x5f,
    0x34,0x2c,0x20,0x70,0x61,0x72,0x61,0x6d,0x5f,0x35,0x29,0x29,0x3b,0x0a,0x20,0x20,
    0x20,0x20,0x66,0x6c,0x6f,0x61,0x74,0x32,0x20,0x70,0x61,0x72,0x61,0x6d,0x5f,0x36,
    0x20,0x3d,0x20,0x5f,0x36,0x35,0x31,0x20,0x2b,0x20,0x28,0x66,0x6c,0x6f,0x61,0x74,
    0x32,0x28,0x5f,0x37,0x30,0x32,0x2c,0x20,0x5f,0x37,0x33,0x33,0x29,0x20,0x2a,0x20,
    0x5f,0x36,0x35,0x35,0x29,0x3b,0x0a,0x20,0x20,0x20,0x20,0x66,0x6c,0x6f,0x61,0x74,
    0x20,0x70,0x61,0x72,0x61,0x6d,0x5f,0x37,0x20,0x3d,0x20,0x5f,0x36,0x31,0x37,0x3b,
    0x0a,0x20,0x20,0x20,0x20,0x66,0x6c,0x6f,0x61,0x74,0x20,0x70,0x61,0x72,0x61,0x6d,
    0x5f,0x38,0x20,0x3d,0x20,0x5f,0x36,0x32,0x32,0x3b,0x0a,0x20,0x20,0x20,0x20,0x73,
    0x75,0x6d,0x20,0x2b,0x3d,0x20,0x28,0x28,0x5f,0x36,0x37,0x32,0x20,0x2a,0x20,0x5f,
    0x37,0x31,0x32,0x29,0x20,0x2a,0x20,0x73,0x61,0x6d,0x70,0x6c,0x65,0x53,0x68,0x61,
    0x64,0x6f,0x77,0x54,0x61,0x70,0x28,0x74,0x65,0x78,0x2c,0x20,0x73,0x6d,0x70,0x2c,
    0x20,0x70,0x61,0x72,0x61,0x6d,0x5f,0x36,0x2c,0x20,0x70,0x61,0x72,0x61,0x6d,0x5f,
    0x37,0x2c,0x20,0x70,0x61,0x72,0x61,0x6d,0x5f,0x38,0x29,0x29,0x3b,0x0a,0x20,0x20,
    0x20,0x20,0x66,0x6c,0x6f,0x61,0x74,0x32,0x20,0x70,0x61,0x72,0x61,0x6d,0x5f,0x39,
    0x20,0x3d,0x20,0x5f,0x36,0x35,0x31,0x20,0x2b,0x20,0x28,0x66,0x6c,0x6f,0x61,0x74,
    0x32,0x28,0x5f,0x37,0x30,0x38,0x2c,0x20,0x5f,0x37,0x33,0x33,0x29,0x20,0x2a,0x20,
    0x5f,0x36,0x35,0x35,0x29,0x3b,0x0a,0x20,0x20,0x20,0x20,0x66,0x6c,0x6f,0x61,0x74,
    0x20,0x70,0x61,0x72,0x61,0x6d,0x5f,0x31,0x30,0x20,0x3d,0x20,0x5f,0x36,0x31,0x37,
    0x3b,0x0a,0x20,0x20,0x20,0x20,0x66,0x6c,0x6f,0x61,0x74,0x20,0x70,0x61,0x72,0x61,
    0x6d,0x5f,0x31,0x31,0x20,0x3d,0x20,0x5f,0x36,0x32,0x32,0x3b,0x0a,0x20,0x20,0x20,
    0x20,0x73,0x75,0x6d,0x20,0x2b,0x3d,0x20,0x28,0x28,0x5f,0x36,0x37,0x37,0x20,0x2a,
    0x20,0x5f,0x37,0x31,0x32,0x29,0x20,0x2a,0x20,0x73,0x61,0x6d,0x70,0x6c,0x65,0x53,
    0x68,0x61,0x64,0x6f,0x77,0x54,0x61,0x70,0x28,0x74,0x65,0x78,0x2c,0x20,0x73,0x6d,
    0x70,0x2c,0x20,0x70,0x61,0x72,0x61,0x6d,0x5f,0x39,0x2c,0x20,0x70,0x61,0x72,0x61,
    0x6d,0x5f,0x31,0x30,0x2c,0x20,0x70,0x61,0x72,0x61,0x6d,0x5f,0x31,0x31,0x29,0x29,
    0x3b,0x0a,0x20,0x20,0x20,0x20,0x66,0x6c,0x6f,0x61,0x74,0x32,0x20,0x70,0x61,0x72,
    0x61,0x6d,0x5f,0x31,0x32,0x20,0x3d,0x20,0x5f,0x36,0x35,0x31,0x20,0x2b,0x20,0x28,
    0x66,0x6c,0x6f,0x61,0x74,0x32,0x28,0x5f,0x36,0x38,0x35,0x2c,0x20,0x5f,0x37,0x34,
    0x30,0x29,0x20,0x2a,0x20,0x5f,0x36,0x35,0x35,0x29,0x3b,0x0a,0x20,0x20,0x20,0x20,
    0x66,0x6c,0x6f,0x61,0x74,0x20,0x70,0x61,0x72,0x61,0x6d,0x5f,0x31,0x33,0x20,0x3d,
    0x20,0x5f,0x36,0x31,0x37,0x3b,0x0a,0x20,0x20,0x20,0x20,0x66,0x6c,0x6f,0x61,0x74,
    0x20,0x70,0x61,0x72,0x61,0x6d,0x5f,0x31,0x34,0x20,0x3d,0x20,0x5f,0x36,0x32,0x32,
    0x3b,0x0a,0x20,0x20,0x20,0x20,0x73,0x75,0x6d,0x20,0x2b,0x3d,0x20,0x28,0x28,0x5f,
    0x36,0x36,0x30,0x20,0x2a,0x20,0x5f,0x37,0x31,0x36,0x29,0x20,0x2a,0x20,0x73,0x61,
    0x6d,0x70,0x6c,0x65,0x53,0x68,0x61,0x64,0x6f,0x77,0x54,0x61,0x70,0x28,0x74,0x65,
    0x78,0x2c,0x20,0x73,0x6d,0x70,0x2c,0x20,0x70,0x61,0x72,0x61,0x6d,0x5f,0x31,0x32,
    0x2c,0x20,0x70,0x61,0x72,0x61,0x6d,0x5f,0x31,0x33,0x2c,0x20,0x70,0x61,0x72,0x61,
    0x6d,0x5f,0x31,0x34,0x29,0x29,0x3b,0x0a,0x20,0x20,0x20,0x20,0x66,0x6c,0x6f,0x61,
    0x74,0x32,0x20,0x70,0x61,0x72,0x61,0x6d,0x5f,0x31,0x35,0x20,0x3d,0x20,0x5f,0x36,
    0x35,0x31,0x20,0x2b,0x20,0x28,0x66,0x6c,0x6f,0x61,0x74,0x32,0x28,0x5f,0x36,0x39,
    0x33,0x2c,0x20,0x5f,0x37,0x34,0x30,0x29,0x20,0x2a,0x20,0x5f,0x36,0x35,0x35,0x29,
    0x3b,0x0a,0x20,0x20,0x20,0x20,0x66,0x6c,0x6f,0x61,0x74,0x20,0x70,0x61,0x72,0x61,
    0x6d,0x5f,0x31,0x36,0x20,0x3d,0x20,0x5f,0x36,0x31,0x37,0x3b,0x0a,0x20,0x20,0x20,
    0x20,0x66,0x6c,0x6f,0x61,0x74,0x20,0x70,0x61,0x72,0x61,0x6d,0x5f,0x31,0x37,0x20,
    0x3d,0x20,0x5f,0x36,0x32,0x32,0x3b,0x0a,0x20,0x20,0x20,0x20,0x73,0x75,0x6d,0x20,
    0x2b,0x3d,0x20,0x28,0x28,0x5f,0x36,0x36,0x36,0x20,0x2a,0x20,0x5f,0x37,0x31,0x36,
    0x29,0x20,0x2a,0x20,0x73,0x61,0x6d,0x70,0x6c,0x65,0x53,0x68,0x61,0x64,0x6f,0x77,
    0x54,0x61,0x70,0x28,0x74,0x65,0x78,0x2c,0x20,0x73,0x6d,0x70,0x2c,0x20,0x70,0x61,
    0x72,0x61,0x6d,0x5f,0x31,0x35,0x2c,0x20,0x70,0x61,0x72,0x61,0x6d,0x5f,0x31,0x36,
    0x2c,0x20,0x70,0x61,0x72,0x61,0x6d,0x5f,0x31,0x37,0x29,0x29,0x3b,0x0a,0x20,0x20,
    0x20,0x20,0x66,0x6c,0x6f,0x61,0x74,0x32,0x20,0x70,0x61,0x72,0x61,0x6d,0x5f,0x31,
    0x38,0x20,0x3d,0x20,0x5f,0x36,0x35,0x31,0x20,0x2b,0x20,0x28,0x66,0x6c,0x6f,0x61,
    0x74,0x32,0x28,0x5f,0x37,0x30,0x32,0x2c,0x20,0x5f,0x37,0x34,0x30,0x29,0x20,0x2a,
    0x20,0x5f,0x36,0x35,0x35,0x29,0x3b,0x0a,0x20,0x20,0x20,0x20,0x66,0x6c,0x6f,0x61,
    0x74,0x20,0x70,0x61,0x72,0x61,0x6d,0x5f,0x31,0x39,0x20,0x3d,0x20,0x5f,0x36,0x31,
    0x37,0x3b,0x0a,0x20,0x20,0x20,0x20,0x66,0x6c,0x6f,0x61,0x74,0x20,0x70,0x61,0x72,
    0x61,0x6d,0x5f,0x32,0x30,0x20,0x3d,0x20,0x5f,0x36,0x32,0x32,0x3b,0x0a,0x20,0x20,
    0x20,0x20,0x73,0x75,0x6d,0x20,0x2b,0x3d,0x20,0x28,0x28,0x5f,0x36,0x37,0x32,0x20,
    0x2a,0x20,0x5f,0x37,0x31,0x36,0x29,0x20,0x2a,0x20,0x73,0x61,0x6d,0x70,0x6c,0x65,
    0x53,0x68,0x61,0x64,0x6f,0x77,0x54,0x61,0x70,0x28,0x74,0x65,0x78,0x2c,0x20,0x73,
    0x6d,0x70,0x2c,0x20,0x70,0x61,0x72,0x61,0x6d,0x5f,0x31,0x38,0x2c,0x20,0x70,0x61,
    0x72,0x61,0x6d,0x5f,0x31,0x39,0x2c,0x20,0x70,0x61,0x72,0x61,0x6d,0x5f,0x32,0x30,
    0x29,0x29,0x3b,0x0a,0x20,0x20,0x20,0x20,0x66,0x6c,0x6f,0x61,0x74,0x32,0x20,0x70,
    0x61,0x72,0x61,0x6d,0x5f,0x32,0x31,0x20,0x3d,0x20,0x5f,0x36,0x35,0x31,0x20,0x2b,
    0x20,0x28,0x66,0x6c,0x6f,0x61,0x74,0x32,0x28,0x5f,0x37,0x30,0x38,0x2c,0x20,0x5f,
    0x37,0x34,0x30,0x29,0x20,0x2a,0x20,0x5f,0x36,0x35,0x35,0x29,0x3b,0x0a,0x20,0x20,
    0x20,0x20,0x66,0x6c,0x6f,0x61,0x74,0x20,0x70,0x61,0x72,0x61,0x6d,0x5f,0x32,0x32,
    0x20,0x3d,0x20,0x5f,0x36,0x31,0x37,0x3b,0x0a,0x20,0x20,0x20,0x20,0x66,0x6c,0x6f,
    0x61,0x74,0x20,0x70,0x61,0x72,0x61,0x6d,0x5f,0x32,0x33,0x20,0x3d,0x20,0x5f,0x36,
    0x32,0x32,0x3b,0x0a,0x20,0x20,0x20,0x20,0x73,0x75,0x6d,0x20,0x2b,0x3d,0x20,0x28,
    0x28,0x5f,0x36,0x37,0x37,0x20,0x2a,0x20,0x5f,0x37,0x31,0x36,0x29,0x20,0x2a,0x20,
    0x73,0x61,0x6d,0x70,0x6c,0x65,0x53,0x68,0x61,0x64,0x6f,0x77,0x54,0x61,0x70,0x28,
    0x74,0x65,0x78,0x2c,0x20,0x73,0x6d,0x70,0x2c,0x20,0x70,0x61,0x72,0x61,0x6d,0x5f,
    0x32,0x31,0x2c,0x20,0x70,0x61,0x72,0x61,0x6d,0x5f,0x32,0x32,0x2c,0x20,0x70,0x61,
    0x72,0x61,0x6d,0x5f,0x32,0x33,0x29,0x29,0x3b,0x0a,0x20,0x20,0x20,0x20,0x66,0x6c,
    0x6f,0x61,0x74,0x32,0x20,0x70,0x61,0x72,0x61,0x6d,0x5f,0x32,0x34,0x20,0x3d,0x20,
    0x5f,0x36,0x35,0x31,0x20,0x2b,0x20,0x28,0x66,0x6c,0x6f,0x61,0x74,0x32,0x28,0x5f,
    0x36,0x38,0x35,0x2c,0x20,0x5f,0x37,0x34,0x38,0x29,0x20,0x2a,0x20,0x5f,0x36,0x35,
    0x35,0x29,0x3b,0x0a,0x20,0x20,0x20,0x20,0x66,0x6c,0x6f,0x61,0x74,0x20,0x70,0x61,
    0x72,0x61,0x6d,0x5f,0x32,0x35,0x20,0x3d,0x20,0x5f,0x36,0x31,0x37,0x3b,0x0a,0x20,
    0x20,0x20,0x20,0x66,0x6c,0x6f,0x61,0x74,0x20,0x70,0x61,0x72,0x61,0x6d,0x5f,0x32,
    0x36,0x20,0x3d,0x20,0x5f,0x36,0x32,0x32,0x3b,0x0a,0x20,0x20,0x20,0x20,0x73,0x75,
    0x6d,0x20,0x2b,0x3d,0x20,0x28,0x28,0x5f,0x36,0x36,0x30,0x20,0x2a,0x20,0x5f,0x37,
    0x32,0x31,0x29,0x20,0x2a,0x20,0x73,0x61,0x6d,0x70,0x6c,0x65,0x53,0x68,0x61,0x64,
    0x6f,0x77,0x54,0x61,0x70,0x28,0x74,0x65,0x78,0x2c,0x20,0x73,0x6d,0x70,0x2c,0x20,
    0x70,0x61,0x72,0x61,0x6d,0x5f,0x32,0x34,0x2c,0x20,0x70,0x61,0x72,0x61,0x6d,0x5f,
    0x32,0x35,0x2c,0x20,0x70,0x61,0x72,0x61,0x6d,0x5f,0x32,0x36,0x29,0x29,0x3b,0x0a,
    0x20,0x20,0x20,0x20,0x66,0x6c,0x6f,0x61,0x74,0x32,0x20,0x70,0x61,0x72,0x61,0x6d,
    0x5f,0x32,0x37,0x20,0x3d,0x20,0x5f,0x36,0x35,0x31,0x20,0x2b,0x20,0x28,0x66,0x6c,
    0x6f,0x61,0x74,0x32,0x28,0x5f,0x36,0x39,0x33,0x2c,0x20,0x5f,0x37,0x34,0x38,0x29,
    0x20,0x2a,0x20,0x5f,0x36,0x35,0x35,0x29,0x3b,0x0a,0x20,0x20,0x20,0x20,0x66,0x6c,
    0x6f,0x61,0x74,0x20,0x70,0x61,0x72,0x61,0x6d,0x5f,0x32,0x38,0x20,0x3d,0x20,0x5f,
    0x36,0x31,0x37,0x3b,0x0a,0x20,0x20,0x20,0x20,0x66,0x6c,0x6f,0x61,0x74,0x20,0x70,
    0x61,0x72,0x61,0x6d,0x5f,0x32,0x39,0x20,0x3d,0x20,0x5f,0x36,0x32,0x32,0x3b,0x0a,
    0x20,0x20,0x20,0x20,0x73,0x75,0x6d,0x20,0x2b,0x3d,0x20,0x28,0x28,0x5f,0x36,0x36,
    0x36,0x20,0x2a,0x20,0x5f,0x37,0x32,0x31,0x29,0x20,0x2a,0x20,0x73,0x61,0x6d,0x70,
    0x6c,0x65,0x53,0x68,0x61,0x64,0x6f,0x77,0x54,0x61,0x70,0x28,0x74,0x65,0x78,0x2c,
    0x20,0x73,0x6d,0x70,0x2c,0x20,0x70,0x61,0x72,0x61,0x6d,0x5f,0x32,0x37,0x2c,0x20,
    0x70,0x61,0x72,0x61,0x6d,0x5f,0x32,0x38,0x2c,0x20,0x70,0x61,0x72,0x61,0x6d,0x5f,
    0x32,0x39,0x29,0x29,0x3b,0x0a,0x20,0x20,0x20,0x20,0x66,0x6c,0x6f,0x61,0x74,0x32,
    0x20,0x70,0x61,0x72,0x61,0x6d,0x5f,0x33,0x30,0x20,0x3d,0x20,0x5f,0x36,0x35,0x31,
    0x20,0x2b,0x20,0x28,0x66,0x6c,0x6f,0x61,0x74,0x32,0x28,0x5f,0x37,0x30,0x32,0x2c,
    0x20,0x5f,0x37,0x34,0x38,0x29,0x20,0x2a,0x20,0x5f,0x36,0x35,0x35,0x29,0x3b,0x0a,
    0x20,0x20,0x20,0x20,0x66,0x6c,0x6f,0x61,0x74,0x20,0x70,0x61,0x72,0x61,0x6d,0x5f,
    0x33,0x31,0x20,0x3d,0x20,0x5f,0x36,0x31,0x37,0x3b,0x0a,0x20,0x20,0x20,0x20,0x66,
    0x6c,0x6f,0x61,0x74,0x20,0x70,0x61,0x72,0x61,0x6d,0x5f,0x33,0x32,0x20,0x3d,0x20,
    0x5f,0x36,0x32,0x32,0x3b,0x0a,0x20,0x20,0x20,0x20,0x73,0x75,0x6d,0x20,0x2b,0x3d,
    0x20,0x28,0x28,0x5f,0x36,0x37,0x32,0x20,0x2a,0x20,0x5f,0x37,0x32,0x31,0x29,0x20,
    0x2a,0x20,0x73,0x61,0x6d,0x70,0x6c,0x65,0x53,0x68,0x61,0x64,0x6f,0x77,0x54,0x61,
    0x70,0x28,0x74,0x65,0x78,0x2c,0x20,0x73,0x6d,0x70,0x2c,0x20,0x70,0x61,0x72,0x61,
    0x6d,0x5f,0x33,0x30,0x2c,0x20,0x70,0x61,0x72,0x61,0x6d,0x5f,0x33,0x31,0x2c,0x20,
    0x70,0x61,0x72,0x61,0x6d,0x5f,0x33,0x32,0x29,0x29,0x3b,0x0a,0x20,0x20,0x20,0x20,
    0x66,0x6c,0x6f,0x61,0x74,0x32,0x20,0x70,0x61,0x72,0x61,0x6d,0x5f,0x33,0x33,0x20,
    0x3d,0x20,0x5f,0x36,0x35,0x31,0x20,0x2b,0x20,0x28,0x66,0x6c,0x6f,0x61,0x74,0x32,
    0x28,0x5f,0x37,0x30,0x38,0x2c,0x20,0x5f,0x37,0x34,0x38,0x29,0x20,0x2a,0x20,0x5f,
    0x36,0x35,0x35,0x29,0x3b,0x0a,0x20,0x20,0x20,0x20,0x66,0x6c,0x6f,0x61,0x74,0x20,
    0x70,0x61,0x72,0x61,0x6d,0x5f,0x33,0x34,0x20,0x3d,0x20,0x5f,0x36,0x31,0x37,0x3b,
    0x0a,0x20,0x20,0x20,0x20,0x66,0x6c,0x6f,0x61,0x74,0x20,0x70,0x61,0x72,0x61,0x6d,
    0x5f,0x33,0x35,0x20,0x3d,0x20,0x5f,0x36,0x32,0x32,0x3b,0x0a,0x20,0x20,0x20,0x20,
    0x73,0x75,0x6d,0x20,0x2b,0x3d,0x20,0x28,0x28,0x5f,0x36,0x37,0x37,0x20,0x2a,0x20,
    0x5f,0x37,0x32,0x31,0x29,0x20,0x2a,0x20,0x73,0x61,0x6d,0x70,0x6c,0x65,0x53,0x68,
    0x61,0x64,0x6f,0x77,0x54,0x61,0x70,0x28,0x74,0x65,0x78,0x2c,0x20,0x73,0x6d,0x70,
    0x2c,0x20,0x70,0x61,0x72,0x61,0x6d,0x5f,0x33,0x33,0x2c,0x20,0x70,0x61,0x72,0x61,
    0x6d,0x5f,0x33,0x34,0x2c,0x20,0x70,0x61,0x72,0x61,0x6d,0x5f,0x33,0x35,0x29,0x29,
    0x3b,0x0a,0x20,0x20,0x20,0x20,0x66,0x6c,0x6f,0x61,0x74,0x32,0x20,0x70,0x61,0x72,
    0x61,0x6d,0x5f,0x33,0x36,0x20,0x3d,0x20,0x5f,0x36,0x35,0x31,0x20,0x2b,0x20,0x28,
    0x66,0x6c,0x6f,0x61,0x74,0x32,0x28,0x5f,0x36,0x38,0x35,0x2c,0x20,0x5f,0x37,0x35,
    0x34,0x29,0x20,0x2a,0x20,0x5f,0x36,0x35,0x35,0x29,0x3b,0x0a,0x20,0x20,0x20,0x20,
    0x66,0x6c,0x6f,0x61,0x74,0x20,0x70,0x61,0x72,0x61,0x6d,0x5f,0x33,0x37,0x20,0x3d,
    0x20,0x5f,0x36,0x31,0x37,0x3b,0x0a,0x20,0x20,0x20,0x20,0x66,0x6c,0x6f,0x61,0x74,
    0x20,0x70,0x61,0x72,0x61,0x6d,0x5f,0x33,0x38,0x20,0x3d,0x20,0x5f,0x36,0x32,0x32,
    0x3b,0x0a,0x20,0x20,0x20,0x20,0x73,0x75,0x6d,0x20,0x2b,0x3d,0x20,0x28,0x28,0x5f,
    0x36,0x36,0x30,0x20,0x2a,0x20,0x5f,0x37,0x32,0x36,0x29,0x20,0x2a,0x20,0x73,0x61,
    0x6d,0x70,0x6c,0x65,0x53,0x68,0x61,0x64,0x6f,0x77,0x54,0x61,0x70,0x28,0x74,0x65,
    0x78,0x2c,0x20,0x73,0x6d,0x70,0x2c,0x20,0x70,0x61,0x72,0x61,0x6d,0x5f,0x33,0x36,
    0x2c,0x20,0x70,0x61,0x72,0x61,0x6d,0x5f,0x33,0x37,0x2c,0x20,0x70,0x61,0x72,0x61,
    0x6d,0x5f,0x33,0x38,0x29,0x29,0x3b,0x0a,0x20,0x20,0x20,0x20,0x66,0x6c,0x6f,0x61,
    0x74,0x32,0x20,0x70,0x61,0x72,0x61,0x6d,0x5f,0x33,0x39,0x20,0x3d,0x20,0x5f,0x36,
    0x35,0x31,0x20,0x2b,0x20,0x28,0x66,0x6c,0x6f,0x61,0x74,0x32,0x28,0x5f,0x36,0x39,
    0x33,0x2c,0x20,0x5f,0x37,0x35,0x34,0x29,0x20,0x2a,0x20,0x5f,0x36,0x35,0x35,0x29,
    0x3b,0x0a,0x20,0x20,0x20,0x20,0x66,0x6c,0x6f,0x61,0x74,0x20,0x70,0x61,0x72,0x61,
    0x6d,0x5f,0x34,0x30,0x20,0x3d,0x20,0x5f,0x36,0x31,0x37,0x3b,0x0a,0x20,0x20,0x20,
    0x20,0x66,0x6c,0x6f,0x61,0x74,0x20,0x70,0x61,0x72,0x61,0x6d,0x5f,0x34,0x31,0x20,
    0x3d,0x20,0x5f,0x36,0x32,0x32,0x3b,0x0a,0x20,0x20,0x20,0x20,0x73,0x75,0x6d,0x20,
    0x2b,0x3d,0x20,0x28,0x28,0x5f,0x36,0x36,0x36,0x20,0x2a,0x20,0x5f,0x37,0x32,0x36,
    0x29,0x20,0x2a,0x20,0x73,0x61,0x6d,0x70,0x6c,0x65,0x53,0x68,0x61,0x64,0x6f,0x77,
    0x54,0x61,0x70,0x28,0x74,0x65,0x78,0x2c,0x20,0x73,0x6d,0x70,0x2c,0x20,0x70,0x61,
    0x72,0x61,0x6d,0x5f,0x33,0x39,0x2c,0x20,0x70,0x61,0x72,0x61,0x6d,0x5f,0x34,0x30,
    0x2c,0x20,0x70,0x61,0x72,0x61,0x6d,0x5f,0x34,0x31,0x29,0x29,0x3b,0x0a,0x20,0x20,
    0x20,0x20,0x66,0x6c,0x6f,0x61,0x74,0x32,0x20,0x70,0x61,0x72,0x61,0x6d,0x5f,0x34,
    0x32,0x20,0x3d,0x20,0x5f,0x36,0x35,0x31,0x20,0x2b,0x20,0x28,0x66,0x6c,0x6f,0x61,
    0x74,0x32,0x28,0x5f,0x37,0x30,0x32,0x2c,0x20,0x5f,0x37,0x35,0x34,0x29,0x20,0x2a,
    0x20,0x5f,0x36,0x35,0x35,0x29,0x3b,0x0a,0x20,0x20,0x20,0x20,0x66,0x6c,0x6f,0x61,
    0x74,0x20,0x70,0x61,0x72,0x61,0x6d,0x5f,0x34,0x33,0x20,0x3d,0x20,0x5f,0x36,0x31,
    0x37,0x3b,0x0a,0x20,0x20,0x20,0x20,0x66,0x6c,0x6f,0x61,0x74,0x20,0x70,0x61,0x72,
    0x61,0x6d,0x5f,0x34,0x34,0x20,0x3d,0x20,0x5f,0x36,0x32,0x32,0x3b,0x0a,0x20,0x20,
    0x20,0x20,0x73,0x75,0x6d,0x20,0x2b,0x3d,0x20,0x28,0x28,0x5f,0x36,0x37,0x32,0x20,
    0x2a,0x20,0x5f,0x37,0x32,0x36,0x29,0x20,0x2a,0x20,0x73,0x61,0x6d,0x70,0x6c,0x65,
    0x53,0x68,0x61,0x64,0x6f,0x77,0x54,0x61,0x70,0x28,0x74,0x65,0x78,0x2c,0x20,0x73,
    0x6d,0x70,0x2c,0x20,0x70,0x61,0x72,0x61,0x6d,0x5f,0x34,0x32,0x2c,0x20,0x70,0x61,
    0x72,0x61,0x6d,0x5f,0x34,0x33,0x2c,0x20,0x70,0x61,0x72,0x61,0x6d,0x5f,0x34,0x34,
    0x29,0x29,0x3b,0x0a,0x20,0x20,0x20,0x20,0x66,0x6c,0x6f,0x61,0x74,0x32,0x20,0x70,
    0x61,0x72,0x61,0x6d,0x5f,0x34,0x35,0x20,0x3d,0x20,0x5f,0x36,0x35,0x31,0x20,0x2b,
    0x20,0x28,0x66,0x6c,0x6f,0x61,0x74,0x32,0x28,0x5f,0x37,0x30,0x38,0x2c,0x20,0x5f,
    0x37,0x35,0x34,0x29,0x20,0x2a,0x20,0x5f,0x36,0x35,0x35,0x29,0x3b,0x0a,0x20,0x20,
    0x20,0x20,0x66,0x6c,0x6f,0x61,0x74,0x20,0x70,0x61,0x72,0x61,0x6d,0x5f,0x34,0x36,
    0x20,0x3d,0x20,0x5f,0x36,0x31,0x37,0x3b,0x0a,0x20,0x20,0x20,0x20,0x66,0x6c,0x6f,
    0x61,0x74,0x20,0x70,0x61,0x72,0x61,0x6d,0x5f,0x34,0x37,0x20,0x3d,0x20,0x5f,0x36,
    0x32,0x32,0x3b,0x0a,0x20,0x20,0x20,0x20,0x66,0x6c,0x6f,0x61,0x74,0x20,0x5f,0x31,
    0x30,0x35,0x38,0x20,0x3d,0x20,0x73,0x75,0x6d,0x3b,0x0a,0x20,0x20,0x20,0x20,0x66,
    0x6c,0x6f,0x61,0x74,0x20,0x5f,0x31,0x30,0x35,0x39,0x20,0x3d,0x20,0x5f,0x31,0x30,
    0x35,0x38,0x20,0x2b,0x20,0x28,0x28,0x5f,0x36,0x37,0x37,0x20,0x2a,0x20,0x5f,0x37,
    0x32,0x36,0x29,0x20,0x2a,0x20,0x73,0x61,0x6d,0x70,0x6c,0x65,0x53,0x68,0x61,0x64,
    0x6f,0x77,0x54,0x61,0x70,0x28,0x74,0x65,0x78,0x2c,0x20,0x73,0x6d,0x70,0x2c,0x20,
    0x70,0x61,0x72,0x61,0x6d,0x5f,0x34,0x35,0x2c,0x20,0x70,0x61,0x72,0x61,0x6d,0x5f,
    0x34,0x36,0x2c,0x20,0x70,0x61,0x72,0x61,0x6d,0x5f,0x34,0x37,0x29,0x29,0x3b,0x0a,
    0x20,0x20,0x20,0x20,0x73,0x75,0x6d,0x20,0x3d,0x20,0x5f,0x31,0x30,0x35,0x39,0x3b,
    0x0a,0x20,0x20,0x20,0x20,0x72,0x65,0x74,0x75,0x72,0x6e,0x20,0x5f,0x31,0x30,0x35,
    0x39,0x20,0x2a,0x20,0x30,0x2e,0x30,0x30,0x30,0x33,0x36,0x39,0x38,0x32,0x32,0x34,
    0x39,0x30,0x30,0x32,0x39,0x30,0x33,0x36,0x39,0x39,0x38,0x37,0x34,0x38,0x37,0x37,
    0x39,0x32,0x39,0x36,0x38,0x37,0x35,0x3b,0x0a,0x7d,0x0a,0x0a,0x73,0x74,0x61,0x74,
    0x69,0x63,0x20,0x69,0x6e,0x6c,0x69,0x6e,0x65,0x20,0x5f,0x5f,0x61,0x74,0x74,0x72,
    0x69,0x62,0x75,0x74,0x65,0x5f,0x5f,0x28,0x28,0x61,0x6c,0x77,0x61,0x79,0x73,0x5f,
    0x69,0x6e,0x6c,0x69,0x6e,0x65,0x29,0x29,0x0a,0x66,0x6c,0x6f,0x61,0x74,0x20,0x73,
    0x61,0x6d,0x70,0x6c,0x65,0x43,0x61,0x73,0x63,0x61,0x64,0x65,0x28,0x74,0x68,0x72,
    0x65,0x61,0x64,0x20,0x63,0x6f,0x6e,0x73,0x74,0x20,0x69,0x6e,0x74,0x26,0x20,0x63,
    0x61,0x73,0x63,0x61,0x64,0x65,0x2c,0x20,0x74,0x68,0x72,0x65,0x61,0x64,0x20,0x63,
    0x6f,0x6e,0x73,0x74,0x20,0x66,0x6c,0x6f,0x61,0x74,0x33,0x26,0x20,0x77,0x6f,0x72,
    0x6c,0x64,0x5f,0x70,0x6f,0x73,0x2c,0x20,0x74,0x68,0x72,0x65,0x61,0x64,0x20,0x63,
    0x6f,0x6e,0x73,0x74,0x20,0x66,0x6c,0x6f,0x61,0x74,0x33,0x26,0x20,0x77,0x6f,0x72,
    0x6c,0x64,0x5f,0x6e,0x6f,0x72,0x6d,0x61,0x6c,0x2c,0x20,0x74,0x68,0x72,0x65,0x61,
    0x64,0x20,0x63,0x6f,0x6e,0x73,0x74,0x20,0x66,0x6c,0x6f,0x61,0x74,0x26,0x20,0x6e,
    0x5f,0x64,0x6f,0x74,0x5f,0x6c,0x2c,0x20,0x63,0x6f,0x6e,0x73,0x74,0x61,0x6e,0x74,
    0x20,0x75,0x62,0x5f,0x70,0x61,0x73,0x73,0x26,0x20,0x5f,0x31,0x30,0x37,0x33,0x2c,
    0x20,0x64,0x65,0x70,0x74,0x68,0x32,0x64,0x5f,0x61,0x72,0x72,0x61,0x79,0x3c,0x66,
    0x6c,0x6f,0x61,0x74,0x3e,0x20,0x74,0x65,0x78,0x5f,0x73,0x68,0x61,0x64,0x6f,0x77,
    0x2c,0x20,0x73,0x61,0x6d,0x70,0x6c,0x65,0x72,0x20,0x73,0x6d,0x70,0x5f,0x73,0x68,
    0x61,0x64,0x6f,0x77,0x29,0x0a,0x7b,0x0a,0x20,0x20,0x20,0x20,0x66,0x6c,0x6f,0x61,
    0x74,0x20,0x5f,0x31,0x30,0x38,0x38,0x20,0x3d,0x20,0x66,0x61,0x73,0x74,0x3a,0x3a,
    0x63,0x6c,0x61,0x6d,0x70,0x28,0x5f,0x31,0x30,0x37,0x33,0x2e,0x63,0x61,0x73,0x63,
    0x61,0x64,0x65,0x5f,0x74,0x65,0x78,0x65,0x6c,0x5f,0x77,0x6f,0x72,0x6c,0x64,0x2e,
    0x78,0x20,0x2f,0x20,0x5f,0x31,0x30,0x37,0x33,0x2e,0x63,0x61,0x73,0x63,0x61,0x64,
    0x65,0x5f,0x74,0x65,0x78,0x65,0x6c,0x5f,0x77,0x6f,0x72,0x6c,0x64,0x5b,0x63,0x61,
    0x73,0x63,0x61,0x64,0x65,0x5d,0x2c,0x20,0x30,0x2e,0x32,0x35,0x2c,0x20,0x31,0x2e,
    0x30,0x29,0x3b,0x0a,0x20,0x20,0x20,0x20,0x66,0x6c,0x6f,0x61,0x74,0x20,0x5f,0x31,
    0x30,0x39,0x38,0x20,0x3d,0x20,0x33,0x2e,0x30,0x20,0x2a,0x20,0x5f,0x31,0x30,0x38,
    0x38,0x3b,0x0a,0x20,0x20,0x20,0x20,0x66,0x6c,0x6f,0x61,0x74,0x34,0x20,0x5f,0x31,
    0x31,0x32,0x30,0x20,0x3d,0x20,0x5f,0x31,0x30,0x37,0x33,0x2e,0x63,0x61,0x73,0x63,
    0x61,0x64,0x65,0x5f,0x6d,0x61,0x74,0x72,0x69,0x63,0x65,0x73,0x5b,0x63,0x61,0x73,
    0x63,0x61,0x64,0x65,0x5d,0x20,0x2a,0x20,0x66,0x6c,0x6f,0x61,0x74,0x34,0x28,0x77,
    0x6f,0x72,0x6c,0x64,0x5f,0x70,0x6f,0x73,0x20,0x2b,0x20,0x28,0x77,0x6f,0x72,0x6c,
    0x64,0x5f,0x6e,0x6f,0x72,0x6d,0x61,0x6c,0x20,0x2a,0x20,0x28,0x28,0x28,0x28,0x5f,
    0x31,0x30,0x39,0x38,0x20,0x2b,0x20,0x30,0x2e,0x35,0x29,0x20,0x2a,0x20,0x31,0x2e,
    0x34,0x31,0x34,0x32,0x30,0x39,0x39,0x36,0x31,0x38,0x39,0x31,0x31,0x37,0x34,0x33,
    0x31,0x36,0x34,0x30,0x36,0x32,0x35,0x29,0x20,0x2a,0x20,0x73,0x71,0x72,0x74,0x28,
    0x66,0x61,0x73,0x74,0x3a,0x3a,0x6d,0x61,0x78,0x28,0x31,0x2e,0x30,0x20,0x2d,0x20,
    0x28,0x6e,0x5f,0x64,0x6f,0x74,0x5f,0x6c,0x20,0x2a,0x20,0x6e,0x5f,0x64,0x6f,0x74,
    0x5f,0x6c,0x29,0x2c,0x20,0x30,0x2e,0x30,0x29,0x29,0x29,0x20,0x2a,0x20,0x5f,0x31,
    0x30,0x37,0x33,0x2e,0x63,0x61,0x73,0x63,0x61,0x64,0x65,0x5f,0x74,0x65,0x78,0x65,
    0x6c,0x5f,0x77,0x6f,0x72,0x6c,0x64,0x5b,0x63,0x61,0x73,0x63,0x61,0x64,0x65,0x5d,
    0x29,0x29,0x2c,0x20,0x31,0x2e,0x30,0x29,0x3b,0x0a,0x20,0x20,0x20,0x20,0x66,0x6c,
    0x6f,0x61,0x74,0x33,0x20,0x5f,0x31,0x31,0x32,0x38,0x20,0x3d,0x20,0x5f,0x31,0x31,
    0x32,0x30,0x2e,0x78,0x79,0x7a,0x20,0x2f,0x20,0x66,0x6c,0x6f,0x61,0x74,0x33,0x28,
    0x5f,0x31,0x31,0x32,0x30,0x2e,0x77,0x29,0x3b,0x0a,0x20,0x20,0x20,0x20,0x66,0x6c,
    0x6f,0x61,0x74,0x20,0x5f,0x31,0x31,0x34,0x34,0x20,0x3d,0x20,0x5f,0x31,0x31,0x32,
    0x38,0x2e,0x7a,0x3b,0x0a,0x20,0x20,0x20,0x20,0x66,0x6c,0x6f,0x61,0x74,0x33,0x20,
    0x5f,0x31,0x31,0x34,0x35,0x20,0x3d,0x20,0x66,0x6c,0x6f,0x61,0x74,0x33,0x28,0x28,
    0x5f,0x31,0x31,0x32,0x38,0x2e,0x78,0x20,0x2a,0x20,0x30,0x2e,0x35,0x29,0x20,0x2b,
    0x20,0x30,0x2e,0x35,0x2c,0x20,0x28,0x28,0x5f,0x31,0x31,0x32,0x38,0x2e,0x79,0x20,
    0x2a,0x20,0x5f,0x31,0x30,0x37,0x33,0x2e,0x73,0x68,0x61,0x64,0x6f,0x77,0x5f,0x70,
    0x61,0x72,0x61,0x6d,0x73,0x2e,0x78,0x29,0x20,0x2a,0x20,0x30,0x2e,0x35,0x29,0x20,
    0x2b,0x20,0x30,0x2e,0x35,0x2c,0x20,0x5f,0x31,0x31,0x34,0x34,0x29,0x3b,0x0a,0x20,
    0x20,0x20,0x20,0x62,0x6f,0x6f,0x6c,0x20,0x5f,0x31,0x31,0x34,0x38,0x20,0x3d,0x20,
    0x5f,0x31,0x31,0x34,0x34,0x20,0x3c,0x20,0x30,0x2e,0x30,0x3b,0x0a,0x20,0x20,0x20,
    0x20,0x62,0x6f,0x6f,0x6c,0x20,0x5f,0x31,0x31,0x35,0x35,0x3b,0x0a,0x20,0x20,0x20,
    0x20,0x69,0x66,0x20,0x28,0x21,0x5f,0x31,0x31,0x34,0x38,0x29,0x0a,0x20,0x20,0x20,
    0x20,0x7b,0x0a,0x20,0x20,0x20,0x20,0x20,0x20,0x20,0x20,0x5f,0x31,0x31,0x35,0x35,
    0x20,0x3d,0x20,0x5f,0x31,0x31,0x34,0x34,0x20,0x3e,0x20,0x31,0x2e,0x30,0x3b,0x0a,
    0x20,0x20,0x20,0x20,0x7d,0x0a,0x20,0x20,0x20,0x20,0x65,0x6c,0x73,0x65,0x0a,0x20,
    0x20,0x20,0x20,0x7b,0x0a,0x20,0x20,0x20,0x20,0x20,0x20,0x20,0x20,0x5f,0x31,0x31,
    0x35,0x35,0x20,0x3d,0x20,0x5f,0x31,0x31,0x34,0x38,0x3b,0x0a,0x20,0x20,0x20,0x20,
    0x7d,0x0a,0x20,0x20,0x20,0x20,0x69,0x66,0x20,0x28,0x5f,0x31,0x31,0x35,0x35,0x29,
    0x0a,0x20,0x20,0x20,0x20,0x7b,0x0a,0x20,0x20,0x20,0x20,0x20,0x20,0x20,0x20,0x72,
    0x65,0x74,0x75,0x72,0x6e,0x20,0x31,0x2e,0x30,0x3b,0x0a,0x20,0x20,0x20,0x20,0x7d,
    0x0a,0x20,0x20,0x20,0x20,0x66,0x6c,0x6f,0x61,0x74,0x20,0x5f,0x31,0x31,0x36,0x35,
    0x20,0x3d,0x20,0x28,0x5f,0x31,0x30,0x39,0x38,0x20,0x2b,0x20,0x31,0x2e,0x30,0x29,
    0x20,0x2a,0x20,0x5f,0x31,0x30,0x37,0x33,0x2e,0x73,0x68,0x61,0x64,0x6f,0x77,0x5f,
    0x70,0x61,0x72,0x61,0x6d,0x73,0x2e,0x79,0x3b,0x0a,0x20,0x20,0x20,0x20,0x66,0x6c,
    0x6f,0x61,0x74,0x32,0x20,0x5f,0x31,0x31,0x36,0x37,0x20,0x3d,0x20,0x5f,0x31,0x31,
    0x34,0x35,0x2e,0x78,0x79,0x3b,0x0a,0x20,0x20,0x20,0x20,0x62,0x6f,0x6f,0x6c,0x20,
    0x5f,0x31,0x31,0x37,0x33,0x20,0x3d,0x20,0x61,0x6e,0x79,0x28,0x5f,0x31,0x31,0x36,
    0x37,0x20,0x3c,0x20,0x66,0x6c,0x6f,0x61,0x74,0x32,0x28,0x2d,0x5f,0x31,0x31,0x36,
    0x35,0x29,0x29,0x3b,0x0a,0x20,0x20,0x20,0x20,0x62,0x6f,0x6f,0x6c,0x20,0x5f,0x31,
    0x31,0x38,0x34,0x3b,0x0a,0x20,0x20,0x20,0x20,0x69,0x66,0x20,0x28,0x21,0x5f,0x31,
    0x31,0x37,0x33,0x29,0x0a,0x20,0x20,0x20,0x20,0x7b,0x0a,0x20,0x20,0x20,0x20,0x20,
    0x20,0x20,0x20,0x5f,0x31,0x31,0x38,0x34,0x20,0x3d,0x20,0x61,0x6e,0x79,0x28,0x5f,
    0x31,0x31,0x36,0x37,0x20,0x3e,0x20,0x66,0x6c,0x6f,0x61,0x74,0x32,0x28,0x31,0x2e,
    0x30,0x20,0x2b,0x20,0x5f,0x31,0x31,0x36,0x35,0x29,0x29,0x3b,0x0a,0x20,0x20,0x20,
    0x20,0x7d,0x0a,0x20,0x20,0x20,0x20,0x65,0x6c,0x73,0x65,0x0a,0x20,0x20,0x20,0x20,
    0x7b,0x0a,0x20,0x20,0x20,0x20,0x20,0x20,0x20,0x20,0x5f,0x31,0x31,0x38,0x34,0x20,
    0x3d,0x20,0x5f,0x31,0x31,0x37,0x33,0x3b,0x0a,0x20,0x20,0x20,0x20,0x7d,0x0a,0x20,
    0x20,0x20,0x20,0x69,0x66,0x20,0x28,0x5f,0x31,0x31,0x38,0x34,0x29,0x0a,0x20,0x20,
    0x20,0x20,0x7b,0x0a,0x20,0x20,0x20,0x20,0x20,0x20,0x20,0x20,0x72,0x65,0x74,0x75,
    0x72,0x6e,0x20,0x31,0x2e,0x30,0x3b,0x0a,0x20,0x20,0x20,0x20,0x7d,0x0a,0x20,0x20,
    0x20,0x20,0x69,0x6e,0x74,0x20,0x70,0x61,0x72,0x61,0x6d,0x20,0x3d,0x20,0x63,0x61,
    0x73,0x63,0x61,0x64,0x65,0x3b,0x0a,0x20,0x20,0x20,0x20,0x66,0x6c,0x6f,0x61,0x74,
    0x33,0x20,0x70,0x61,0x72,0x61,0x6d,0x5f,0x31,0x20,0x3d,0x20,0x5f,0x31,0x31,0x34,
    0x35,0x3b,0x0a,0x20,0x20,0x20,0x20,0x66,0x6c,0x6f,0x61,0x74,0x20,0x70,0x61,0x72,
    0x61,0x6d,0x5f,0x32,0x20,0x3d,0x20,0x5f,0x31,0x30,0x37,0x33,0x2e,0x63,0x61,0x73,
    0x63,0x61,0x64,0x65,0x5f,0x64,0x65,0x70,0x74,0x68,0x5f,0x62,0x69,0x61,0x73,0x5b,
    0x63,0x61,0x73,0x63,0x61,0x64,0x65,0x5d,0x3b,0x0a,0x20,0x20,0x20,0x20,0x66,0x6c,
    0x6f,0x61,0x74,0x20,0x70,0x61,0x72,0x61,0x6d,0x5f,0x33,0x20,0x3d,0x20,0x5f,0x31,
    0x30,0x38,0x38,0x3b,0x0a,0x20,0x20,0x20,0x20,0x66,0x6c,0x6f,0x61,0x74,0x20,0x70,
    0x61,0x72,0x61,0x6d,0x5f,0x34,0x20,0x3d,0x20,0x5f,0x31,0x30,0x37,0x33,0x2e,0x73,
    0x68,0x61,0x64,0x6f,0x77,0x5f,0x70,0x61,0x72,0x61,0x6d,0x73,0x2e,0x79,0x3b,0x0a,
    0x20,0x20,0x20,0x20,0x72,0x65,0x74,0x75,0x72,0x6e,0x20,0x73,0x61,0x6d,0x70,0x6c,
    0x65,0x53,0x68,0x61,0x64,0x6f,0x77,0x50,0x43,0x46,0x28,0x74,0x65,0x78,0x5f,0x73,
    0x68,0x61,0x64,0x6f,0x77,0x2c,0x20,0x73,0x6d,0x70,0x5f,0x73,0x68,0x61,0x64,0x6f,
    0x77,0x2c,0x20,0x70,0x61,0x72,0x61,0x6d,0x2c,0x20,0x70,0x61,0x72,0x61,0x6d,0x5f,
    0x31,0x2c,0x20,0x70,0x61,0x72,0x61,0x6d,0x5f,0x32,0x2c,0x20,0x70,0x61,0x72,0x61,
    0x6d,0x5f,0x33,0x2c,0x20,0x70,0x61,0x72,0x61,0x6d,0x5f,0x34,0x29,0x3b,0x0a,0x7d,
    0x0a,0x0a,0x73,0x74,0x61,0x74,0x69,0x63,0x20,0x69,0x6e,0x6c,0x69,0x6e,0x65,0x20,
    0x5f,0x5f,0x61,0x74,0x74,0x72,0x69,0x62,0x75,0x74,0x65,0x5f,0x5f,0x28,0x28,0x61,
    0x6c,0x77,0x61,0x79,0x73,0x5f,0x69,0x6e,0x6c,0x69,0x6e,0x65,0x29,0x29,0x0a,0x66,
    0x6c,0x6f,0x61,0x74,0x20,0x73,0x61,0x6d,0x70,0x6c,0x65,0x53,0x68,0x61,0x64,0x6f,
    0x77,0x43,0x61,0x73,0x63,0x61,0x64,0x65,0x64,0x28,0x74,0x68,0x72,0x65,0x61,0x64,
    0x20,0x63,0x6f,0x6e,0x73,0x74,0x20,0x66,0x6c,0x6f,0x61,0x74,0x33,0x26,0x20,0x77,
    0x6f,0x72,0x6c,0x64,0x5f,0x70,0x6f,0x73,0x2c,0x20,0x74,0x68,0x72,0x65,0x61,0x64,
    0x20,0x63,0x6f,0x6e,0x73,0x74,0x20,0x66,0x6c,0x6f,0x61,0x74,0x33,0x26,0x20,0x77,
    0x6f,0x72,0x6c,0x64,0x5f,0x6e,0x6f,0x72,0x6d,0x61,0x6c,0x2c,0x20,0x74,0x68,0x72,
    0x65,0x61,0x64,0x20,0x63,0x6f,0x6e,0x73,0x74,0x20,0x66,0x6c,0x6f,0x61,0x74,0x26,
    0x20,0x6e,0x5f,0x64,0x6f,0x74,0x5f,0x6c,0x2c,0x20,0x74,0x68,0x72,0x65,0x61,0x64,
    0x20,0x63,0x6f,0x6e,0x73,0x74,0x20,0x66,0x6c,0x6f,0x61,0x74,0x26,0x20,0x76,0x69,
    0x65,0x77,0x5f,0x7a,0x2c,0x20,0x63,0x6f,0x6e,0x73,0x74,0x61,0x6e,0x74,0x20,0x75,
    0x62,0x5f,0x70,0x61,0x73,0x73,0x26,0x20,0x5f,0x31,0x30,0x37,0x33,0x2c,0x20,0x64,
    0x65,0x70,0x74,0x68,0x32,0x64,0x5f,0x61,0x72,0x72,0x61,0x79,0x3c,0x66,0x6c,0x6f,
    0x61,0x74,0x3e,0x20,0x74,0x65,0x78,0x5f,0x73,0x68,0x61,0x64,0x6f,0x77,0x2c,0x20,
    0x73,0x61,0x6d,0x70,0x6c,0x65,0x72,0x20,0x73,0x6d,0x70,0x5f,0x73,0x68,0x61,0x64,
    0x6f,0x77,0x29,0x0a,0x7b,0x0a,0x20,0x20,0x20,0x20,0x66,0x6c,0x6f,0x61,0x74,0x34,
    0x20,0x70,0x61,0x72,0x61,0x6d,0x20,0x3d,0x20,0x5f,0x31,0x30,0x37,0x33,0x2e,0x63,
    0x61,0x73,0x63,0x61,0x64,0x65,0x5f,0x66,0x61,0x72,0x5f,0x76,0x69,0x65,0x77,0x5f,
    0x7a,0x3b,0x0a,0x20,0x20,0x20,0x20,0x66,0x6c,0x6f,0x61,0x74,0x20,0x70,0x61,0x72,
    0x61,0x6d,0x5f,0x31,0x20,0x3d,0x20,0x76,0x69,0x65,0x77,0x5f,0x7a,0x3b,0x0a,0x20,
    0x20,0x20,0x20,0x69,0x6e,0x74,0x20,0x5f,0x31,0x32,0x31,0x31,0x20,0x3d,0x20,0x73,
    0x65,0x6c,0x65,0x63,0x74,0x53,0x68,0x61,0x64,0x6f,0x77,0x43,0x61,0x73,0x63,0x61,
    0x64,0x65,0x28,0x70,0x61,0x72,0x61,0x6d,0x2c,0x20,0x70,0x61,0x72,0x61,0x6d,0x5f,
    0x31,0x29,0x3b,0x0a,0x20,0x20,0x20,0x20,0x69,0x6e,0x74,0x20,0x70,0x61,0x72,0x61,
    0x6d,0x5f,0x32,0x20,0x3d,0x20,0x5f,0x31,0x32,0x31,0x31,0x3b,0x0a,0x20,0x20,0x20,
    0x20,0x66,0x6c,0x6f,0x61,0x74,0x33,0x20,0x70,0x61,0x72,0x61,0x6d,0x5f,0x33,0x20,
    0x3d,0x20,0x77,0x6f,0x72,0x6c,0x64,0x5f,0x70,0x6f,0x73,0x3b,0x0a,0x20,0x20,0x20,
    0x20,0x66,0x6c,0x6f,0x61,0x74,0x33,0x20,0x70,0x61,0x72,0x61,0x6d,0x5f,0x34,0x20,
    0x3d,0x20,0x77,0x6f,0x72,0x6c,0x64,0x5f,0x6e,0x6f,0x72,0x6d,0x61,0x6c,0x3b,0x0a,
    0x20,0x20,0x20,0x20,0x66,0x6c,0x6f,0x61,0x74,0x20,0x70,0x61,0x72,0x61,0x6d,0x5f,
    0x35,0x20,0x3d,0x20,0x6e,0x5f,0x64,0x6f,0x74,0x5f,0x6c,0x3b,0x0a,0x20,0x20,0x20,
    0x20,0x66,0x6c,0x6f,0x61,0x74,0x20,0x73,0x68,0x61,0x64,0x6f,0x77,0x20,0x3d,0x20,
    0x73,0x61,0x6d,0x70,0x6c,0x65,0x43,0x61,0x73,0x63,0x61,0x64,0x65,0x28,0x70,0x61,
    0x72,0x61,0x6d,0x5f,0x32,0x2c,0x20,0x70,0x61,0x72,0x61,0x6d,0x5f,0x33,0x2c,0x20,
    0x70,0x61,0x72,0x61,0x6d,0x5f,0x34,0x2c,0x20,0x70,0x61,0x72,0x61,0x6d,0x5f,0x35,
    0x2c,0x20,0x5f,0x31,0x30,0x37,0x33,0x2c,0x20,0x74,0x65,0x78,0x5f,0x73,0x68,0x61,
    0x64,0x6f,0x77,0x2c,0x20,0x73,0x6d,0x70,0x5f,0x73,0x68,0x61,0x64,0x6f,0x77,0x29,
    0x3b,0x0a,0x20,0x20,0x20,0x20,0x69,0x66,0x20,0x28,0x5f,0x31,0x32,0x31,0x31,0x20,
    0x3c,0x20,0x33,0x29,0x0a,0x20,0x20,0x20,0x20,0x7b,0x0a,0x20,0x20,0x20,0x20,0x20,
    0x20,0x20,0x20,0x66,0x6c,0x6f,0x61,0x74,0x20,0x5f,0x31,0x32,0x33,0x33,0x3b,0x0a,
    0x20,0x20,0x20,0x20,0x20,0x20,0x20,0x20,0x69,0x66,0x20,0x28,0x5f,0x31,0x32,0x31,
    0x31,0x20,0x3d,0x3d,0x20,0x30,0x29,0x0a,0x20,0x20,0x20,0x20,0x20,0x20,0x20,0x20,
    0x7b,0x0a,0x20,0x20,0x20,0x20,0x20,0x20,0x20,0x20,0x20,0x20,0x20,0x20,0x5f,0x31,
    0x32,0x33,0x33,0x20,0x3d,0x20,0x30,0x2e,0x30,0x3b,0x0a,0x20,0x20,0x20,0x20,0x20,
    0x20,0x20,0x20,0x7d,0x0a,0x20,0x20,0x20,0x20,0x20,0x20,0x20,0x20,0x65,0x6c,0x73,
    0x65,0x0a,0x20,0x20,0x20,0x20,0x20,0x20,0x20,0x20,0x7b,0x0a,0x20,0x20,0x20,0x20,
    0x20,0x20,0x20,0x20,0x20,0x20,0x20,0x20,0x5f,0x31,0x32,0x33,0x33,0x20,0x3d,0x20,
    0x5f,0x31,0x30,0x37,0x33,0x2e,0x63,0x61,0x73,0x63,0x61,0x64,0x65,0x5f,0x66,0x61,
    0x72,0x5f,0x76,0x69,0x65,0x77,0x5f,0x7a,0x5b,0x5f,0x31,0x32,0x31,0x31,0x20,0x2d,
    0x20,0x31,0x5d,0x3b,0x0a,0x20,0x20,0x20,0x20,0x20,0x20,0x20,0x20,0x7d,0x0a,0x20,
    0x20,0x20,0x20,0x20,0x20,0x20,0x20,0x66,0x6c,0x6f,0x61,0x74,0x20,0x5f,0x31,0x32,
    0x34,0x36,0x20,0x3d,0x20,0x6d,0x69,0x78,0x28,0x5f,0x31,0x30,0x37,0x33,0x2e,0x63,
    0x61,0x73,0x63,0x61,0x64,0x65,0x5f,0x66,0x61,0x72,0x5f,0x76,0x69,0x65,0x77,0x5f,
    0x7a,0x5b,0x5f,0x31,0x32,0x31,0x31,0x5d,0x2c,0x20,0x5f,0x31,0x32,0x33,0x33,0x2c,
    0x20,0x30,0x2e,0x31,0x30,0x30,0x30,0x30,0x30,0x30,0x30,0x31,0x34,0x39,0x30,0x31,
    0x31,0x36,0x31,0x31,0x39,0x33,0x38,0x34,0x37,0x36,0x35,0x36,0x32,0x35,0x29,0x3b,
    0x0a,0x20,0x20,0x20,0x20,0x20,0x20,0x20,0x20,0x69,0x66,0x20,0x28,0x76,0x69,0x65,
    0x77,0x5f,0x7a,0x20,0x3e,0x20,0x5f,0x31,0x32,0x34,0x36,0x29,0x0a,0x20,0x20,0x20,
    0x20,0x20,0x20,0x20,0x20,0x7b,0x0a,0x20,0x20,0x20,0x20,0x20,0x20,0x20,0x20,0x20,
    0x20,0x20,0x20,0x69,0x6e,0x74,0x20,0x70,0x61,0x72,0x61,0x6d,0x5f,0x36,0x20,0x3d,
    0x20,0x5f,0x31,0x32,0x31,0x31,0x20,0x2b,0x20,0x31,0x3b,0x0a,0x20,0x20,0x20,0x20,
    0x20,0x20,0x20,0x20,0x20,0x20,0x20,0x20,0x66,0x6c,0x6f,0x61,0x74,0x33,0x20,0x70,
    0x61,0x72,0x61,0x6d,0x5f,0x37,0x20,0x3d,0x20,0x77,0x6f,0x72,0x6c,0x64,0x5f,0x70,
    0x6f,0x73,0x3b,0x0a,0x20,0x20,0x20,0x20,0x20,0x20,0x20,0x20,0x20,0x20,0x20,0x20,
    0x66,0x6c,0x6f,0x61,0x74,0x33,0x20,0x70,0x61,0x72,0x61,0x6d,0x5f,0x38,0x20,0x3d,
    0x20,0x77,0x6f,0x72,0x6c,0x64,0x5f,0x6e,0x6f,0x72,0x6d,0x61,0x6c,0x3b,0x0a,0x20,
    0x20,0x20,0x20,0x20,0x20,0x20,0x20,0x20,0x20,0x20,0x20,0x66,0x6c,0x6f,0x61,0x74,
    0x20,0x70,0x61,0x72,0x61,0x6d,0x5f,0x39,0x20,0x3d,0x20,0x6e,0x5f,0x64,0x6f,0x74,
    0x5f,0x6c,0x3b,0x0a,0x20,0x20,0x20,0x20,0x20,0x20,0x20,0x20,0x20,0x20,0x20,0x20,
    0x73,0x68,0x61,0x64,0x6f,0x77,0x20,0x3d,0x20,0x6d,0x69,0x78,0x28,0x73,0x68,0x61,
    0x64,0x6f,0x77,0x2c,0x20,0x73,0x61,0x6d,0x70,0x6c,0x65,0x43,0x61,0x73,0x63,0x61,
    0x64,0x65,0x28,0x70,0x61,0x72,0x61,0x6d,0x5f,0x36,0x2c,0x20,0x70,0x61,0x72,0x61,
    0x6d,0x5f,0x37,0x2c,0x20,0x70,0x61,0x72,0x61,0x6d,0x5f,0x38,0x2c,0x20,0x70,0x61,
    0x72,0x61,0x6d,0x5f,0x39,0x2c,0x20,0x5f,0x31,0x30,0x37,0x33,0x2c,0x20,0x74,0x65,
    0x78,0x5f,0x73,0x68,0x61,0x64,0x6f,0x77,0x2c,0x20,0x73,0x6d,0x70,0x5f,0x73,0x68,
    0x61,0x64,0x6f,0x77,0x29,0x2c,0x20,0x28,0x76,0x69,0x65,0x77,0x5f,0x7a,0x20,0x2d,
    0x20,0x5f,0x31,0x32,0x34,0x36,0x29,0x20,0x2f,0x20,0x28,0x5f,0x31,0x30,0x37,0x33,
    0x2e,0x63,0x61,0x73,0x63,0x61,0x64,0x65,0x5f,0x66,0x61,0x72,0x5f,0x76,0x69,0x65,
    0x77,0x5f,0x7a,0x5b,0x5f,0x31,0x32,0x31,0x31,0x5d,0x20,0x2d,0x20,0x5f,0x31,0x32,
    0x34,0x36,0x29,0x29,0x3b,0x0a,0x20,0x20,0x20,0x20,0x20,0x20,0x20,0x20,0x7d,0x0a,
    0x20,0x20,0x20,0x20,0x7d,0x0a,0x20,0x20,0x20,0x20,0x72,0x65,0x74,0x75,0x72,0x6e,
    0x20,0x73,0x68,0x61,0x64,0x6f,0x77,0x3b,0x0a,0x7d,0x0a,0x0a,0x73,0x74,0x61,0x74,
    0x69,0x63,0x20,0x69,0x6e,0x6c,0x69,0x6e,0x65,0x20,0x5f,0x5f,0x61,0x74,0x74,0x72,
    0x69,0x62,0x75,0x74,0x65,0x5f,0x5f,0x28,0x28,0x61,0x6c,0x77,0x61,0x79,0x73,0x5f,
    0x69,0x6e,0x6c,0x69,0x6e,0x65,0x29,0x29,0x0a,0x66,0x6c,0x6f,0x61,0x74,0x20,0x70,
    0x62,0x72,0x44,0x69,0x73,0x74,0x72,0x69,0x62,0x75,0x74,0x69,0x6f,0x6e,0x47,0x47,
    0x58,0x28,0x74,0x68,0x72,0x65,0x61,0x64,0x20,0x63,0x6f,0x6e,0x73,0x74,0x20,0x66,
    0x6c,0x6f,0x61,0x74,0x26,0x20,0x6e,0x5f,0x64,0x6f,0x74,0x5f,0x68,0x2c,0x20,0x74,
    0x68,0x72,0x65,0x61,0x64,0x20,0x63,0x6f,0x6e,0x73,0x74,0x20,0x66,0x6c,0x6f,0x61,
    0x74,0x26,0x20,0x61,0x6c,0x70,0x68,0x61,0x29,0x0a,0x7b,0x0a,0x20,0x20,0x20,0x20,
    0x66,0x6c,0x6f,0x61,0x74,0x20,0x5f,0x31,0x33,0x35,0x20,0x3d,0x20,0x61,0x6c,0x70,
    0x68,0x61,0x20,0x2a,0x20,0x61,0x6c,0x70,0x68,0x61,0x3b,0x0a,0x20,0x20,0x20,0x20,
    0x66,0x6c,0x6f,0x61,0x74,0x20,0x5f,0x31,0x34,0x34,0x20,0x3d,0x20,0x28,0x28,0x6e,
    0x5f,0x64,0x6f,0x74,0x5f,0x68,0x20,0x2a,0x20,0x6e,0x5f,0x64,0x6f,0x74,0x5f,0x68,
    0x29,0x20,0x2a,0x20,0x28,0x5f,0x31,0x33,0x35,0x20,0x2d,0x20,0x31,0x2e,0x30,0x29,
    0x29,0x20,0x2b,0x20,0x31,0x2e,0x30,0x3b,0x0a,0x20,0x20,0x20,0x20,0x72,0x65,0x74,
    0x75,0x72,0x6e,0x20,0x5f,0x31,0x33,0x35,0x20,0x2f,0x20,0x28,0x28,0x33,0x2e,0x31,
    0x34,0x31,0x35,0x39,0x32,0x37,0x34,0x31,0x30,0x31,0x32,0x35,0x37,0x33,0x32,0x34,
    0x32,0x31,0x38,0x37,0x35,0x20,0x2a,0x20,0x5f,0x31,0x34,0x34,0x29,0x20,0x2a,0x20,
    0x5f,0x31,0x34,0x34,0x29,0x3b,0x0a,0x7d,0x0a,0x0a,0x73,0x74,0x61,0x74,0x69,0x63,
    0x20,0x69,0x6e,0x6c,0x69,0x6e,0x65,0x20,0x5f,0x5f,0x61,0x74,0x74,0x72,0x69,0x62,
    0x75,0x74,0x65,0x5f,0x5f,0x28,0x28,0x61,0x6c,0x77,0x61,0x79,0x73,0x5f,0x69,0x6e,
    0x6c,0x69,0x6e,0x65,0x29,0x29,0x0a,0x66,0x6c,0x6f,0x61,0x74,0x20,0x70,0x62,0x72,
    0x56,0x69,0x73,0x69,0x62,0x69,0x6c,0x69,0x74,0x79,0x53,0x6d,0x69,0x74,0x68,0x43,
    0x6f,0x72,0x72,0x65,0x6c,0x61,0x74,0x65,0x64,0x28,0x74,0x68,0x72,0x65,0x61,0x64,
    0x20,0x63,0x6f,0x6e,0x73,0x74,0x20,0x66,0x6c,0x6f,0x61,0x74,0x26,0x20,0x6e,0x5f,
    0x64,0x6f,0x74,0x5f,0x76,0x2c,0x20,0x74,0x68,0x72,0x65,0x61,0x64,0x20,0x63,0x6f,
    0x6e,0x73,0x74,0x20,0x66,0x6c,0x6f,0x61,0x74,0x26,0x20,0x6e,0x5f,0x64,0x6f,0x74,
    0x5f,0x6c,0x2c,0x20,0x74,0x68,0x72,0x65,0x61,0x64,0x20,0x63,0x6f,0x6e,0x73,0x74,
    0x20,0x66,0x6c,0x6f,0x61,0x74,0x26,0x20,0x61,0x6c,0x70,0x68,0x61,0x29,0x0a,0x7b,
    0x0a,0x20,0x20,0x20,0x20,0x66,0x6c,0x6f,0x61,0x74,0x20,0x5f,0x31,0x35,0x37,0x20,
    0x3d,0x20,0x61,0x6c,0x70,0x68,0x61,0x20,0x2a,0x20,0x61,0x6c,0x70,0x68,0x61,0x3b,
    0x0a,0x20,0x20,0x20,0x20,0x66,0x6c,0x6f,0x61,0x74,0x20,0x5f,0x31,0x36,0x34,0x20,
    0x3d,0x20,0x31,0x2e,0x30,0x20,0x2d,0x20,0x5f,0x31,0x35,0x37,0x3b,0x0a,0x20,0x20,
    0x20,0x20,0x72,0x65,0x74,0x75,0x72,0x6e,0x20,0x30,0x2e,0x35,0x20,0x2f,0x20,0x28,
    0x28,0x28,0x6e,0x5f,0x64,0x6f,0x74,0x5f,0x6c,0x20,0x2a,0x20,0x73,0x71,0x72,0x74,
    0x28,0x28,0x28,0x6e,0x5f,0x64,0x6f,0x74,0x5f,0x76,0x20,0x2a,0x20,0x6e,0x5f,0x64,
    0x6f,0x74,0x5f,0x76,0x29,0x20,0x2a,0x20,0x5f,0x31,0x36,0x34,0x29,0x20,0x2b,0x20,
    0x5f,0x31,0x35,0x37,0x29,0x29,0x20,0x2b,0x20,0x28,0x6e,0x5f,0x64,0x6f,0x74,0x5f,
    0x76,0x20,0x2a,0x20,0x73,0x71,0x72,0x74,0x28,0x28,0x28,0x6e,0x5f,0x64,0x6f,0x74,
    0x5f,0x6c,0x20,0x2a,0x20,0x6e,0x5f,0x64,0x6f,0x74,0x5f,0x6c,0x29,0x20,0x2a,0x20,
    0x5f,0x31,0x36,0x34,0x29,0x20,0x2b,0x20,0x5f,0x31,0x35,0x37,0x29,0x29,0x29,0x20,
    0x2b,0x20,0x39,0x2e,0x39,0x39,0x39,0x39,0x39,0x39,0x37,0x34,0x37,0x33,0x37,0x38,
    0x37,0x35,0x31,0x36,0x33,0x35,0x35,0x35,0x31,0x34,0x35,0x32,0x36,0x33,0x36,0x37,
    0x31,0x38,0x38,0x65,0x2d,0x30,0x36,0x29,0x3b,0x0a,0x7d,0x0a,0x0a,0x73,0x74,0x61,
    0x74,0x69,0x63,0x20,0x69,0x6e,0x6c,0x69,0x6e,0x65,0x20,0x5f,0x5f,0x61,0x74,0x74,
    0x72,0x69,0x62,0x75,0x74,0x65,0x5f,0x5f,0x28,0x28,0x61,0x6c,0x77,0x61,0x79,0x73,
    0x5f,0x69,0x6e,0x6c,0x69,0x6e,0x65,0x29,0x29,0x0a,0x66,0x6c,0x6f,0x61,0x74,0x33,
    0x20,0x70,0x62,0x72,0x46,0x72,0x65,0x73,0x6e,0x65,0x6c,0x53,0x63,0x68,0x6c,0x69,
    0x63,0x6b,0x28,0x74,0x68,0x72,0x65,0x61,0x64,0x20,0x63,0x6f,0x6e,0x73,0x74,0x20,
    0x66,0x6c,0x6f,0x61,0x74,0x26,0x20,0x76,0x5f,0x64,0x6f,0x74,0x5f,0x68,0x2c,0x20,
    0x74,0x68,0x72,0x65,0x61,0x64,0x20,0x63,0x6f,0x6e,0x73,0x74,0x20,0x66,0x6c,0x6f,
    0x61,0x74,0x33,0x26,0x20,0x66,0x30,0x29,0x0a,0x7b,0x0a,0x20,0x20,0x20,0x20,0x66,
    0x6c,0x6f,0x61,0x74,0x20,0x5f,0x31,0x39,0x33,0x20,0x3d,0x20,0x31,0x2e,0x30,0x20,
    0x2d,0x20,0x76,0x5f,0x64,0x6f,0x74,0x5f,0x68,0x3b,0x0a,0x20,0x20,0x20,0x20,0x66,
    0x6c,0x6f,0x61,0x74,0x20,0x5f,0x31,0x39,0x37,0x20,0x3d,0x20,0x5f,0x31,0x39,0x33,
    0x20,0x2a,0x20,0x5f,0x31,0x39,0x33,0x3b,0x0a,0x20,0x20,0x20,0x20,0x72,0x65,0x74,
    0x75,0x72,0x6e,0x20,0x66,0x30,0x20,0x2b,0x20,0x28,0x28,0x66,0x6c,0x6f,0x61,0x74,
    0x33,0x28,0x31,0x2e,0x30,0x29,0x20,0x2d,0x20,0x66,0x30,0x29,0x20,0x2a,0x20,0x28,
    0x28,0x5f,0x31,0x39,0x37,0x20,0x2a,0x20,0x5f,0x31,0x39,0x37,0x29,0x20,0x2a,0x20,
    0x5f,0x31,0x39,0x33,0x29,0x29,0x3b,0x0a,0x7d,0x0a,0x0a,0x73,0x74,0x61,0x74,0x69,
    0x63,0x20,0x69,0x6e,0x6c,0x69,0x6e,0x65,0x20,0x5f,0x5f,0x61,0x74,0x74,0x72,0x69,
    0x62,0x75,0x74,0x65,0x5f,0x5f,0x28,0x28,0x61,0x6c,0x77,0x61,0x79,0x73,0x5f,0x69,
    0x6e,0x6c,0x69,0x6e,0x65,0x29,0x29,0x0a,0x66,0x6c,0x6f,0x61,0x74,0x33,0x20,0x62,
    0x72,0x64,0x66,0x5f,0x65,0x76,0x61,0x6c,0x75,0x61,0x74,0x65,0x28,0x74,0x68,0x72,
    0x65,0x61,0x64,0x20,0x63,0x6f,0x6e,0x73,0x74,0x20,0x66,0x6c,0x6f,0x61,0x74,0x33,
    0x26,0x20,0x4e,0x2c,0x20,0x74,0x68,0x72,0x65,0x61,0x64,0x20,0x63,0x6f,0x6e,0x73,
    0x74,0x20,0x66,0x6c,0x6f,0x61,0x74,0x33,0x26,0x20,0x56,0x2c,0x20,0x74,0x68,0x72,
    0x65,0x61,0x64,0x20,0x63,0x6f,0x6e,0x73,0x74,0x20,0x66,0x6c,0x6f,0x61,0x74,0x33,
    0x26,0x20,0x4c,0x2c,0x20,0x74,0x68,0x72,0x65,0x61,0x64,0x20,0x63,0x6f,0x6e,0x73,
    0x74,0x20,0x66,0x6c,0x6f,0x61,0x74,0x33,0x26,0x20,0x73,0x75,0x6e,0x5f,0x72,0x61,
    0x64,0x69,0x61,0x6e,0x63,0x65,0x2c,0x20,0x74,0x68,0x72,0x65,0x61,0x64,0x20,0x63,
    0x6f,0x6e,0x73,0x74,0x20,0x66,0x6c,0x6f,0x61,0x74,0x33,0x26,0x20,0x62,0x61,0x73,
    0x65,0x5f,0x63,0x6f,0x6c,0x6f,0x72,0x2c,0x20,0x74,0x68,0x72,0x65,0x61,0x64,0x20,
    0x63,0x6f,0x6e,0x73,0x74,0x20,0x66,0x6c,0x6f,0x61,0x74,0x26,0x20,0x6d,0x65,0x74,
    0x61,0x6c,0x6c,0x69,0x63,0x2c,0x20,0x74,0x68,0x72,0x65,0x61,0x64,0x20,0x63,0x6f,
    0x6e,0x73,0x74,0x20,0x66,0x6c,0x6f,0x61,0x74,0x26,0x20,0x72,0x6f,0x75,0x67,0x68,
    0x6e,0x65,0x73,0x73,0x29,0x0a,0x7b,0x0a,0x20,0x20,0x20,0x20,0x66,0x6c,0x6f,0x61,
    0x74,0x20,0x5f,0x32,0x31,0x36,0x20,0x3d,0x20,0x66,0x61,0x73,0x74,0x3a,0x3a,0x6d,
    0x61,0x78,0x28,0x64,0x6f,0x74,0x28,0x4e,0x2c,0x20,0x4c,0x29,0x2c,0x20,0x30,0x2e,
    0x30,0x29,0x3b,0x0a,0x20,0x20,0x20,0x20,0x66,0x6c,0x6f,0x61,0x74,0x33,0x20,0x5f,
    0x32,0x32,0x37,0x20,0x3d,0x20,0x66,0x61,0x73,0x74,0x3a,0x3a,0x6e,0x6f,0x72,0x6d,
    0x61,0x6c,0x69,0x7a,0x65,0x28,0x56,0x20,0x2b,0x20,0x4c,0x29,0x3b,0x0a,0x20,0x20,
    0x20,0x20,0x66,0x6c,0x6f,0x61,0x74,0x20,0x5f,0x32,0x34,0x31,0x20,0x3d,0x20,0x66,
    0x61,0x73,0x74,0x3a,0x3a,0x6d,0x61,0x78,0x28,0x72,0x6f,0x75,0x67,0x68,0x6e,0x65,
    0x73,0x73,0x2c,0x20,0x30,0x2e,0x30,0x34,0x35,0x30,0x30,0x30,0x30,0x30,0x31,0x37,
    0x38,0x38,0x31,0x33,0x39,0x33,0x34,0x33,0x32,0x36,0x31,0x37,0x31,0x38,0x37,0x35,
    0x29,0x3b,0x0a,0x20,0x20,0x20,0x20,0x66,0x6c,0x6f,0x61,0x74,0x20,0x5f,0x32,0x34,
    0x35,0x20,0x3d,0x20,0x5f,0x32,0x34,0x31,0x20,0x2a,0x20,0x5f,0x32,0x34,0x31,0x3b,
    0x0a,0x20,0x20,0x20,0x20,0x66,0x6c,0x6f,0x61,0x74,0x20,0x70,0x61,0x72,0x61,0x6d,
    0x20,0x3d,0x20,0x66,0x61,0x73,0x74,0x3a,0x3a,0x6d,0x61,0x78,0x28,0x64,0x6f,0x74,
    0x28,0x4e,0x2c,0x20,0x5f,0x32,0x32,0x37,0x29,0x2c,0x20,0x30,0x2e,0x30,0x29,0x3b,
    0x0a,0x20,0x20,0x20,0x20,0x66,0x6c,0x6f,0x61,0x74,0x20,0x70,0x61,0x72,0x61,0x6d,
    0x5f,0x31,0x20,0x3d,0x20,0x5f,0x32,0x34,0x35,0x3b,0x0a,0x20,0x20,0x20,0x20,0x66,
    0x6c,0x6f,0x61,0x74,0x20,0x70,0x61,0x72,0x61,0x6d,0x5f,0x32,0x20,0x3d,0x20,0x66,
    0x61,0x73,0x74,0x3a,0x3a,0x6d,0x61,0x78,0x28,0x64,0x6f,0x74,0x28,0x4e,0x2c,0x20,
    0x56,0x29,0x2c,0x20,0x39,0x2e,0x39,0x39,0x39,0x39,0x39,0x39,0x37,0x34,0x37,0x33,
    0x37,0x38,0x37,0x35,0x31,0x36,0x33,0x35,0x35,0x35,0x31,0x34,0x35,0x32,0x36,0x33,
    0x36,0x37,0x31,0x38,0x38,0x65,0x2d,0x30,0x35,0x29,0x3b,0x0a,0x20,0x20,0x20,0x20,
    0x66,0x6c,0x6f,0x61,0x74,0x20,0x70,0x61,0x72,0x61,0x6d,0x5f,0x33,0x20,0x3d,0x20,
    0x5f,0x32,0x31,0x36,0x3b,0x0a,0x20,0x20,0x20,0x20,0x66,0x6c,0x6f,0x61,0x74,0x20,
    0x70,0x61,0x72,0x61,0x6d,0x5f,0x34,0x20,0x3d,0x20,0x5f,0x32,0x34,0x35,0x3b,0x0a,
    0x20,0x20,0x20,0x20,0x66,0x6c,0x6f,0x61,0x74,0x20,0x70,0x61,0x72,0x61,0x6d,0x5f,
    0x35,0x20,0x3d,0x20,0x66,0x61,0x73,0x74,0x3a,0x3a,0x6d,0x61,0x78,0x28,0x64,0x6f,
    0x74,0x28,0x56,0x2c,0x20,0x5f,0x32,0x32,0x37,0x29,0x2c,0x20,0x30,0x2e,0x30,0x29,
    0x3b,0x0a,0x20,0x20,0x20,0x20,0x66,0x6c,0x6f,0x61,0x74,0x33,0x20,0x70,0x61,0x72,
    0x61,0x6d,0x5f,0x36,0x20,0x3d,0x20,0x6d,0x69,0x78,0x28,0x66,0x6c,0x6f,0x61,0x74,
    0x33,0x28,0x30,0x2e,0x30,0x33,0x39,0x39,0x39,0x39,0x39,0x39,0x39,0x31,0x30,0x35,
    0x39,0x33,0x30,0x33,0x32,0x38,0x33,0x36,0x39,0x31,0x34,0x30,0x36,0x32,0x35,0x29,
    0x2c,0x20,0x62,0x61,0x73,0x65,0x5f,0x63,0x6f,0x6c,0x6f,0x72,0x2c,0x20,0x66,0x6c,
    0x6f,0x61,0x74,0x33,0x28,0x6d,0x65,0x74,0x61,0x6c,0x6c,0x69,0x63,0x29,0x29,0x3b,
    0x0a,0x20,0x20,0x20,0x20,0x66,0x6c,0x6f,0x61,0x74,0x33,0x20,0x5f,0x32,0x37,0x32,
    0x20,0x3d,0x20,0x70,0x62,0x72,0x46,0x72,0x65,0x73,0x6e,0x65,0x6c,0x53,0x63,0x68,
    0x6c,0x69,0x63,0x6b,0x28,0x70,0x61,0x72,0x61,0x6d,0x5f,0x35,0x2c,0x20,0x70,0x61,
    0x72,0x61,0x6d,0x5f,0x36,0x29,0x3b,0x0a,0x20,0x20,0x20,0x20,0x72,0x65,0x74,0x75,
    0x72,0x6e,0x20,0x28,0x28,0x28,0x28,0x28,0x28,0x66,0x6c,0x6f,0x61,0x74,0x33,0x28,
    0x31,0x2e,0x30,0x29,0x20,0x2d,0x20,0x5f,0x32,0x37,0x32,0x29,0x20,0x2a,0x20,0x28,
    0x31,0x2e,0x30,0x20,0x2d,0x20,0x6d,0x65,0x74,0x61,0x6c,0x6c,0x69,0x63,0x29,0x29,
    0x20,0x2a,0x20,0x62,0x61,0x73,0x65,0x5f,0x63,0x6f,0x6c,0x6f,0x72,0x29,0x20,0x2a,
    0x20,0x66,0x6c,0x6f,0x61,0x74,0x33,0x28,0x30,0x2e,0x33,0x31,0x38,0x33,0x30,0x39,
    0x38,0x37,0x33,0x33,0x34,0x32,0x35,0x31,0x34,0x30,0x33,0x38,0x30,0x38,0x35,0x39,
    0x33,0x37,0x35,0x29,0x29,0x20,0x2b,0x20,0x28,0x5f,0x32,0x37,0x32,0x20,0x2a,0x20,
    0x28,0x70,0x62,0x72,0x44,0x69,0x73,0x74,0x72,0x69,0x62,0x75,0x74,0x69,0x6f,0x6e,
    0x47,0x47,0x58,0x28,0x70,0x61,0x72,0x61,0x6d,0x2c,0x20,0x70,0x61,0x72,0x61,0x6d,
    0x5f,0x31,0x29,0x20,0x2a,0x20,0x70,0x62,0x72,0x56,0x69,0x73,0x69,0x62,0x69,0x6c,
    0x69,0x74,0x79,0x53,0x6d,0x69,0x74,0x68,0x43,0x6f,0x72,0x72,0x65,0x6c,0x61,0x74,
    0x65,0x64,0x28,0x70,0x61,0x72,0x61,0x6d,0x5f,0x32,0x2c,0x20,0x70,0x61,0x72,0x61,
    0x6d,0x5f,0x33,0x2c,0x20,0x70,0x61,0x72,0x61,0x6d,0x5f,0x34,0x29,0x29,0x29,0x29,
    0x20,0x2a,0x20,0x73,0x75,0x6e,0x5f,0x72,0x61,0x64,0x69,0x61,0x6e,0x63,0x65,0x29,
    0x20,0x2a,0x20,0x5f,0x32,0x31,0x36,0x3b,0x0a,0x7d,0x0a,0x0a,0x73,0x74,0x61,0x74,
    0x69,0x63,0x20,0x69,0x6e,0x6c,0x69,0x6e,0x65,0x20,0x5f,0x5f,0x61,0x74,0x74,0x72,
    0x69,0x62,0x75,0x74,0x65,0x5f,0x5f,0x28,0x28,0x61,0x6c,0x77,0x61,0x79,0x73,0x5f,
    0x69,0x6e,0x6c,0x69,0x6e,0x65,0x29,0x29,0x0a,0x66,0x6c,0x6f,0x61,0x74,0x33,0x20,
    0x70,0x62,0x72,0x45,0x76,0x61,0x6c,0x75,0x61,0x74,0x65,0x53,0x68,0x49,0x72,0x72,
    0x61,0x64,0x69,0x61,0x6e,0x63,0x65,0x28,0x74,0x68,0x72,0x65,0x61,0x64,0x20,0x63,
    0x6f,0x6e,0x73,0x74,0x20,0x66,0x6c,0x6f,0x61,0x74,0x33,0x26,0x20,0x4e,0x2c,0x20,
    0x74,0x68,0x72,0x65,0x61,0x64,0x20,0x63,0x6f,0x6e,0x73,0x74,0x20,0x73,0x70,0x76,
    0x55,0x6e,0x73,0x61,0x66,0x65,0x41,0x72,0x72,0x61,0x79,0x3c,0x66,0x6c,0x6f,0x61,
    0x74,0x34,0x2c,0x20,0x39,0x3e,0x26,0x20,0x73,0x68,0x29,0x0a,0x7b,0x0a,0x20,0x20,
    0x20,0x20,0x66,0x6c,0x6f,0x61,0x74,0x33,0x20,0x5f,0x34,0x32,0x36,0x20,0x3d,0x20,
    0x28,0x28,0x28,0x28,0x28,0x28,0x28,0x28,0x73,0x68,0x5b,0x30,0x5d,0x2e,0x78,0x79,
    0x7a,0x20,0x2a,0x20,0x30,0x2e,0x32,0x38,0x32,0x30,0x39,0x34,0x38,0x30,0x36,0x34,
    0x33,0x32,0x37,0x32,0x33,0x39,0x39,0x39,0x30,0x32,0x33,0x34,0x33,0x37,0x35,0x29,
    0x20,0x2b,0x20,0x28,0x73,0x68,0x5b,0x31,0x5d,0x2e,0x78,0x79,0x7a,0x20,0x2a,0x20,
    0x28,0x28,0x2d,0x30,0x2e,0x34,0x38,0x38,0x36,0x30,0x32,0x35,0x31,0x39,0x30,0x33,
    0x35,0x33,0x33,0x39,0x33,0x35,0x35,0x34,0x36,0x38,0x37,0x35,0x29,0x20,0x2a,0x20,
    0x4e,0x2e,0x79,0x29,0x29,0x29,0x20,0x2b,0x20,0x28,0x73,0x68,0x5b,0x32,0x5d,0x2e,
    0x78,0x79,0x7a,0x20,0x2a,0x20,0x28,0x30,0x2e,0x34,0x38,0x38,0x36,0x30,0x32,0x35,
    0x31,0x39,0x30,0x33,0x35,0x33,0x33,0x39,0x33,0x35,0x35,0x34,0x36,0x38,0x37,0x35,
    0x20,0x2a,0x20,0x4e,0x2e,0x7a,0x29,0x29,0x29,0x20,0x2b,0x20,0x28,0x73,0x68,0x5b,
    0x33,0x5d,0x2e,0x78,0x79,0x7a,0x20,0x2a,0x20,0x28,0x28,0x2d,0x30,0x2e,0x34,0x38,
    0x38,0x36,0x30,0x32,0x35,0x31,0x39,0x30,0x33,0x35,0x33,0x33,0x39,0x33,0x35,0x35,
    0x34,0x36,0x38,0x37,0x35,0x29,0x20,0x2a,0x20,0x4e,0x2e,0x78,0x29,0x29,0x29,0x20,
    0x2b,0x20,0x28,0x73,0x68,0x5b,0x34,0x5d,0x2e,0x78,0x79,0x7a,0x20,0x2a,0x20,0x28,
    0x28,0x31,0x2e,0x30,0x39,0x32,0x35,0x34,0x38,0x34,0x38,0x39,0x35,0x37,0x30,0x36,
    0x31,0x37,0x36,0x37,0x35,0x37,0x38,0x31,0x32,0x35,0x20,0x2a,0x20,0x4e,0x2e,0x78,
    0x29,0x20,0x2a,0x20,0x4e,0x2e,0x79,0x29,0x29,0x29,0x20,0x2b,0x20,0x28,0x73,0x68,
    0x5b,0x35,0x5d,0x2e,0x78,0x79,0x7a,0x20,0x2a,0x20,0x28,0x28,0x28,0x2d,0x31,0x2e,
    0x30,0x39,0x32,0x35,0x34,0x38,0x34,0x38,0x39,0x35,0x37,0x30,0x36,0x31,0x37,0x36,
    0x37,0x35,0x37,0x38,0x31,0x32,0x35,0x29,0x20,0x2a,0x20,0x4e,0x2e,0x79,0x29,0x20,
    0x2a,0x20,0x4e,0x2e,0x7a,0x29,0x29,0x29,0x20,0x2b,0x20,0x28,0x73,0x68,0x5b,0x36,
    0x5d,0x2e,0x78,0x79,0x7a,0x20,0x2a,0x20,0x28,0x30,0x2e,0x33,0x31,0x35,0x33,0x39,
    0x31,0x35,0x37,0x30,0x33,0x32,0x39,0x36,0x36,0x36,0x31,0x33,0x37,0x36,0x39,0x35,
    0x33,0x31,0x32,0x35,0x20,0x2a,0x20,0x28,0x28,0x28,0x33,0x2e,0x30,0x20,0x2a,0x20,
    0x4e,0x2e,0x7a,0x29,0x20,0x2a,0x20,0x4e,0x2e,0x7a,0x29,0x20,0x2d,0x20,0x31,0x2e,
    0x30,0x29,0x29,0x29,0x29,0x20,0x2b,0x20,0x28,0x73,0x68,0x5b,0x37,0x5d,0x2e,0x78,
    0x79,0x7a,0x20,0x2a,0x20,0x28,0x28,0x28,0x2d,0x31,0x2e,0x30,0x39,0x32,0x35,0x34,
    0x38,0x34,0x38,0x39,0x35,0x37,0x30,0x36,0x31,0x37,0x36,0x37,0x35,0x37,0x38,0x31,
    0x32,0x35,0x29,0x20,0x2a,0x20,0x4e,0x2e,0x78,0x29,0x20,0x2a,0x20,0x4e,0x2e,0x7a,
    0x29,0x29,0x29,0x20,0x2b,0x20,0x28,0x73,0x68,0x5b,0x38,0x5d,0x2e,0x78,0x79,0x7a,
    0x20,0x2a,0x20,0x28,0x30,0x2e,0x35,0x34,0x36,0x32,0x37,0x34,0x32,0x34,0x34,0x37,
    0x38,0x35,0x33,0x30,0x38,0x38,0x33,0x37,0x38,0x39,0x30,0x36,0x32,0x35,0x20,0x2a,
    0x20,0x28,0x28,0x4e,0x2e,0x78,0x20,0x2a,0x20,0x4e,0x2e,0x78,0x29,0x20,0x2d,0x20,
    0x28,0x4e,0x2e,0x79,0x20,0x2a,0x20,0x4e,0x2e,0x79,0x29,0x29,0x29,0x29,0x3b,0x0a,
    0x20,0x20,0x20,0x20,0x72,0x65,0x74,0x75,0x72,0x6e,0x20,0x5f,0x34,0x32,0x36,0x3b,
    0x0a,0x7d,0x0a,0x0a,0x73,0x74,0x61,0x74,0x69,0x63,0x20,0x69,0x6e,0x6c,0x69,0x6e,
    0x65,0x20,0x5f,0x5f,0x61,0x74,0x74,0x72,0x69,0x62,0x75,0x74,0x65,0x5f,0x5f,0x28,
    0x28,0x61,0x6c,0x77,0x61,0x79,0x73,0x5f,0x69,0x6e,0x6c,0x69,0x6e,0x65,0x29,0x29,
    0x0a,0x66,0x6c,0x6f,0x61,0x74,0x33,0x20,0x70,0x62,0x72,0x45,0x76,0x61,0x6c,0x75,
    0x61,0x74,0x65,0x49,0x62,0x6c,0x28,0x74,0x68,0x72,0x65,0x61,0x64,0x20,0x63,0x6f,
    0x6e,0x73,0x74,0x20,0x66,0x6c,0x6f,0x61,0x74,0x33,0x26,0x20,0x4e,0x5f,0x77,0x6f,
    0x72,0x6c,0x64,0x2c,0x20,0x74,0x68,0x72,0x65,0x61,0x64,0x20,0x63,0x6f,0x6e,0x73,
    0x74,0x20,0x66,0x6c,0x6f,0x61,0x74,0x33,0x26,0x20,0x56,0x5f,0x77,0x6f,0x72,0x6c,
    0x64,0x2c,0x20,0x74,0x68,0x72,0x65,0x61,0x64,0x20,0x63,0x6f,0x6e,0x73,0x74,0x20,
    0x66,0x6c,0x6f,0x61,0x74,0x33,0x26,0x20,0x62,0x61,0x73,0x65,0x5f,0x63,0x6f,0x6c,
    0x6f,0x72,0x2c,0x20,0x74,0x68,0x72,0x65,0x61,0x64,0x20,0x63,0x6f,0x6e,0x73,0x74,
    0x20,0x66,0x6c,0x6f,0x61,0x74,0x26,0x20,0x6d,0x65,0x74,0x61,0x6c,0x6c,0x69,0x63,
    0x2c,0x20,0x74,0x68,0x72,0x65,0x61,0x64,0x20,0x63,0x6f,0x6e,0x73,0x74,0x20,0x66,
    0x6c,0x6f,0x61,0x74,0x26,0x20,0x72,0x6f,0x75,0x67,0x68,0x6e,0x65,0x73,0x73,0x2c,
    0x20,0x74,0x68,0x72,0x65,0x61,0x64,0x20,0x63,0x6f,0x6e,0x73,0x74,0x20,0x73,0x70,
    0x76,0x55,0x6e,0x73,0x61,0x66,0x65,0x41,0x72,0x72,0x61,0x79,0x3c,0x66,0x6c,0x6f,
    0x61,0x74,0x34,0x2c,0x20,0x39,0x3e,0x26,0x20,0x73,0x68,0x2c,0x20,0x74,0x65,0x78,
    0x74,0x75,0x72,0x65,0x63,0x75,0x62,0x65,0x3c,0x66,0x6c,0x6f,0x61,0x74,0x3e,0x20,
    0x74,0x65,0x78,0x5f,0x73,0x70,0x65,0x63,0x5f,0x63,0x75,0x62,0x65,0x2c,0x20,0x73,
    0x61,0x6d,0x70,0x6c,0x65,0x72,0x20,0x73,0x6d,0x70,0x5f,0x73,0x70,0x65,0x63,0x5f,
    0x63,0x75,0x62,0x65,0x2c,0x20,0x74,0x65,0x78,0x74,0x75,0x72,0x65,0x32,0x64,0x3c,
    0x66,0x6c,0x6f,0x61,0x74,0x3e,0x20,0x74,0x65,0x78,0x5f,0x62,0x72,0x64,0x66,0x5f,
    0x6c,0x75,0x74,0x2c,0x20,0x73,0x61,0x6d,0x70,0x6c,0x65,0x72,0x20,0x73,0x6d,0x70,
    0x5f,0x62,0x72,0x64,0x66,0x5f,0x6c,0x75,0x74,0x2c,0x20,0x74,0x68,0x72,0x65,0x61,
    0x64,0x20,0x63,0x6f,0x6e,0x73,0x74,0x20,0x66,0x6c,0x6f,0x61,0x74,0x26,0x20,0x6d,
    0x61,0x78,0x5f,0x6c,0x6f,0x64,0x29,0x0a,0x7b,0x0a,0x20,0x20,0x20,0x20,0x66,0x6c,
    0x6f,0x61,0x74,0x20,0x5f,0x34,0x33,0x33,0x20,0x3d,0x20,0x66,0x61,0x73,0x74,0x3a,
    0x3a,0x63,0x6c,0x61,0x6d,0x70,0x28,0x64,0x6f,0x74,0x28,0x4e,0x5f,0x77,0x6f,0x72,
    0x6c,0x64,0x2c,0x20,0x56,0x5f,0x77,0x6f,0x72,0x6c,0x64,0x29,0x2c,0x20,0x39,0x2e,
    0x39,0x39,0x39,0x39,0x39,0x39,0x37,0x34,0x37,0x33,0x37,0x38,0x37,0x35,0x31,0x36,
    0x33,0x35,0x35,0x35,0x31,0x34,0x35,0x32,0x36,0x33,0x36,0x37,0x31,0x38,0x38,0x65,
    0x2d,0x30,0x35,0x2c,0x20,0x31,0x2e,0x30,0x29,0x3b,0x0a,0x20,0x20,0x20,0x20,0x66,
    0x6c,0x6f,0x61,0x74,0x33,0x20,0x5f,0x34,0x34,0x33,0x20,0x3d,0x20,0x6d,0x69,0x78,
    0x28,0x66,0x6c,0x6f,0x61,0x74,0x33,0x28,0x30,0x2e,0x30,0x33,0x39,0x39,0x39,0x39,
    0x39,0x39,0x39,0x31,0x30,0x35,0x39,0x33,0x30,0x33,0x32,0x38,0x33,0x36,0x39,0x31,
    0x34,0x30,0x36,0x32,0x35,0x29,0x2c,0x20,0x62,0x61,0x73,0x65,0x5f,0x63,0x6f,0x6c,
    0x6f,0x72,0x2c,0x20,0x66,0x6c,0x6f,0x61,0x74,0x33,0x28,0x6d,0x65,0x74,0x61,0x6c,
    0x6c,0x69,0x63,0x29,0x29,0x3b,0x0a,0x20,0x20,0x20,0x20,0x66,0x6c,0x6f,0x61,0x74,
    0x33,0x20,0x70,0x61,0x72,0x61,0x6d,0x20,0x3d,0x20,0x4e,0x5f,0x77,0x6f,0x72,0x6c,
    0x64,0x3b,0x0a,0x20,0x20,0x20,0x20,0x73,0x70,0x76,0x55,0x6e,0x73,0x61,0x66,0x65,
    0x41,0x72,0x72,0x61,0x79,0x3c,0x66,0x6c,0x6f,0x61,0x74,0x34,0x2c,0x20,0x39,0x3e,
    0x20,0x70,0x61,0x72,0x61,0x6d,0x5f,0x31,0x20,0x3d,0x20,0x73,0x68,0x3b,0x0a,0x20,
    0x20,0x20,0x20,0x66,0x6c,0x6f,0x61,0x74,0x34,0x20,0x5f,0x35,0x30,0x37,0x20,0x3d,
    0x20,0x74,0x65,0x78,0x5f,0x62,0x72,0x64,0x66,0x5f,0x6c,0x75,0x74,0x2e,0x73,0x61,
    0x6d,0x70,0x6c,0x65,0x28,0x73,0x6d,0x70,0x5f,0x62,0x72,0x64,0x66,0x5f,0x6c,0x75,
    0x74,0x2c,0x20,0x66,0x6c,0x6f,0x61,0x74,0x32,0x28,0x5f,0x34,0x33,0x33,0x2c,0x20,
    0x72,0x6f,0x75,0x67,0x68,0x6e,0x65,0x73,0x73,0x29,0x29,0x3b,0x0a,0x20,0x20,0x20,
    0x20,0x72,0x65,0x74,0x75,0x72,0x6e,0x20,0x28,0x28,0x28,0x28,0x28,0x66,0x6c,0x6f,
    0x61,0x74,0x33,0x28,0x31,0x2e,0x30,0x29,0x20,0x2d,0x20,0x28,0x5f,0x34,0x34,0x33,
    0x20,0x2b,0x20,0x28,0x28,0x66,0x61,0x73,0x74,0x3a,0x3a,0x6d,0x61,0x78,0x28,0x66,
    0x6c,0x6f,0x61,0x74,0x33,0x28,0x31,0x2e,0x30,0x20,0x2d,0x20,0x72,0x6f,0x75,0x67,
    0x68,0x6e,0x65,0x73,0x73,0x29,0x2c,0x20,0x5f,0x34,0x34,0x33,0x29,0x20,0x2d,0x20,
    0x5f,0x34,0x34,0x33,0x29,0x20,0x2a,0x20,0x70,0x6f,0x77,0x72,0x28,0x66,0x61,0x73,
    0x74,0x3a,0x3a,0x6d,0x61,0x78,0x28,0x30,0x2e,0x30,0x2c,0x20,0x31,0x2e,0x30,0x20,
    0x2d,0x20,0x5f,0x34,0x33,0x33,0x29,0x2c,0x20,0x35,0x2e,0x30,0x29,0x29,0x29,0x29,
    0x20,0x2a,0x20,0x28,0x31,0x2e,0x30,0x20,0x2d,0x20,0x6d,0x65,0x74,0x61,0x6c,0x6c,
    0x69,0x63,0x29,0x29,0x20,0x2a,0x20,0x62,0x61,0x73,0x65,0x5f,0x63,0x6f,0x6c,0x6f,
    0x72,0x29,0x20,0x2a,0x20,0x66,0x61,0x73,0x74,0x3a,0x3a,0x6d,0x61,0x78,0x28,0x70,
    0x62,0x72,0x45,0x76,0x61,0x6c,0x75,0x61,0x74,0x65,0x53,0x68,0x49,0x72,0x72,0x61,
    0x64,0x69,0x61,0x6e,0x63,0x65,0x28,0x70,0x61,0x72,0x61,0x6d,0x2c,0x20,0x70,0x61,
    0x72,0x61,0x6d,0x5f,0x31,0x29,0x2c,0x20,0x66,0x6c,0x6f,0x61,0x74,0x33,0x28,0x30,
    0x2e,0x30,0x29,0x29,0x29,0x20,0x2a,0x20,0x66,0x6c,0x6f,0x61,0x74,0x33,0x28,0x30,
    0x2e,0x33,0x31,0x38,0x33,0x30,0x39,0x38,0x37,0x33,0x33,0x34,0x32,0x35,0x31,0x34,
    0x30,0x33,0x38,0x30,0x38,0x35,0x39,0x33,0x37,0x35,0x29,0x29,0x20,0x2b,0x20,0x28,
    0x74,0x65,0x78,0x5f,0x73,0x70,0x65,0x63,0x5f,0x63,0x75,0x62,0x65,0x2e,0x73,0x61,
    0x6d,0x70,0x6c,0x65,0x28,0x73,0x6d,0x70,0x5f,0x73,0x70,0x65,0x63,0x5f,0x63,0x75,
    0x62,0x65,0x2c,0x20,0x72,0x65,0x66,0x6c,0x65,0x63,0x74,0x28,0x2d,0x56,0x5f,0x77,
    0x6f,0x72,0x6c,0x64,0x2c,0x20,0x4e,0x5f,0x77,0x6f,0x72,0x6c,0x64,0x29,0x2c,0x20,
    0x6c,0x65,0x76,0x65,0x6c,0x28,0x72,0x6f,0x75,0x67,0x68,0x6e,0x65,0x73,0x73,0x20,
    0x2a,0x20,0x6d,0x61,0x78,0x5f,0x6c,0x6f,0x64,0x29,0x29,0x2e,0x78,0x79,0x7a,0x20,
    0x2a,0x20,0x28,0x28,0x5f,0x34,0x34,0x33,0x20,0x2a,0x20,0x5f,0x35,0x30,0x37,0x2e,
    0x78,0x29,0x20,0x2b,0x20,0x66,0x6c,0x6f,0x61,0x74,0x33,0x28,0x5f,0x35,0x30,0x37,
    0x2e,0x79,0x29,0x29,0x29,0x3b,0x0a,0x7d,0x0a,0x0a,0x73,0x74,0x61,0x74,0x69,0x63,
    0x20,0x69,0x6e,0x6c,0x69,0x6e,0x65,0x20,0x5f,0x5f,0x61,0x74,0x74,0x72,0x69,0x62,
    0x75,0x74,0x65,0x5f,0x5f,0x28,0x28,0x61,0x6c,0x77,0x61,0x79,0x73,0x5f,0x69,0x6e,
    0x6c,0x69,0x6e,0x65,0x29,0x29,0x0a,0x66,0x6c,0x6f,0x61,0x74,0x33,0x20,0x70,0x62,
    0x72,0x45,0x76,0x61,0x6c,0x75,0x61,0x74,0x65,0x41,0x6d,0x62,0x69,0x65,0x6e,0x74,
    0x28,0x74,0x68,0x72,0x65,0x61,0x64,0x20,0x63,0x6f,0x6e,0x73,0x74,0x20,0x62,0x6f,
    0x6f,0x6c,0x26,0x20,0x69,0x62,0x6c,0x45,0x6e,0x61,0x62,0x6c,0x65,0x64,0x2c,0x20,
    0x74,0x68,0x72,0x65,0x61,0x64,0x20,0x63,0x6f,0x6e,0x73,0x74,0x20,0x66,0x6c,0x6f,
    0x61,0x74,0x33,0x26,0x20,0x4e,0x5f,0x77,0x6f,0x72,0x6c,0x64,0x2c,0x20,0x74,0x68,
    0x72,0x65,0x61,0x64,0x20,0x63,0x6f,0x6e,0x73,0x74,0x20,0x66,0x6c,0x6f,0x61,0x74,
    0x33,0x26,0x20,0x56,0x5f,0x77,0x6f,0x72,0x6c,0x64,0x2c,0x20,0x74,0x68,0x72,0x65,
    0x61,0x64,0x20,0x63,0x6f,0x6e,0x73,0x74,0x20,0x66,0x6c,0x6f,0x61,0x74,0x33,0x26,
    0x20,0x62,0x61,0x73,0x65,0x5f,0x63,0x6f,0x6c,0x6f,0x72,0x2c,0x20,0x74,0x68,0x72,
    0x65,0x61,0x64,0x20,0x63,0x6f,0x6e,0x73,0x74,0x20,0x66,0x6c,0x6f,0x61,0x74,0x26,
    0x20,0x6d,0x65,0x74,0x61,0x6c,0x6c,0x69,0x63,0x2c,0x20,0x74,0x68,0x72,0x65,0x61,
    0x64,0x20,0x63,0x6f,0x6e,0x73,0x74,0x20,0x66,0x6c,0x6f,0x61,0x74,0x26,0x20,0x72,
    0x6f,0x75,0x67,0x68,0x6e,0x65,0x73,0x73,0x2c,0x20,0x74,0x68,0x72,0x65,0x61,0x64,
    0x20,0x63,0x6f,0x6e,0x73,0x74,0x20,0x66,0x6c,0x6f,0x61,0x74,0x26,0x20,0x66,0x6c,
    0x61,0x74,0x5f,0x73,0x74,0x72,0x65,0x6e,0x67,0x74,0x68,0x2c,0x20,0x74,0x68,0x72,
    0x65,0x61,0x64,0x20,0x63,0x6f,0x6e,0x73,0x74,0x20,0x73,0x70,0x76,0x55,0x6e,0x73,
    0x61,0x66,0x65,0x41,0x72,0x72,0x61,0x79,0x3c,0x66,0x6c,0x6f,0x61,0x74,0x34,0x2c,
    0x20,0x39,0x3e,0x26,0x20,0x73,0x68,0x2c,0x20,0x74,0x65,0x78,0x74,0x75,0x72,0x65,
    0x63,0x75,0x62,0x65,0x3c,0x66,0x6c,0x6f,0x61,0x74,0x3e,0x20,0x74,0x65,0x78,0x5f,
    0x73,0x70,0x65,0x63,0x5f,0x63,0x75,0x62,0x65,0x2c,0x20,0x73,0x61,0x6d,0x70,0x6c,
    0x65,0x72,0x20,0x73,0x6d,0x70,0x5f,0x73,0x70,0x65,0x63,0x5f,0x63,0x75,0x62,0x65,
    0x2c,0x20,0x74,0x65,0x78,0x74,0x75,0x72,0x65,0x32,0x64,0x3c,0x66,0x6c,0x6f,0x61,
    0x74,0x3e,0x20,0x74,0x65,0x78,0x5f,0x62,0x72,0x64,0x66,0x5f,0x6c,0x75,0x74,0x2c,
    0x20,0x73,0x61,0x6d,0x70,0x6c,0x65,0x72,0x20,0x73,0x6d,0x70,0x5f,0x62,0x72,0x64,
    0x66,0x5f,0x6c,0x75,0x74,0x2c,0x20,0x74,0x68,0x72,0x65,0x61,0x64,0x20,0x63,0x6f,
    0x6e,0x73,0x74,0x20,0x66,0x6c,0x6f,0x61,0x74,0x26,0x20,0x6d,0x61,0x78,0x5f,0x6c,
    0x6f,0x64,0x29,0x0a,0x7b,0x0a,0x20,0x20,0x20,0x20,0x66,0x6c,0x6f,0x61,0x74,0x33,
    0x20,0x72,0x65,0x73,0x75,0x6c,0x74,0x20,0x3d,0x20,0x62,0x61,0x73,0x65,0x5f,0x63,
    0x6f,0x6c,0x6f,0x72,0x20,0x2a,0x20,0x66,0x6c,0x61,0x74,0x5f,0x73,0x74,0x72,0x65,
    0x6e,0x67,0x74,0x68,0x3b,0x0a,0x20,0x20,0x20,0x20,0x69,0x66,0x20,0x28,0x69,0x62,
    0x6c,0x45,0x6e,0x61,0x62,0x6c,0x65,0x64,0x29,0x0a,0x20,0x20,0x20,0x20,0x7b,0x0a,
    0x20,0x20,0x20,0x20,0x20,0x20,0x20,0x20,0x66,0x6c,0x6f,0x61,0x74,0x33,0x20,0x70,
    0x61,0x72,0x61,0x6d,0x20,0x3d,0x20,0x4e,0x5f,0x77,0x6f,0x72,0x6c,0x64,0x3b,0x0a,
    0x20,0x20,0x20,0x20,0x20,0x20,0x20,0x20,0x66,0x6c,0x6f,0x61,0x74,0x33,0x20,0x70,
    0x61,0x72,0x61,0x6d,0x5f,0x31,0x20,0x3d,0x20,0x56,0x5f,0x77,0x6f,0x72,0x6c,0x64,
    0x3b,0x0a,0x20,0x20,0x20,0x20,0x20,0x20,0x20,0x20,0x66,0x6c,0x6f,0x61,0x74,0x33,
    0x20,0x70,0x61,0x72,0x61,0x6d,0x5f,0x32,0x20,0x3d,0x20,0x62,0x61,0x73,0x65,0x5f,
    0x63,0x6f,0x6c,0x6f,0x72,0x3b,0x0a,0x20,0x20,0x20,0x20,0x20,0x20,0x20,0x20,0x66,
    0x6c,0x6f,0x61,0x74,0x20,0x70,0x61,0x72,0x61,0x6d,0x5f,0x33,0x20,0x3d,0x20,0x6d,
    0x65,0x74,0x61,0x6c,0x6c,0x69,0x63,0x3b,0x0a,0x20,0x20,0x20,0x20,0x20,0x20,0x20,
    0x20,0x66,0x6c,0x6f,0x61,0x74,0x20,0x70,0x61,0x72,0x61,0x6d,0x5f,0x34,0x20,0x3d,
    0x20,0x72,0x6f,0x75,0x67,0x68,0x6e,0x65,0x73,0x73,0x3b,0x0a,0x20,0x20,0x20,0x20,
    0x20,0x20,0x20,0x20,0x73,0x70,0x76,0x55,0x6e,0x73,0x61,0x66,0x65,0x41,0x72,0x72,
    0x61,0x79,0x3c,0x66,0x6c,0x6f,0x61,0x74,0x34,0x2c,0x20,0x39,0x3e,0x20,0x70,0x61,
    0x72,0x61,0x6d,0x5f,0x35,0x20,0x3d,0x20,0x73,0x68,0x3b,0x0a,0x20,0x20,0x20,0x20,
    0x20,0x20,0x20,0x20,0x66,0x6c,0x6f,0x61,0x74,0x20,0x70,0x61,0x72,0x61,0x6d,0x5f,
    0x36,0x20,0x3d,0x20,0x6d,0x61,0x78,0x5f,0x6c,0x6f,0x64,0x3b,0x0a,0x20,0x20,0x20,
    0x20,0x20,0x20,0x20,0x20,0x72,0x65,0x73,0x75,0x6c,0x74,0x20,0x3d,0x20,0x70,0x62,
    0x72,0x45,0x76,0x61,0x6c,0x75,0x61,0x74,0x65,0x49,0x62,0x6c,0x28,0x70,0x61,0x72,
    0x61,0x6d,0x2c,0x20,0x70,0x61,0x72,0x61,0x6d,0x5f,0x31,0x2c,0x20,0x70,0x61,0x72,
    0x61,0x6d,0x5f,0x32,0x2c,0x20,0x70,0x61,0x72,0x61,0x6d,0x5f,0x33,0x2c,0x20,0x70,
    0x61,0x72,0x61,0x6d,0x5f,0x34,0x2c,0x20,0x70,0x61,0x72,0x61,0x6d,0x5f,0x35,0x2c,
    0x20,0x74,0x65,0x78,0x5f,0x73,0x70,0x65,0x63,0x5f,0x63,0x75,0x62,0x65,0x2c,0x20,
    0x73,0x6d,0x70,0x5f,0x73,0x70,0x65,0x63,0x5f,0x63,0x75,0x62,0x65,0x2c,0x20,0x74,
    0x65,0x78,0x5f,0x62,0x72,0x64,0x66,0x5f,0x6c,0x75,0x74,0x2c,0x20,0x73,0x6d,0x70,
    0x5f,0x62,0x72,0x64,0x66,0x5f,0x6c,0x75,0x74,0x2c,0x20,0x70,0x61,0x72,0x61,0x6d,
    0x5f,0x36,0x29,0x3b,0x0a,0x20,0x20,0x20,0x20,0x7d,0x0a,0x20,0x20,0x20,0x20,0x72,
    0x65,0x74,0x75,0x72,0x6e,0x20,0x72,0x65,0x73,0x75,0x6c,0x74,0x3b,0x0a,0x7d,0x0a,
    0x0a,0x66,0x72,0x61,0x67,0x6d,0x65,0x6e,0x74,0x20,0x6d,0x61,0x69,0x6e,0x30,0x5f,
    0x6f,0x75,0x74,0x20,0x6d,0x61,0x69,0x6e,0x30,0x28,0x6d,0x61,0x69,0x6e,0x30,0x5f,
    0x69,0x6e,0x20,0x69,0x6e,0x20,0x5b,0x5b,0x73,0x74,0x61,0x67,0x65,0x5f,0x69,0x6e,
    0x5d,0x5d,0x2c,0x20,0x63,0x6f,0x6e,0x73,0x74,0x61,0x6e,0x74,0x20,0x75,0x62,0x5f,
    0x70,0x61,0x73,0x73,0x26,0x20,0x5f,0x31,0x30,0x37,0x33,0x20,0x5b,0x5b,0x62,0x75,
    0x66,0x66,0x65,0x72,0x28,0x31,0x29,0x5d,0x5d,0x2c,0x20,0x64,0x65,0x70,0x74,0x68,
    0x32,0x64,0x5f,0x61,0x72,0x72,0x61,0x79,0x3c,0x66,0x6c,0x6f,0x61,0x74,0x3e,0x20,
    0x74,0x65,0x78,0x5f,0x73,0x68,0x61,0x64,0x6f,0x77,0x20,0x5b,0x5b,0x74,0x65,0x78,
    0x74,0x75,0x72,0x65,0x28,0x30,0x29,0x5d,0x5d,0x2c,0x20,0x74,0x65,0x78,0x74,0x75,
    0x72,0x65,0x63,0x75,0x62,0x65,0x3c,0x66,0x6c,0x6f,0x61,0x74,0x3e,0x20,0x74,0x65,
    0x78,0x5f,0x69,0x62,0x6c,0x5f,0x73,0x70,0x65,0x63,0x20,0x5b,0x5b,0x74,0x65,0x78,
    0x74,0x75,0x72,0x65,0x28,0x31,0x29,0x5d,0x5d,0x2c,0x20,0x74,0x65,0x78,0x74,0x75,
    0x72,0x65,0x32,0x64,0x3c,0x66,0x6c,0x6f,0x61,0x74,0x3e,0x20,0x74,0x65,0x78,0x5f,
    0x62,0x72,0x64,0x66,0x5f,0x6c,0x75,0x74,0x20,0x5b,0x5b,0x74,0x65,0x78,0x74,0x75,
    0x72,0x65,0x28,0x32,0x29,0x5d,0x5d,0x2c,0x20,0x74,0x65,0x78,0x74,0x75,0x72,0x65,
    0x32,0x64,0x3c,0x66,0x6c,0x6f,0x61,0x74,0x3e,0x20,0x74,0x65,0x78,0x5f,0x61,0x6f,
    0x20,0x5b,0x5b,0x74,0x65,0x78,0x74,0x75,0x72,0x65,0x28,0x33,0x29,0x5d,0x5d,0x2c,
    0x20,0x73,0x61,0x6d,0x70,0x6c,0x65,0x72,0x20,0x73,0x6d,0x70,0x5f,0x73,0x68,0x61,
    0x64,0x6f,0x77,0x20,0x5b,0x5b,0x73,0x61,0x6d,0x70,0x6c,0x65,0x72,0x28,0x30,0x29,
    0x5d,0x5d,0x2c,0x20,0x73,0x61,0x6d,0x70,0x6c,0x65,0x72,0x20,0x73,0x6d,0x70,0x5f,
    0x69,0x62,0x6c,0x5f,0x73,0x70,0x65,0x63,0x20,0x5b,0x5b,0x73,0x61,0x6d,0x70,0x6c,
    0x65,0x72,0x28,0x31,0x29,0x5d,0x5d,0x2c,0x20,0x73,0x61,0x6d,0x70,0x6c,0x65,0x72,
    0x20,0x73,0x6d,0x70,0x5f,0x62,0x72,0x64,0x66,0x5f,0x6c,0x75,0x74,0x20,0x5b,0x5b,
    0x73,0x61,0x6d,0x70,0x6c,0x65,0x72,0x28,0x32,0x29,0x5d,0x5d,0x2c,0x20,0x73,0x61,
    0x6d,0x70,0x6c,0x65,0x72,0x20,0x73,0x6d,0x70,0x5f,0x61,0x6f,0x20,0x5b,0x5b,0x73,
    0x61,0x6d,0x70,0x6c,0x65,0x72,0x28,0x33,0x29,0x5d,0x5d,0x2c,0x20,0x66,0x6c,0x6f,
    0x61,0x74,0x34,0x20,0x67,0x6c,0x5f,0x46,0x72,0x61,0x67,0x43,0x6f,0x6f,0x72,0x64,
    0x20,0x5b,0x5b,0x70,0x6f,0x73,0x69,0x74,0x69,0x6f,0x6e,0x5d,0x5d,0x29,0x0a,0x7b,
    0x0a,0x20,0x20,0x20,0x20,0x6d,0x61,0x69,0x6e,0x30,0x5f,0x6f,0x75,0x74,0x20,0x6f,
    0x75,0x74,0x20,0x3d,0x20,0x7b,0x7d,0x3b,0x0a,0x20,0x20,0x20,0x20,0x66,0x6c,0x6f,
    0x61,0x74,0x33,0x20,0x5f,0x31,0x32,0x38,0x30,0x20,0x3d,0x20,0x64,0x66,0x64,0x78,
    0x28,0x69,0x6e,0x2e,0x76,0x5f,0x76,0x69,0x65,0x77,0x5f,0x70,0x6f,0x73,0x29,0x3b,
    0x0a,0x20,0x20,0x20,0x20,0x66,0x6c,0x6f,0x61,0x74,0x33,0x20,0x5f,0x31,0x32,0x38,
    0x33,0x20,0x3d,0x20,0x64,0x66,0x64,0x79,0x28,0x69,0x6e,0x2e,0x76,0x5f,0x76,0x69,
    0x65,0x77,0x5f,0x70,0x6f,0x73,0x29,0x3b,0x0a,0x20,0x20,0x20,0x20,0x66,0x6c,0x6f,
    0x61,0x74,0x33,0x20,0x5f,0x31,0x32,0x39,0x32,0x20,0x3d,0x20,0x66,0x61,0x73,0x74,
    0x3a,0x3a,0x6e,0x6f,0x72,0x6d,0x61,0x6c,0x69,0x7a,0x65,0x28,0x63,0x72,0x6f,0x73,
    0x73,0x28,0x5f,0x31,0x32,0x38,0x33,0x20,0x2a,0x20,0x28,0x2d,0x5f,0x31,0x30,0x37,
    0x33,0x2e,0x73,0x68,0x61,0x64,0x6f,0x77,0x5f,0x70,0x61,0x72,0x61,0x6d,0x73,0x2e,
    0x78,0x29,0x2c,0x20,0x5f,0x31,0x32,0x38,0x30,0x29,0x29,0x3b,0x0a,0x20,0x20,0x20,
    0x20,0x66,0x6c,0x6f,0x61,0x74,0x20,0x5f,0x31,0x32,0x39,0x37,0x20,0x3d,0x20,0x2d,
    0x69,0x6e,0x2e,0x76,0x5f,0x76,0x69,0x65,0x77,0x5f,0x70,0x6f,0x73,0x2e,0x7a,0x3b,
    0x0a,0x20,0x20,0x20,0x20,0x69,0x66,0x20,0x28,0x5f,0x31,0x30,0x37,0x33,0x2e,0x66,
    0x6c,0x61,0x67,0x73,0x2e,0x78,0x20,0x3d,0x3d,0x20,0x31,0x29,0x0a,0x20,0x20,0x20,
    0x20,0x7b,0x0a,0x20,0x20,0x20,0x20,0x20,0x20,0x20,0x20,0x66,0x6c,0x6f,0x61,0x74,
    0x20,0x5f,0x31,0x33,0x30,0x38,0x20,0x3d,0x20,0x66,0x61,0x73,0x74,0x3a,0x3a,0x63,
    0x6c,0x61,0x6d,0x70,0x28,0x69,0x6e,0x2e,0x76,0x5f,0x76,0x69,0x65,0x77,0x5f,0x70,
    0x6f,0x73,0x2e,0x7a,0x20,0x2a,0x20,0x28,0x2d,0x30,0x2e,0x30,0x31,0x39,0x39,0x39,
    0x39,0x39,0x39,0x39,0x35,0x35,0x32,0x39,0x36,0x35,0x31,0x36,0x34,0x31,0x38,0x34,
    0x35,0x37,0x30,0x33,0x31,0x32,0x35,0x29,0x2c,0x20,0x30,0x2e,0x30,0x2c,0x20,0x31,
    0x2e,0x30,0x29,0x3b,0x0a,0x20,0x20,0x20,0x20,0x20,0x20,0x20,0x20,0x6f,0x75,0x74,
    0x2e,0x6f,0x75,0x74,0x5f,0x63,0x6f,0x6c,0x6f,0x72,0x20,0x3d,0x20,0x66,0x6c,0x6f,
    0x61,0x74,0x34,0x28,0x5f,0x31,0x33,0x30,0x38,0x2c,0x20,0x5f,0x31,0x33,0x30,0x38,
    0x2c,0x20,0x5f,0x31,0x33,0x30,0x38,0x2c,0x20,0x31,0x2e,0x30,0x29,0x3b,0x0a,0x20,
    0x20,0x20,0x20,0x20,0x20,0x20,0x20,0x72,0x65,0x74,0x75,0x72,0x6e,0x20,0x6f,0x75,
    0x74,0x3b,0x0a,0x20,0x20,0x20,0x20,0x7d,0x0a,0x20,0x20,0x20,0x20,0x69,0x66,0x20,
    0x28,0x5f,0x31,0x30,0x37,0x33,0x2e,0x66,0x6c,0x61,0x67,0x73,0x2e,0x78,0x20,0x3d,
    0x3d,0x20,0x32,0x29,0x0a,0x20,0x20,0x20,0x20,0x7b,0x0a,0x20,0x20,0x20,0x20,0x20,
    0x20,0x20,0x20,0x66,0x6c,0x6f,0x61,0x74,0x34,0x20,0x70,0x61,0x72,0x61,0x6d,0x20,
    0x3d,0x20,0x5f,0x31,0x30,0x37,0x33,0x2e,0x63,0x61,0x73,0x63,0x61,0x64,0x65,0x5f,
    0x66,0x61,0x72,0x5f,0x76,0x69,0x65,0x77,0x5f,0x7a,0x3b,0x0a,0x20,0x20,0x20,0x20,
    0x20,0x20,0x20,0x20,0x66,0x6c,0x6f,0x61,0x74,0x20,0x70,0x61,0x72,0x61,0x6d,0x5f,
    0x31,0x20,0x3d,0x20,0x5f,0x31,0x32,0x39,0x37,0x3b,0x0a,0x20,0x20,0x20,0x20,0x20,
    0x20,0x20,0x20,0x69,0x6e,0x74,0x20,0x5f,0x31,0x33,0x32,0x35,0x20,0x3d,0x20,0x73,
    0x65,0x6c,0x65,0x63,0x74,0x53,0x68,0x61,0x64,0x6f,0x77,0x43,0x61,0x73,0x63,0x61,
    0x64,0x65,0x28,0x70,0x61,0x72,0x61,0x6d,0x2c,0x20,0x70,0x61,0x72,0x61,0x6d,0x5f,
    0x31,0x29,0x3b,0x0a,0x20,0x20,0x20,0x20,0x20,0x20,0x20,0x20,0x66,0x6c,0x6f,0x61,
    0x74,0x34,0x20,0x5f,0x31,0x33,0x33,0x36,0x20,0x3d,0x20,0x5f,0x31,0x30,0x37,0x33,
    0x2e,0x63,0x61,0x73,0x63,0x61,0x64,0x65,0x5f,0x6d,0x61,0x74,0x72,0x69,0x63,0x65,
    0x73,0x5b,0x5f,0x31,0x33,0x32,0x35,0x5d,0x20,0x2a,0x20,0x66,0x6c,0x6f,0x61,0x74,
    0x34,0x28,0x69,0x6e,0x2e,0x76,0x5f,0x77,0x6f,0x72,0x6c,0x64,0x5f,0x70,0x6f,0x73,
    0x2c,0x20,0x31,0x2e,0x30,0x29,0x3b,0x0a,0x20,0x20,0x20,0x20,0x20,0x20,0x20,0x20,
    0x66,0x6c,0x6f,0x61,0x74,0x33,0x20,0x5f,0x31,0x33,0x34,0x33,0x20,0x3d,0x20,0x5f,
    0x31,0x33,0x33,0x36,0x2e,0x78,0x79,0x7a,0x20,0x2f,0x20,0x66,0x6c,0x6f,0x61,0x74,
    0x33,0x28,0x5f,0x31,0x33,0x33,0x36,0x2e,0x77,0x29,0x3b,0x0a,0x20,0x20,0x20,0x20,
    0x20,0x20,0x20,0x20,0x66,0x6c,0x6f,0x61,0x74,0x33,0x20,0x5f,0x31,0x33,0x36,0x30,
    0x20,0x3d,0x20,0x66,0x6c,0x6f,0x61,0x74,0x33,0x28,0x28,0x5f,0x31,0x33,0x34,0x33,
    0x2e,0x78,0x20,0x2a,0x20,0x30,0x2e,0x35,0x29,0x20,0x2b,0x20,0x30,0x2e,0x35,0x2c,
    0x20,0x28,0x28,0x5f,0x31,0x33,0x34,0x33,0x2e,0x79,0x20,0x2a,0x20,0x5f,0x31,0x30,
    0x37,0x33,0x2e,0x73,0x68,0x61,0x64,0x6f,0x77,0x5f,0x70,0x61,0x72,0x61,0x6d,0x73,
    0x2e,0x78,0x29,0x20,0x2a,0x20,0x30,0x2e,0x35,0x29,0x20,0x2b,0x20,0x30,0x2e,0x35,
    0x2c,0x20,0x5f,0x31,0x33,0x34,0x33,0x2e,0x7a,0x29,0x3b,0x0a,0x20,0x20,0x20,0x20,
    0x20,0x20,0x20,0x20,0x62,0x6f,0x6f,0x6c,0x20,0x5f,0x31,0x33,0x36,0x35,0x20,0x3d,
    0x20,0x61,0x6e,0x79,0x28,0x5f,0x31,0x33,0x36,0x30,0x20,0x3c,0x20,0x66,0x6c,0x6f,
    0x61,0x74,0x33,0x28,0x30,0x2e,0x30,0x29,0x29,0x3b,0x0a,0x20,0x20,0x20,0x20,0x20,
    0x20,0x20,0x20,0x62,0x6f,0x6f,0x6c,0x20,0x5f,0x31,0x33,0x37,0x32,0x3b,0x0a,0x20,
    0x20,0x20,0x20,0x20,0x20,0x20,0x20,0x69,0x66,0x20,0x28,0x21,0x5f,0x31,0x33,0x36,
    0x35,0x29,0x0a,0x20,0x20,0x20,0x20,0x20,0x20,0x20,0x20,0x7b,0x0a,0x20,0x20,0x20,
    0x20,0x20,0x20,0x20,0x20,0x20,0x20,0x20,0x20,0x5f,0x31,0x33,0x37,0x32,0x20,0x3d,
    0x20,0x61,0x6e,0x79,0x28,0x5f,0x31,0x33,0x36,0x30,0x20,0x3e,0x20,0x66,0x6c,0x6f,
    0x61,0x74,0x33,0x28,0x31,0x2e,0x30,0x29,0x29,0x3b,0x0a,0x20,0x20,0x20,0x20,0x20,
    0x20,0x20,0x20,0x7d,0x0a,0x20,0x20,0x20,0x20,0x20,0x20,0x20,0x20,0x65,0x6c,0x73,
    0x65,0x0a,0x20,0x20,0x20,0x20,0x20,0x20,0x20,0x20,0x7b,0x0a,0x20,0x20,0x20,0x20,
    0x20,0x20,0x20,0x20,0x20,0x20,0x20,0x20,0x5f,0x31,0x33,0x37,0x32,0x20,0x3d,0x20,
    0x5f,0x31,0x33,0x36,0x35,0x3b,0x0a,0x20,0x20,0x20,0x20,0x20,0x20,0x20,0x20,0x7d,
    0x0a,0x20,0x20,0x20,0x20,0x20,0x20,0x20,0x20,0x66,0x6c,0x6f,0x61,0x74,0x33,0x20,
    0x74,0x69,0x6e,0x74,0x20,0x3d,0x20,0x66,0x6c,0x6f,0x61,0x74,0x33,0x28,0x31,0x2e,
    0x30,0x29,0x3b,0x0a,0x20,0x20,0x20,0x20,0x20,0x20,0x20,0x20,0x69,0x66,0x20,0x28,
    0x21,0x5f,0x31,0x33,0x37,0x32,0x29,0x0a,0x20,0x20,0x20,0x20,0x20,0x20,0x20,0x20,
    0x7b,0x0a,0x20,0x20,0x20,0x20,0x20,0x20,0x20,0x20,0x20,0x20,0x20,0x20,0x69,0x6e,
    0x74,0x20,0x70,0x61,0x72,0x61,0x6d,0x5f,0x32,0x20,0x3d,0x20,0x5f,0x31,0x33,0x32,
    0x35,0x3b,0x0a,0x20,0x20,0x20,0x20,0x20,0x20,0x20,0x20,0x20,0x20,0x20,0x20,0x74,
    0x69,0x6e,0x74,0x20,0x3d,0x20,0x73,0x68,0x61,0x64,0x6f,0x77,0x43,0x61,0x73,0x63,
    0x61,0x64,0x65,0x54,0x69,0x6e,0x74,0x28,0x70,0x61,0x72,0x61,0x6d,0x5f,0x32,0x29,
    0x3b,0x0a,0x20,0x20,0x20,0x20,0x20,0x20,0x20,0x20,0x7d,0x0a,0x20,0x20,0x20,0x20,
    0x20,0x20,0x20,0x20,0x6f,0x75,0x74,0x2e,0x6f,0x75,0x74,0x5f,0x63,0x6f,0x6c,0x6f,
    0x72,0x20,0x3d,0x20,0x66,0x6c,0x6f,0x61,0x74,0x34,0x28,0x74,0x69,0x6e,0x74,0x2c,
    0x20,0x31,0x2e,0x30,0x29,0x3b,0x0a,0x20,0x20,0x20,0x20,0x20,0x20,0x20,0x20,0x72,
    0x65,0x74,0x75,0x72,0x6e,0x20,0x6f,0x75,0x74,0x3b,0x0a,0x20,0x20,0x20,0x20,0x7d,
    0x0a,0x20,0x20,0x20,0x20,0x69,0x66,0x20,0x28,0x5f,0x31,0x30,0x37,0x33,0x2e,0x66,
    0x6c,0x61,0x67,0x73,0x2e,0x78,0x20,0x3d,0x3d,0x20,0x33,0x29,0x0a,0x20,0x20,0x20,
    0x20,0x7b,0x0a,0x20,0x20,0x20,0x20,0x20,0x20,0x20,0x20,0x6f,0x75,0x74,0x2e,0x6f,
    0x75,0x74,0x5f,0x63,0x6f,0x6c,0x6f,0x72,0x20,0x3d,0x20,0x66,0x6c,0x6f,0x61,0x74,
    0x34,0x28,0x28,0x5f,0x31,0x32,0x39,0x32,0x20,0x2a,0x20,0x30,0x2e,0x35,0x29,0x20,
    0x2b,0x20,0x66,0x6c,0x6f,0x61,0x74,0x33,0x28,0x30,0x2e,0x35,0x29,0x2c,0x20,0x31,
    0x2e,0x30,0x29,0x3b,0x0a,0x20,0x20,0x20,0x20,0x20,0x20,0x20,0x20,0x72,0x65,0x74,
    0x75,0x72,0x6e,0x20,0x6f,0x75,0x74,0x3b,0x0a,0x20,0x20,0x20,0x20,0x7d,0x0a,0x20,
    0x20,0x20,0x20,0x66,0x6c,0x6f,0x61,0x74,0x34,0x20,0x5f,0x31,0x34,0x32,0x31,0x20,
    0x3d,0x20,0x74,0x65,0x78,0x5f,0x61,0x6f,0x2e,0x73,0x61,0x6d,0x70,0x6c,0x65,0x28,
    0x73,0x6d,0x70,0x5f,0x61,0x6f,0x2c,0x20,0x28,0x67,0x6c,0x5f,0x46,0x72,0x61,0x67,
    0x43,0x6f,0x6f,0x72,0x64,0x2e,0x78,0x79,0x20,0x2f,0x20,0x66,0x6c,0x6f,0x61,0x74,
    0x32,0x28,0x69,0x6e,0x74,0x32,0x28,0x74,0x65,0x78,0x5f,0x61,0x6f,0x2e,0x67,0x65,
    0x74,0x5f,0x77,0x69,0x64,0x74,0x68,0x28,0x29,0x2c,0x20,0x74,0x65,0x78,0x5f,0x61,
    0x6f,0x2e,0x67,0x65,0x74,0x5f,0x68,0x65,0x69,0x67,0x68,0x74,0x28,0x29,0x29,0x29,
    0x29,0x2c,0x20,0x6c,0x65,0x76,0x65,0x6c,0x28,0x30,0x2e,0x30,0x29,0x29,0x3b,0x0a,
    0x20,0x20,0x20,0x20,0x66,0x6c,0x6f,0x61,0x74,0x20,0x5f,0x31,0x34,0x32,0x32,0x20,
    0x3d,0x20,0x5f,0x31,0x34,0x32,0x31,0x2e,0x78,0x3b,0x0a,0x20,0x20,0x20,0x20,0x69,
    0x66,0x20,0x28,0x5f,0x31,0x30,0x37,0x33,0x2e,0x66,0x6c,0x61,0x67,0x73,0x2e,0x78,
    0x20,0x3d,0x3d,0x20,0x34,0x29,0x0a,0x20,0x20,0x20,0x20,0x7b,0x0a,0x20,0x20,0x20,
    0x20,0x20,0x20,0x20,0x20,0x6f,0x75,0x74,0x2e,0x6f,0x75,0x74,0x5f,0x63,0x6f,0x6c,
    0x6f,0x72,0x20,0x3d,0x20,0x66,0x6c,0x6f,0x61,0x74,0x34,0x28,0x5f,0x31,0x34,0x32,
    0x32,0x2c,0x20,0x5f,0x31,0x34,0x32,0x32,0x2c,0x20,0x5f,0x31,0x34,0x32,0x32,0x2c,
    0x20,0x31,0x2e,0x30,0x29,0x3b,0x0a,0x20,0x20,0x20,0x20,0x20,0x20,0x20,0x20,0x72,
    0x65,0x74,0x75,0x72,0x6e,0x20,0x6f,0x75,0x74,0x3b,0x0a,0x20,0x20,0x20,0x20,0x7d,
    0x0a,0x20,0x20,0x20,0x20,0x66,0x6c,0x6f,0x61,0x74,0x33,0x20,0x5f,0x31,0x34,0x35,
    0x32,0x20,0x3d,0x20,0x66,0x61,0x73,0x74,0x3a,0x3a,0x6e,0x6f,0x72,0x6d,0x61,0x6c,
    0x69,0x7a,0x65,0x28,0x74,0x72,0x61,0x6e,0x73,0x70,0x6f,0x73,0x65,0x28,0x66,0x6c,
    0x6f,0x61,0x74,0x33,0x78,0x33,0x28,0x5f,0x31,0x30,0x37,0x33,0x2e,0x76,0x69,0x65,
    0x77,0x5b,0x30,0x5d,0x2e,0x78,0x79,0x7a,0x2c,0x20,0x5f,0x31,0x30,0x37,0x33,0x2e,
    0x76,0x69,0x65,0x77,0x5b,0x31,0x5d,0x2e,0x78,0x79,0x7a,0x2c,0x20,0x5f,0x31,0x30,
    0x37,0x33,0x2e,0x76,0x69,0x65,0x77,0x5b,0x32,0x5d,0x2e,0x78,0x79,0x7a,0x29,0x29,
    0x20,0x2a,0x20,0x5f,0x31,0x32,0x39,0x32,0x29,0x3b,0x0a,0x20,0x20,0x20,0x20,0x66,
    0x6c,0x6f,0x61,0x74,0x33,0x20,0x5f,0x31,0x34,0x35,0x37,0x20,0x3d,0x20,0x66,0x61,
    0x73,0x74,0x3a,0x3a,0x6e,0x6f,0x72,0x6d,0x61,0x6c,0x69,0x7a,0x65,0x28,0x5f,0x31,
    0x30,0x37,0x33,0x2e,0x73,0x75,0x6e,0x5f,0x64,0x69,0x72,0x5f,0x76,0x69,0x65,0x77,
    0x2e,0x78,0x79,0x7a,0x29,0x3b,0x0a,0x20,0x20,0x20,0x20,0x66,0x6c,0x6f,0x61,0x74,
    0x33,0x20,0x70,0x61,0x72,0x61,0x6d,0x5f,0x33,0x20,0x3d,0x20,0x69,0x6e,0x2e,0x76,
    0x5f,0x77,0x6f,0x72,0x6c,0x64,0x5f,0x70,0x6f,0x73,0x3b,0x0a,0x20,0x20,0x20,0x20,
    0x66,0x6c,0x6f,0x61,0x74,0x33,0x20,0x70,0x61,0x72,0x61,0x6d,0x5f,0x34,0x20,0x3d,
    0x20,0x5f,0x31,0x34,0x35,0x32,0x3b,0x0a,0x20,0x20,0x20,0x20,0x66,0x6c,0x6f,0x61,
    0x74,0x20,0x70,0x61,0x72,0x61,0x6d,0x5f,0x35,0x20,0x3d,0x20,0x66,0x61,0x73,0x74,
    0x3a,0x3a,0x6d,0x61,0x78,0x28,0x64,0x6f,0x74,0x28,0x5f,0x31,0x32,0x39,0x32,0x2c,
    0x20,0x5f,0x31,0x34,0x35,0x37,0x29,0x2c,0x20,0x30,0x2e,0x30,0x29,0x3b,0x0a,0x20,
    0x20,0x20,0x20,0x66,0x6c,0x6f,0x61,0x74,0x20,0x70,0x61,0x72,0x61,0x6d,0x5f,0x36,
    0x20,0x3d,0x20,0x5f,0x31,0x32,0x39,0x37,0x3b,0x0a,0x20,0x20,0x20,0x20,0x66,0x6c,
    0x6f,0x61,0x74,0x33,0x20,0x70,0x61,0x72,0x61,0x6d,0x5f,0x37,0x20,0x3d,0x20,0x5f,
    0x31,0x32,0x39,0x32,0x3b,0x0a,0x20,0x20,0x20,0x20,0x66,0x6c,0x6f,0x61,0x74,0x33,
    0x20,0x70,0x61,0x72,0x61,0x6d,0x5f,0x38,0x20,0x3d,0x20,0x66,0x61,0x73,0x74,0x3a,
    0x3a,0x6e,0x6f,0x72,0x6d,0x61,0x6c,0x69,0x7a,0x65,0x28,0x2d,0x69,0x6e,0x2e,0x76,
    0x5f,0x76,0x69,0x65,0x77,0x5f,0x70,0x6f,0x73,0x29,0x3b,0x0a,0x20,0x20,0x20,0x20,
    0x66,0x6c,0x6f,0x61,0x74,0x33,0x20,0x70,0x61,0x72,0x61,0x6d,0x5f,0x39,0x20,0x3d,
    0x20,0x5f,0x31,0x34,0x35,0x37,0x3b,0x0a,0x20,0x20,0x20,0x20,0x66,0x6c,0x6f,0x61,
    0x74,0x33,0x20,0x70,0x61,0x72,0x61,0x6d,0x5f,0x31,0x30,0x20,0x3d,0x20,0x5f,0x31,
    0x30,0x37,0x33,0x2e,0x73,0x75,0x6e,0x5f,0x63,0x6f,0x6c,0x6f,0x72,0x2e,0x78,0x79,
    0x7a,0x20,0x2a,0x20,0x73,0x61,0x6d,0x70,0x6c,0x65,0x53,0x68,0x61,0x64,0x6f,0x77,
    0x43,0x61,0x73,0x63,0x61,0x64,0x65,0x64,0x28,0x70,0x61,0x72,0x61,0x6d,0x5f,0x33,
    0x2c,0x20,0x70,0x61,0x72,0x61,0x6d,0x5f,0x34,0x2c,0x20,0x70,0x61,0x72,0x61,0x6d,
    0x5f,0x35,0x2c,0x20,0x70,0x61,0x72,0x61,0x6d,0x5f,0x36,0x2c,0x20,0x5f,0x31,0x30,
    0x37,0x33,0x2c,0x20,0x74,0x65,0x78,0x5f,0x73,0x68,0x61,0x64,0x6f,0x77,0x2c,0x20,
    0x73,0x6d,0x70,0x5f,0x73,0x68,0x61,0x64,0x6f,0x77,0x29,0x3b,0x0a,0x20,0x20,0x20,
    0x20,0x66,0x6c,0x6f,0x61,0x74,0x33,0x20,0x70,0x61,0x72,0x61,0x6d,0x5f,0x31,0x31,
    0x20,0x3d,0x20,0x69,0x6e,0x2e,0x76,0x5f,0x62,0x61,0x73,0x65,0x5f,0x63,0x6f,0x6c,
    0x6f,0x72,0x2e,0x78,0x79,0x7a,0x3b,0x0a,0x20,0x20,0x20,0x20,0x66,0x6c,0x6f,0x61,
    0x74,0x20,0x70,0x61,0x72,0x61,0x6d,0x5f,0x31,0x32,0x20,0x3d,0x20,0x69,0x6e,0x2e,
    0x76,0x5f,0x6d,0x61,0x74,0x65,0x72,0x69,0x61,0x6c,0x2e,0x78,0x3b,0x0a,0x20,0x20,
    0x20,0x20,0x66,0x6c,0x6f,0x61,0x74,0x20,0x70,0x61,0x72,0x61,0x6d,0x5f,0x31,0x33,
    0x20,0x3d,0x20,0x69,0x6e,0x2e,0x76,0x5f,0x6d,0x61,0x74,0x65,0x72,0x69,0x61,0x6c,
    0x2e,0x79,0x3b,0x0a,0x20,0x20,0x20,0x20,0x62,0x6f,0x6f,0x6c,0x20,0x70,0x61,0x72,
    0x61,0x6d,0x5f,0x31,0x34,0x20,0x3d,0x20,0x5f,0x31,0x30,0x37,0x33,0x2e,0x69,0x62,
    0x6c,0x5f,0x70,0x61,0x72,0x61,0x6d,0x73,0x2e,0x79,0x20,0x3e,0x20,0x30,0x2e,0x35,
    0x3b,0x0a,0x20,0x20,0x20,0x20,0x66,0x6c,0x6f,0x61,0x74,0x33,0x20,0x70,0x61,0x72,
    0x61,0x6d,0x5f,0x31,0x35,0x20,0x3d,0x20,0x5f,0x31,0x34,0x35,0x32,0x3b,0x0a,0x20,
    0x20,0x20,0x20,0x66,0x6c,0x6f,0x61,0x74,0x33,0x20,0x70,0x61,0x72,0x61,0x6d,0x5f,
    0x31,0x36,0x20,0x3d,0x20,0x66,0x61,0x73,0x74,0x3a,0x3a,0x6e,0x6f,0x72,0x6d,0x61,
    0x6c,0x69,0x7a,0x65,0x28,0x5f,0x31,0x30,0x37,0x33,0x2e,0x63,0x61,0x6d,0x65,0x72,
    0x61,0x5f,0x70,0x6f,0x73,0x5f,0x77,0x6f,0x72,0x6c,0x64,0x2e,0x78,0x79,0x7a,0x20,
    0x2d,0x20,0x69,0x6e,0x2e,0x76,0x5f,0x77,0x6f,0x72,0x6c,0x64,0x5f,0x70,0x6f,0x73,
    0x29,0x3b,0x0a,0x20,0x20,0x20,0x20,0x66,0x6c,0x6f,0x61,0x74,0x33,0x20,0x70,0x61,
    0x72,0x61,0x6d,0x5f,0x31,0x37,0x20,0x3d,0x20,0x69,0x6e,0x2e,0x76,0x5f,0x62,0x61,
    0x73,0x65,0x5f,0x63,0x6f,0x6c,0x6f,0x72,0x2e,0x78,0x79,0x7a,0x3b,0x0a,0x20,0x20,
    0x20,0x20,0x66,0x6c,0x6f,0x61,0x74,0x20,0x70,0x61,0x72,0x61,0x6d,0x5f,0x31,0x38,
    0x20,0x3d,0x20,0x69,0x6e,0x2e,0x76,0x5f,0x6d,0x61,0x74,0x65,0x72,0x69,0x61,0x6c,
    0x2e,0x78,0x3b,0x0a,0x20,0x20,0x20,0x20,0x66,0x6c,0x6f,0x61,0x74,0x20,0x70,0x61,
    0x72,0x61,0x6d,0x5f,0x31,0x39,0x20,0x3d,0x20,0x69,0x6e,0x2e,0x76,0x5f,0x6d,0x61,
    0x74,0x65,0x72,0x69,0x61,0x6c,0x2e,0x79,0x3b,0x0a,0x20,0x20,0x20,0x20,0x66,0x6c,
    0x6f,0x61,0x74,0x20,0x70,0x61,0x72,0x61,0x6d,0x5f,0x32,0x30,0x20,0x3d,0x20,0x5f,
    0x31,0x30,0x37,0x33,0x2e,0x73,0x75,0x6e,0x5f,0x63,0x6f,0x6c,0x6f,0x72,0x2e,0x77,
    0x3b,0x0a,0x20,0x20,0x20,0x20,0x73,0x70,0x76,0x55,0x6e,0x73,0x61,0x66,0x65,0x41,
    0x72,0x72,0x61,0x79,0x3c,0x66,0x6c,0x6f,0x61,0x74,0x34,0x2c,0x20,0x39,0x3e,0x20,
    0x70,0x61,0x72,0x61,0x6d,0x5f,0x32,0x31,0x3b,0x0a,0x20,0x20,0x20,0x20,0x70,0x61,
    0x72,0x61,0x6d,0x5f,0x32,0x31,0x5b,0x30,0x5d,0x20,0x3d,0x20,0x5f,0x31,0x30,0x37,
    0x33,0x2e,0x73,0x68,0x5b,0x30,0x5d,0x3b,0x0a,0x20,0x20,0x20,0x20,0x70,0x61,0x72,
    0x61,0x6d,0x5f,0x32,0x31,0x5b,0x31,0x5d,0x20,0x3d,0x20,0x5f,0x31,0x30,0x37,0x33,
    0x2e,0x73,0x68,0x5b,0x31,0x5d,0x3b,0x0a,0x20,0x20,0x20,0x20,0x70,0x61,0x72,0x61,
    0x6d,0x5f,0x32,0x31,0x5b,0x32,0x5d,0x20,0x3d,0x20,0x5f,0x31,0x30,0x37,0x33,0x2e,
    0x73,0x68,0x5b,0x32,0x5d,0x3b,0x0a,0x20,0x20,0x20,0x20,0x70,0x61,0x72,0x61,0x6d,
    0x5f,0x32,0x31,0x5b,0x33,0x5d,0x20,0x3d,0x20,0x5f,0x31,0x30,0x37,0x33,0x2e,0x73,
    0x68,0x5b,0x33,0x5d,0x3b,0x0a,0x20,0x20,0x20,0x20,0x70,0x61,0x72,0x61,0x6d,0x5f,
    0x32,0x31,0x5b,0x34,0x5d,0x20,0x3d,0x20,0x5f,0x31,0x30,0x37,0x33,0x2e,0x73,0x68,
    0x5b,0x34,0x5d,0x3b,0x0a,0x20,0x20,0x20,0x20,0x70,0x61,0x72,0x61,0x6d,0x5f,0x32,
    0x31,0x5b,0x35,0x5d,0x20,0x3d,0x20,0x5f,0x31,0x30,0x37,0x33,0x2e,0x73,0x68,0x5b,
    0x35,0x5d,0x3b,0x0a,0x20,0x20,0x20,0x20,0x70,0x61,0x72,0x61,0x6d,0x5f,0x32,0x31,
    0x5b,0x36,0x5d,0x20,0x3d,0x20,0x5f,0x31,0x30,0x37,0x33,0x2e,0x73,0x68,0x5b,0x36,
    0x5d,0x3b,0x0a,0x20,0x20,0x20,0x20,0x70,0x61,0x72,0x61,0x6d,0x5f,0x32,0x31,0x5b,
    0x37,0x5d,0x20,0x3d,0x20,0x5f,0x31,0x30,0x37,0x33,0x2e,0x73,0x68,0x5b,0x37,0x5d,
    0x3b,0x0a,0x20,0x20,0x20,0x20,0x70,0x61,0x72,0x61,0x6d,0x5f,0x32,0x31,0x5b,0x38,
    0x5d,0x20,0x3d,0x20,0x5f,0x31,0x30,0x37,0x33,0x2e,0x73,0x68,0x5b,0x38,0x5d,0x3b,
    0x0a,0x20,0x20,0x20,0x20,0x66,0x6c,0x6f,0x61,0x74,0x20,0x70,0x61,0x72,0x61,0x6d,
    0x5f,0x32,0x32,0x20,0x3d,0x20,0x5f,0x31,0x30,0x37,0x33,0x2e,0x69,0x62,0x6c,0x5f,
    0x70,0x61,0x72,0x61,0x6d,0x73,0x2e,0x78,0x3b,0x0a,0x20,0x20,0x20,0x20,0x6f,0x75,
    0x74,0x2e,0x6f,0x75,0x74,0x5f,0x63,0x6f,0x6c,0x6f,0x72,0x20,0x3d,0x20,0x66,0x6c,
    0x6f,0x61,0x74,0x34,0x28,0x28,0x62,0x72,0x64,0x66,0x5f,0x65,0x76,0x61,0x6c,0x75,
    0x61,0x74,0x65,0x28,0x70,0x61,0x72,0x61,0x6d,0x5f,0x37,0x2c,0x20,0x70,0x61,0x72,
    0x61,0x6d,0x5f,0x38,0x2c,0x20,0x70,0x61,0x72,0x61,0x6d,0x5f,0x39,0x2c,0x20,0x70,
    0x61,0x72,0x61,0x6d,0x5f,0x31,0x30,0x2c,0x20,0x70,0x61,0x72,0x61,0x6d,0x5f,0x31,
    0x31,0x2c,0x20,0x70,0x61,0x72,0x61,0x6d,0x5f,0x31,0x32,0x2c,0x20,0x70,0x61,0x72,
    0x61,0x6d,0x5f,0x31,0x33,0x29,0x20,0x2b,0x20,0x28,0x70,0x62,0x72,0x45,0x76,0x61,
    0x6c,0x75,0x61,0x74,0x65,0x41,0x6d,0x62,0x69,0x65,0x6e,0x74,0x28,0x70,0x61,0x72,
    0x61,0x6d,0x5f,0x31,0x34,0x2c,0x20,0x70,0x61,0x72,0x61,0x6d,0x5f,0x31,0x35,0x2c,
    0x20,0x70,0x61,0x72,0x61,0x6d,0x5f,0x31,0x36,0x2c,0x20,0x70,0x61,0x72,0x61,0x6d,
    0x5f,0x31,0x37,0x2c,0x20,0x70,0x61,0x72,0x61,0x6d,0x5f,0x31,0x38,0x2c,0x20,0x70,
    0x61,0x72,0x61,0x6d,0x5f,0x31,0x39,0x2c,0x20,0x70,0x61,0x72,0x61,0x6d,0x5f,0x32,
    0x30,0x2c,0x20,0x70,0x61,0x72,0x61,0x6d,0x5f,0x32,0x31,0x2c,0x20,0x74,0x65,0x78,
    0x5f,0x69,0x62,0x6c,0x5f,0x73,0x70,0x65,0x63,0x2c,0x20,0x73,0x6d,0x70,0x5f,0x69,
    0x62,0x6c,0x5f,0x73,0x70,0x65,0x63,0x2c,0x20,0x74,0x65,0x78,0x5f,0x62,0x72,0x64,
    0x66,0x5f,0x6c,0x75,0x74,0x2c,0x20,0x73,0x6d,0x70,0x5f,0x62,0x72,0x64,0x66,0x5f,
    0x6c,0x75,0x74,0x2c,0x20,0x70,0x61,0x72,0x61,0x6d,0x5f,0x32,0x32,0x29,0x20,0x2a,
    0x20,0x5f,0x31,0x34,0x32,0x32,0x29,0x29,0x20,0x2a,0x20,0x69,0x6e,0x2e,0x76,0x5f,
    0x62,0x61,0x73,0x65,0x5f,0x63,0x6f,0x6c,0x6f,0x72,0x2e,0x77,0x2c,0x20,0x69,0x6e,
    0x2e,0x76,0x5f,0x62,0x61,0x73,0x65,0x5f,0x63,0x6f,0x6c,0x6f,0x72,0x2e,0x77,0x29,
    0x3b,0x0a,0x20,0x20,0x20,0x20,0x72,0x65,0x74,0x75,0x72,0x6e,0x20,0x6f,0x75,0x74,
    0x3b,0x0a,0x7d,0x0a,0x0a,0x00,
};
static inline const sg_shader_desc* cube_shader_desc(sg_backend backend) {
    if (backend == SG_BACKEND_GLCORE) {
        static sg_shader_desc desc;
        static bool valid;
        if (!valid) {
            valid = true;
            desc.vertex_func.source = (const char*)vs_source_glsl430;
            desc.vertex_func.entry = "main";
            desc.fragment_func.source = (const char*)fs_source_glsl430;
            desc.fragment_func.entry = "main";
            desc.attrs[0].base_type = SG_SHADERATTRBASETYPE_FLOAT;
            desc.attrs[0].glsl_name = "in_pos";
            desc.uniform_blocks[0].stage = SG_SHADERSTAGE_VERTEX;
            desc.uniform_blocks[0].layout = SG_UNIFORMLAYOUT_STD140;
            desc.uniform_blocks[0].size = 288;
            desc.uniform_blocks[0].glsl_uniforms[0].type = SG_UNIFORMTYPE_FLOAT4;
            desc.uniform_blocks[0].glsl_uniforms[0].array_count = 18;
            desc.uniform_blocks[0].glsl_uniforms[0].glsl_name = "ub_frame";
            desc.uniform_blocks[1].stage = SG_SHADERSTAGE_FRAGMENT;
            desc.uniform_blocks[1].layout = SG_UNIFORMLAYOUT_STD140;
            desc.uniform_blocks[1].size = 608;
            desc.uniform_blocks[1].glsl_uniforms[0].type = SG_UNIFORMTYPE_FLOAT4;
            desc.uniform_blocks[1].glsl_uniforms[0].array_count = 0;
            desc.uniform_blocks[1].glsl_uniforms[0].glsl_name = "_1073.sun_dir_view";
            desc.uniform_blocks[1].glsl_uniforms[1].type = SG_UNIFORMTYPE_FLOAT4;
            desc.uniform_blocks[1].glsl_uniforms[1].array_count = 0;
            desc.uniform_blocks[1].glsl_uniforms[1].glsl_name = "_1073.sun_color";
            desc.uniform_blocks[1].glsl_uniforms[2].type = SG_UNIFORMTYPE_INT4;
            desc.uniform_blocks[1].glsl_uniforms[2].array_count = 0;
            desc.uniform_blocks[1].glsl_uniforms[2].glsl_name = "_1073.flags";
            desc.uniform_blocks[1].glsl_uniforms[3].type = SG_UNIFORMTYPE_FLOAT4;
            desc.uniform_blocks[1].glsl_uniforms[3].array_count = 0;
            desc.uniform_blocks[1].glsl_uniforms[3].glsl_name = "_1073.cascade_far_view_z";
            desc.uniform_blocks[1].glsl_uniforms[4].type = SG_UNIFORMTYPE_FLOAT4;
            desc.uniform_blocks[1].glsl_uniforms[4].array_count = 0;
            desc.uniform_blocks[1].glsl_uniforms[4].glsl_name = "_1073.cascade_texel_world";
            desc.uniform_blocks[1].glsl_uniforms[5].type = SG_UNIFORMTYPE_FLOAT4;
            desc.uniform_blocks[1].glsl_uniforms[5].array_count = 0;
            desc.uniform_blocks[1].glsl_uniforms[5].glsl_name = "_1073.cascade_depth_bias";
            desc.uniform_blocks[1].glsl_uniforms[6].type = SG_UNIFORMTYPE_FLOAT4;
            desc.uniform_blocks[1].glsl_uniforms[6].array_count = 0;
            desc.uniform_blocks[1].glsl_uniforms[6].glsl_name = "_1073.shadow_params";
            desc.uniform_blocks[1].glsl_uniforms[7].type = SG_UNIFORMTYPE_MAT4;
            desc.uniform_blocks[1].glsl_uniforms[7].array_count = 4;
            desc.uniform_blocks[1].glsl_uniforms[7].glsl_name = "_1073.cascade_matrices";
            desc.uniform_blocks[1].glsl_uniforms[8].type = SG_UNIFORMTYPE_MAT4;
            desc.uniform_blocks[1].glsl_uniforms[8].array_count = 0;
            desc.uniform_blocks[1].glsl_uniforms[8].glsl_name = "_1073.view";
            desc.uniform_blocks[1].glsl_uniforms[9].type = SG_UNIFORMTYPE_FLOAT4;
            desc.uniform_blocks[1].glsl_uniforms[9].array_count = 0;
            desc.uniform_blocks[1].glsl_uniforms[9].glsl_name = "_1073.camera_pos_world";
            desc.uniform_blocks[1].glsl_uniforms[10].type = SG_UNIFORMTYPE_FLOAT4;
            desc.uniform_blocks[1].glsl_uniforms[10].array_count = 9;
            desc.uniform_blocks[1].glsl_uniforms[10].glsl_name = "_1073.sh";
            desc.uniform_blocks[1].glsl_uniforms[11].type = SG_UNIFORMTYPE_FLOAT4;
            desc.uniform_blocks[1].glsl_uniforms[11].array_count = 0;
            desc.uniform_blocks[1].glsl_uniforms[11].glsl_name = "_1073.ibl_params";
            desc.uniform_blocks[2].stage = SG_SHADERSTAGE_VERTEX;
            desc.uniform_blocks[2].layout = SG_UNIFORMLAYOUT_STD140;
            desc.uniform_blocks[2].size = 16;
            desc.uniform_blocks[2].glsl_uniforms[0].type = SG_UNIFORMTYPE_INT4;
            desc.uniform_blocks[2].glsl_uniforms[0].array_count = 1;
            desc.uniform_blocks[2].glsl_uniforms[0].glsl_name = "ub_draw";
            desc.views[0].storage_buffer.stage = SG_SHADERSTAGE_VERTEX;
            desc.views[0].storage_buffer.readonly = true;
            desc.views[0].storage_buffer.glsl_binding_n = 0;
            desc.views[1].texture.stage = SG_SHADERSTAGE_FRAGMENT;
            desc.views[1].texture.image_type = SG_IMAGETYPE_ARRAY;
            desc.views[1].texture.sample_type = SG_IMAGESAMPLETYPE_DEPTH;
            desc.views[1].texture.multisampled = false;
            desc.views[2].texture.stage = SG_SHADERSTAGE_FRAGMENT;
            desc.views[2].texture.image_type = SG_IMAGETYPE_CUBE;
            desc.views[2].texture.sample_type = SG_IMAGESAMPLETYPE_FLOAT;
            desc.views[2].texture.multisampled = false;
            desc.views[3].texture.stage = SG_SHADERSTAGE_FRAGMENT;
            desc.views[3].texture.image_type = SG_IMAGETYPE_2D;
            desc.views[3].texture.sample_type = SG_IMAGESAMPLETYPE_FLOAT;
            desc.views[3].texture.multisampled = false;
            desc.views[4].texture.stage = SG_SHADERSTAGE_FRAGMENT;
            desc.views[4].texture.image_type = SG_IMAGETYPE_2D;
            desc.views[4].texture.sample_type = SG_IMAGESAMPLETYPE_FLOAT;
            desc.views[4].texture.multisampled = false;
            desc.samplers[0].stage = SG_SHADERSTAGE_FRAGMENT;
            desc.samplers[0].sampler_type = SG_SAMPLERTYPE_COMPARISON;
            desc.samplers[1].stage = SG_SHADERSTAGE_FRAGMENT;
            desc.samplers[1].sampler_type = SG_SAMPLERTYPE_FILTERING;
            desc.samplers[2].stage = SG_SHADERSTAGE_FRAGMENT;
            desc.samplers[2].sampler_type = SG_SAMPLERTYPE_FILTERING;
            desc.samplers[3].stage = SG_SHADERSTAGE_FRAGMENT;
            desc.samplers[3].sampler_type = SG_SAMPLERTYPE_FILTERING;
            desc.texture_sampler_pairs[0].stage = SG_SHADERSTAGE_FRAGMENT;
            desc.texture_sampler_pairs[0].view_slot = 4;
            desc.texture_sampler_pairs[0].sampler_slot = 3;
            desc.texture_sampler_pairs[0].glsl_name = "tex_ao_smp_ao";
            desc.texture_sampler_pairs[1].stage = SG_SHADERSTAGE_FRAGMENT;
            desc.texture_sampler_pairs[1].view_slot = 1;
            desc.texture_sampler_pairs[1].sampler_slot = 0;
            desc.texture_sampler_pairs[1].glsl_name = "tex_shadow_smp_shadow";
            desc.texture_sampler_pairs[2].stage = SG_SHADERSTAGE_FRAGMENT;
            desc.texture_sampler_pairs[2].view_slot = 2;
            desc.texture_sampler_pairs[2].sampler_slot = 1;
            desc.texture_sampler_pairs[2].glsl_name = "tex_ibl_spec_smp_ibl_spec";
            desc.texture_sampler_pairs[3].stage = SG_SHADERSTAGE_FRAGMENT;
            desc.texture_sampler_pairs[3].view_slot = 3;
            desc.texture_sampler_pairs[3].sampler_slot = 2;
            desc.texture_sampler_pairs[3].glsl_name = "tex_brdf_lut_smp_brdf_lut";
            desc.label = "cube_shader";
        }
        return &desc;
    }
    if (backend == SG_BACKEND_D3D11) {
        static sg_shader_desc desc;
        static bool valid;
        if (!valid) {
            valid = true;
            desc.vertex_func.source = (const char*)vs_source_hlsl5;
            desc.vertex_func.d3d11_target = "vs_5_0";
            desc.vertex_func.entry = "main";
            desc.fragment_func.source = (const char*)fs_source_hlsl5;
            desc.fragment_func.d3d11_target = "ps_5_0";
            desc.fragment_func.entry = "main";
            desc.attrs[0].base_type = SG_SHADERATTRBASETYPE_FLOAT;
            desc.attrs[0].hlsl_sem_name = "TEXCOORD";
            desc.attrs[0].hlsl_sem_index = 0;
            desc.uniform_blocks[0].stage = SG_SHADERSTAGE_VERTEX;
            desc.uniform_blocks[0].layout = SG_UNIFORMLAYOUT_STD140;
            desc.uniform_blocks[0].size = 288;
            desc.uniform_blocks[0].hlsl_register_b_n = 0;
            desc.uniform_blocks[1].stage = SG_SHADERSTAGE_FRAGMENT;
            desc.uniform_blocks[1].layout = SG_UNIFORMLAYOUT_STD140;
            desc.uniform_blocks[1].size = 608;
            desc.uniform_blocks[1].hlsl_register_b_n = 1;
            desc.uniform_blocks[2].stage = SG_SHADERSTAGE_VERTEX;
            desc.uniform_blocks[2].layout = SG_UNIFORMLAYOUT_STD140;
            desc.uniform_blocks[2].size = 16;
            desc.uniform_blocks[2].hlsl_register_b_n = 2;
            desc.views[0].storage_buffer.stage = SG_SHADERSTAGE_VERTEX;
            desc.views[0].storage_buffer.readonly = true;
            desc.views[0].storage_buffer.hlsl_register_t_n = 0;
            desc.views[1].texture.stage = SG_SHADERSTAGE_FRAGMENT;
            desc.views[1].texture.image_type = SG_IMAGETYPE_ARRAY;
            desc.views[1].texture.sample_type = SG_IMAGESAMPLETYPE_DEPTH;
            desc.views[1].texture.multisampled = false;
            desc.views[1].texture.hlsl_register_t_n = 0;
            desc.views[2].texture.stage = SG_SHADERSTAGE_FRAGMENT;
            desc.views[2].texture.image_type = SG_IMAGETYPE_CUBE;
            desc.views[2].texture.sample_type = SG_IMAGESAMPLETYPE_FLOAT;
            desc.views[2].texture.multisampled = false;
            desc.views[2].texture.hlsl_register_t_n = 1;
            desc.views[3].texture.stage = SG_SHADERSTAGE_FRAGMENT;
            desc.views[3].texture.image_type = SG_IMAGETYPE_2D;
            desc.views[3].texture.sample_type = SG_IMAGESAMPLETYPE_FLOAT;
            desc.views[3].texture.multisampled = false;
            desc.views[3].texture.hlsl_register_t_n = 2;
            desc.views[4].texture.stage = SG_SHADERSTAGE_FRAGMENT;
            desc.views[4].texture.image_type = SG_IMAGETYPE_2D;
            desc.views[4].texture.sample_type = SG_IMAGESAMPLETYPE_FLOAT;
            desc.views[4].texture.multisampled = false;
            desc.views[4].texture.hlsl_register_t_n = 3;
            desc.samplers[0].stage = SG_SHADERSTAGE_FRAGMENT;
            desc.samplers[0].sampler_type = SG_SAMPLERTYPE_COMPARISON;
            desc.samplers[0].hlsl_register_s_n = 0;
            desc.samplers[1].stage = SG_SHADERSTAGE_FRAGMENT;
            desc.samplers[1].sampler_type = SG_SAMPLERTYPE_FILTERING;
            desc.samplers[1].hlsl_register_s_n = 1;
            desc.samplers[2].stage = SG_SHADERSTAGE_FRAGMENT;
            desc.samplers[2].sampler_type = SG_SAMPLERTYPE_FILTERING;
            desc.samplers[2].hlsl_register_s_n = 2;
            desc.samplers[3].stage = SG_SHADERSTAGE_FRAGMENT;
            desc.samplers[3].sampler_type = SG_SAMPLERTYPE_FILTERING;
            desc.samplers[3].hlsl_register_s_n = 3;
            desc.texture_sampler_pairs[0].stage = SG_SHADERSTAGE_FRAGMENT;
            desc.texture_sampler_pairs[0].view_slot = 4;
            desc.texture_sampler_pairs[0].sampler_slot = 3;
            desc.texture_sampler_pairs[1].stage = SG_SHADERSTAGE_FRAGMENT;
            desc.texture_sampler_pairs[1].view_slot = 1;
            desc.texture_sampler_pairs[1].sampler_slot = 0;
            desc.texture_sampler_pairs[2].stage = SG_SHADERSTAGE_FRAGMENT;
            desc.texture_sampler_pairs[2].view_slot = 2;
            desc.texture_sampler_pairs[2].sampler_slot = 1;
            desc.texture_sampler_pairs[3].stage = SG_SHADERSTAGE_FRAGMENT;
            desc.texture_sampler_pairs[3].view_slot = 3;
            desc.texture_sampler_pairs[3].sampler_slot = 2;
            desc.label = "cube_shader";
        }
        return &desc;
    }
    if (backend == SG_BACKEND_METAL_MACOS) {
        static sg_shader_desc desc;
        static bool valid;
        if (!valid) {
            valid = true;
            desc.vertex_func.source = (const char*)vs_source_metal_macos;
            desc.vertex_func.entry = "main0";
            desc.fragment_func.source = (const char*)fs_source_metal_macos;
            desc.fragment_func.entry = "main0";
            desc.attrs[0].base_type = SG_SHADERATTRBASETYPE_FLOAT;
            desc.uniform_blocks[0].stage = SG_SHADERSTAGE_VERTEX;
            desc.uniform_blocks[0].layout = SG_UNIFORMLAYOUT_STD140;
            desc.uniform_blocks[0].size = 288;
            desc.uniform_blocks[0].msl_buffer_n = 0;
            desc.uniform_blocks[1].stage = SG_SHADERSTAGE_FRAGMENT;
            desc.uniform_blocks[1].layout = SG_UNIFORMLAYOUT_STD140;
            desc.uniform_blocks[1].size = 608;
            desc.uniform_blocks[1].msl_buffer_n = 1;
            desc.uniform_blocks[2].stage = SG_SHADERSTAGE_VERTEX;
            desc.uniform_blocks[2].layout = SG_UNIFORMLAYOUT_STD140;
            desc.uniform_blocks[2].size = 16;
            desc.uniform_blocks[2].msl_buffer_n = 2;
            desc.views[0].storage_buffer.stage = SG_SHADERSTAGE_VERTEX;
            desc.views[0].storage_buffer.readonly = true;
            desc.views[0].storage_buffer.msl_buffer_n = 8;
            desc.views[1].texture.stage = SG_SHADERSTAGE_FRAGMENT;
            desc.views[1].texture.image_type = SG_IMAGETYPE_ARRAY;
            desc.views[1].texture.sample_type = SG_IMAGESAMPLETYPE_DEPTH;
            desc.views[1].texture.multisampled = false;
            desc.views[1].texture.msl_texture_n = 0;
            desc.views[2].texture.stage = SG_SHADERSTAGE_FRAGMENT;
            desc.views[2].texture.image_type = SG_IMAGETYPE_CUBE;
            desc.views[2].texture.sample_type = SG_IMAGESAMPLETYPE_FLOAT;
            desc.views[2].texture.multisampled = false;
            desc.views[2].texture.msl_texture_n = 1;
            desc.views[3].texture.stage = SG_SHADERSTAGE_FRAGMENT;
            desc.views[3].texture.image_type = SG_IMAGETYPE_2D;
            desc.views[3].texture.sample_type = SG_IMAGESAMPLETYPE_FLOAT;
            desc.views[3].texture.multisampled = false;
            desc.views[3].texture.msl_texture_n = 2;
            desc.views[4].texture.stage = SG_SHADERSTAGE_FRAGMENT;
            desc.views[4].texture.image_type = SG_IMAGETYPE_2D;
            desc.views[4].texture.sample_type = SG_IMAGESAMPLETYPE_FLOAT;
            desc.views[4].texture.multisampled = false;
            desc.views[4].texture.msl_texture_n = 3;
            desc.samplers[0].stage = SG_SHADERSTAGE_FRAGMENT;
            desc.samplers[0].sampler_type = SG_SAMPLERTYPE_COMPARISON;
            desc.samplers[0].msl_sampler_n = 0;
            desc.samplers[1].stage = SG_SHADERSTAGE_FRAGMENT;
            desc.samplers[1].sampler_type = SG_SAMPLERTYPE_FILTERING;
            desc.samplers[1].msl_sampler_n = 1;
            desc.samplers[2].stage = SG_SHADERSTAGE_FRAGMENT;
            desc.samplers[2].sampler_type = SG_SAMPLERTYPE_FILTERING;
            desc.samplers[2].msl_sampler_n = 2;
            desc.samplers[3].stage = SG_SHADERSTAGE_FRAGMENT;
            desc.samplers[3].sampler_type = SG_SAMPLERTYPE_FILTERING;
            desc.samplers[3].msl_sampler_n = 3;
            desc.texture_sampler_pairs[0].stage = SG_SHADERSTAGE_FRAGMENT;
            desc.texture_sampler_pairs[0].view_slot = 4;
            desc.texture_sampler_pairs[0].sampler_slot = 3;
            desc.texture_sampler_pairs[1].stage = SG_SHADERSTAGE_FRAGMENT;
            desc.texture_sampler_pairs[1].view_slot = 1;
            desc.texture_sampler_pairs[1].sampler_slot = 0;
            desc.texture_sampler_pairs[2].stage = SG_SHADERSTAGE_FRAGMENT;
            desc.texture_sampler_pairs[2].view_slot = 2;
            desc.texture_sampler_pairs[2].sampler_slot = 1;
            desc.texture_sampler_pairs[3].stage = SG_SHADERSTAGE_FRAGMENT;
            desc.texture_sampler_pairs[3].view_slot = 3;
            desc.texture_sampler_pairs[3].sampler_slot = 2;
            desc.label = "cube_shader";
        }
        return &desc;
    }
    return 0;
}
